{
    "issues_url": "https://api.github.com/repos/hubotio/hubot/issues{/number}", 
    "deployments_url": "https://api.github.com/repos/hubotio/hubot/deployments", 
    "stargazers_count": 13672, 
    "forks_url": "https://api.github.com/repos/hubotio/hubot/forks", 
    "mirror_url": null, 
    "subscription_url": "https://api.github.com/repos/hubotio/hubot/subscription", 
    "notifications_url": "https://api.github.com/repos/hubotio/hubot/notifications{?since,all,participating}", 
    "collaborators_url": "https://api.github.com/repos/hubotio/hubot/collaborators{/collaborator}", 
    "updated_at": "2018-01-16T07:33:00Z", 
    "private": false, 
    "pulls_url": "https://api.github.com/repos/hubotio/hubot/pulls{/number}", 
    "issue_comment_url": "https://api.github.com/repos/hubotio/hubot/issues/comments{/number}", 
    "labels_url": "https://api.github.com/repos/hubotio/hubot/labels{/name}", 
    "has_wiki": false, 
    "full_name": "hubotio/hubot", 
    "owner": {
        "following_url": "https://api.github.com/users/hubotio/following{/other_user}", 
        "events_url": "https://api.github.com/users/hubotio/events{/privacy}", 
        "organizations_url": "https://api.github.com/users/hubotio/orgs", 
        "url": "https://api.github.com/users/hubotio", 
        "gists_url": "https://api.github.com/users/hubotio/gists{/gist_id}", 
        "html_url": "https://github.com/hubotio", 
        "subscriptions_url": "https://api.github.com/users/hubotio/subscriptions", 
        "avatar_url": "https://avatars3.githubusercontent.com/u/10102049?v=4", 
        "repos_url": "https://api.github.com/users/hubotio/repos", 
        "received_events_url": "https://api.github.com/users/hubotio/received_events", 
        "gravatar_id": "", 
        "starred_url": "https://api.github.com/users/hubotio/starred{/owner}{/repo}", 
        "site_admin": false, 
        "login": "hubotio", 
        "type": "Organization", 
        "id": 10102049, 
        "followers_url": "https://api.github.com/users/hubotio/followers"
    }, 
    "statuses_url": "https://api.github.com/repos/hubotio/hubot/statuses/{sha}", 
    "id": 2278524, 
    "keys_url": "https://api.github.com/repos/hubotio/hubot/keys{/key_id}", 
    "description": "A customizable life embetterment robot.", 
    "subscribers_count": 622, 
    "tags_url": "https://api.github.com/repos/hubotio/hubot/tags", 
    "archived": false, 
    "network_count": 3231, 
    "downloads_url": "https://api.github.com/repos/hubotio/hubot/downloads", 
    "assignees_url": "https://api.github.com/repos/hubotio/hubot/assignees{/user}", 
    "contents_url": "https://api.github.com/repos/hubotio/hubot/contents/{+path}", 
    "has_pages": false, 
    "git_refs_url": "https://api.github.com/repos/hubotio/hubot/git/refs{/sha}", 
    "open_issues_count": 29, 
    "has_projects": false, 
    "clone_url": "https://github.com/hubotio/hubot.git", 
    "watchers_count": 13672, 
    "git_tags_url": "https://api.github.com/repos/hubotio/hubot/git/tags{/sha}", 
    "milestones_url": "https://api.github.com/repos/hubotio/hubot/milestones{/number}", 
    "languages_url": "https://api.github.com/repos/hubotio/hubot/languages", 
    "size": 1966, 
    "homepage": "http://hubot.github.com", 
    "fork": false, 
    "commits_url": "https://api.github.com/repos/hubotio/hubot/commits{/sha}", 
    "releases_url": "https://api.github.com/repos/hubotio/hubot/releases{/id}", 
    "issue_events_url": "https://api.github.com/repos/hubotio/hubot/issues/events{/number}", 
    "archive_url": "https://api.github.com/repos/hubotio/hubot/{archive_format}{/ref}", 
    "comments_url": "https://api.github.com/repos/hubotio/hubot/comments{/number}", 
    "events_url": "https://api.github.com/repos/hubotio/hubot/events", 
    "contributors_url": "https://api.github.com/repos/hubotio/hubot/contributors", 
    "html_url": "https://github.com/hubotio/hubot", 
    "forks": 3231, 
    "compare_url": "https://api.github.com/repos/hubotio/hubot/compare/{base}...{head}", 
    "open_issues": 29, 
    "watchers": 13672, 
    "git_url": "git://github.com/hubotio/hubot.git", 
    "svn_url": "https://github.com/hubotio/hubot", 
    "merges_url": "https://api.github.com/repos/hubotio/hubot/merges", 
    "has_issues": true, 
    "ssh_url": "git@github.com:hubotio/hubot.git", 
    "blobs_url": "https://api.github.com/repos/hubotio/hubot/git/blobs{/sha}", 
    "git_commits_url": "https://api.github.com/repos/hubotio/hubot/git/commits{/sha}", 
    "hooks_url": "https://api.github.com/repos/hubotio/hubot/hooks", 
    "has_downloads": true, 
    "license": {
        "spdx_id": "MIT", 
        "url": "https://api.github.com/licenses/mit", 
        "name": "MIT License", 
        "key": "mit"
    }, 
    "name": "hubot", 
    "language": "JavaScript", 
    "url": "https://api.github.com/repos/hubotio/hubot", 
    "created_at": "2011-08-27T08:30:59Z", 
    "pushed_at": "2018-01-10T04:24:40Z", 
    "forks_count": 3231, 
    "default_branch": "master", 
    "teams_url": "https://api.github.com/repos/hubotio/hubot/teams", 
    "trees_url": "https://api.github.com/repos/hubotio/hubot/git/trees{/sha}", 
    "organization": {
        "following_url": "https://api.github.com/users/hubotio/following{/other_user}", 
        "events_url": "https://api.github.com/users/hubotio/events{/privacy}", 
        "organizations_url": "https://api.github.com/users/hubotio/orgs", 
        "url": "https://api.github.com/users/hubotio", 
        "gists_url": "https://api.github.com/users/hubotio/gists{/gist_id}", 
        "html_url": "https://github.com/hubotio", 
        "subscriptions_url": "https://api.github.com/users/hubotio/subscriptions", 
        "avatar_url": "https://avatars3.githubusercontent.com/u/10102049?v=4", 
        "repos_url": "https://api.github.com/users/hubotio/repos", 
        "received_events_url": "https://api.github.com/users/hubotio/received_events", 
        "gravatar_id": "", 
        "starred_url": "https://api.github.com/users/hubotio/starred{/owner}{/repo}", 
        "site_admin": false, 
        "login": "hubotio", 
        "type": "Organization", 
        "id": 10102049, 
        "followers_url": "https://api.github.com/users/hubotio/followers"
    }, 
    "branches_url": "https://api.github.com/repos/hubotio/hubot/branches{/branch}", 
    "subscribers_url": "https://api.github.com/repos/hubotio/hubot/subscribers", 
    "stargazers_url": "https://api.github.com/repos/hubotio/hubot/stargazers"
}