pull_request,number_of_commits,number_of_comments,number_of_reviews,user_type,user_login,merged_at
1396,1,0,0,Volunteers,jaythomas,2017-10-14T14:57:01Z
1395,1,0,0,Volunteers,Eliada,2017-10-11T05:50:52Z
1391,1,0,0,Volunteers,rodrigoaguilera,2017-09-16T14:53:07Z
1390,2,0,0,Volunteers,slawekzachcial,2017-09-16T15:26:21Z
1381,2,0,0,Volunteers,coryallegory,2017-08-05T03:48:24Z
1372,2,0,0,Volunteers,lornajane,2017-08-05T03:14:59Z
1364,1,1,0,Volunteers,gr2m,2017-06-29T15:18:13Z
1361,8,3,0,Volunteers,gr2m,2017-06-28T16:20:47Z
1360,2,7,0,Volunteers,gr2m,2017-06-26T22:07:44Z
1359,2,0,2,Volunteers,gr2m,2017-06-28T15:29:09Z
1358,1,0,2,Volunteers,gr2m,2017-06-26T22:40:05Z
1357,2,2,0,Volunteers,gr2m,2017-06-26T16:27:58Z
1353,1,2,0,Employees,technicalpickles,2017-06-23T21:46:30Z
1352,1,0,2,Volunteers,gr2m,2017-06-13T14:03:26Z
1350,4,1,1,Volunteers,espy,2017-06-12T17:57:43Z
1349,1,0,1,Volunteers,gr2m,2017-06-13T09:27:02Z
1348,1,2,0,Volunteers,gr2m,2017-06-07T15:53:59Z
1347,7,16,5,Volunteers,gr2m,2017-06-09T13:46:03Z
1345,1,0,1,Volunteers,gr2m,2017-05-31T13:16:07Z
1344,1,1,0,Employees,bkeepers,2017-05-30T02:26:25Z
1343,4,0,3,Employees,bkeepers,2017-05-24T22:49:35Z
1340,21,0,3,Employees,bkeepers,2017-05-23T23:06:39Z
1337,1,0,0,Employees,bkeepers,2017-05-20T16:35:23Z
1336,2,2,0,Employees,bkeepers,2017-05-20T19:34:26Z
1335,4,8,0,Employees,bkeepers,2017-05-30T02:50:43Z
1334,3,3,0,Employees,LindseyB,2017-05-18T17:50:51Z
1332,3,1,8,Volunteers,mose,2017-05-19T02:45:35Z
1329,3,1,0,Volunteers,jbosse,2017-05-13T18:50:15Z
1328,1,1,0,Employees,technicalpickles,2017-05-13T20:06:37Z
1326,1,0,4,Employees,bkeepers,2017-05-13T20:05:46Z
1323,2,0,1,Employees,bkeepers,2017-05-12T15:26:06Z
1321,2,3,0,Employees,bkeepers,2017-05-11T16:10:39Z
1320,2,1,0,Employees,bkeepers,2017-05-10T23:59:37Z
1317,1,1,0,Volunteers,Sirius-A,2017-05-08T12:43:21Z
1312,1,0,0,Employees,bkeepers,2017-04-30T16:13:40Z
1309,4,0,0,Employees,benbalter,2017-05-01T13:06:32Z
1290,2,1,0,Volunteers,maxkoryukov,2017-05-08T01:32:30Z
1289,2,0,0,Volunteers,makii42,2017-05-24T03:22:45Z
1286,1,2,0,Volunteers,mose,2017-05-11T03:32:41Z
1272,1,1,0,Volunteers,Hbrinj,2017-04-30T23:45:54Z
1255,3,0,2,Volunteers,ksatirli,2017-04-30T23:48:14Z
1240,1,1,0,Volunteers,notpeter,2017-04-30T23:50:14Z
1214,1,0,0,Volunteers,tas50,2017-05-01T00:21:24Z
1209,1,1,0,Volunteers,denisvm,2017-05-23T22:52:23Z
1189,1,1,0,Volunteers,ouadie-lahdioui,2016-05-14T19:15:56Z
1185,1,0,0,Employees,technicalpickles,2016-05-06T23:12:35Z
1166,1,1,0,Volunteers,MrSaints,2016-05-06T22:53:35Z
1161,4,6,2,Volunteers,twellspring,2017-05-01T00:06:01Z
1151,2,0,5,Volunteers,pchaigno,2017-05-01T00:32:08Z
1150,1,1,0,Volunteers,gasolin,2017-05-01T00:30:29Z
1149,1,2,0,Volunteers,loafoe,2016-03-21T15:19:56Z
1148,1,1,0,Volunteers,akameco,2016-05-06T22:56:52Z
1147,1,1,0,Volunteers,KasperDeng,2016-05-06T22:55:40Z
1135,1,1,0,Volunteers,MonicaG,2016-02-25T22:59:30Z
1133,1,1,0,Employees,technicalpickles,2016-02-25T23:00:29Z
1130,1,2,0,Volunteers,pra85,2016-02-26T19:50:30Z
1123,1,4,0,Volunteers,xt0rted,2016-02-26T00:08:12Z
1122,1,1,0,Volunteers,shaunkawano,2016-01-20T13:50:01Z
1121,2,0,0,Employees,technicalpickles,2016-01-20T18:49:22Z
1120,2,0,0,Employees,technicalpickles,2016-01-20T03:47:10Z
1119,2,3,0,Volunteers,sgerrand,2016-01-20T03:56:27Z
1116,1,1,0,Volunteers,jackmawer,2016-01-20T03:36:39Z
1114,1,0,0,Employees,technicalpickles,2016-01-09T00:11:33Z
1111,1,2,0,Employees,technicalpickles,2016-01-20T03:37:04Z
1109,1,2,1,Employees,technicalpickles,2016-01-20T03:38:06Z
1106,3,3,4,Volunteers,gotchahn,2017-05-24T03:17:54Z
1103,1,0,0,Volunteers,aqnouch,2016-01-08T23:34:57Z
1101,1,1,0,Volunteers,cycomachead,2016-01-08T23:45:50Z
1099,1,2,0,Volunteers,philnash,2016-01-08T23:48:41Z
1097,1,1,0,Volunteers,EllisV,2016-01-09T00:08:50Z
1095,2,2,0,Volunteers,kauffecup,2016-01-20T03:38:23Z
1094,2,3,0,Volunteers,mdelagrange,2016-01-08T23:55:12Z
1092,1,1,0,Volunteers,jbick,2016-01-09T00:14:15Z
1083,3,1,0,Volunteers,bhuga,2015-11-13T18:54:58Z
1081,3,7,0,Volunteers,bhuga,2016-01-20T03:45:01Z
1077,3,2,0,Volunteers,scboucher,2015-11-13T02:16:43Z
1074,1,5,1,Volunteers,msabramo,2015-10-27T23:14:26Z
1069,2,9,0,Employees,technicalpickles,2015-11-12T20:35:09Z
1068,5,5,1,Volunteers,scboucher,2015-10-22T20:31:53Z
1052,1,4,0,Employees,technicalpickles,2016-01-20T03:46:37Z
1049,1,3,0,Volunteers,doque,2015-09-15T20:25:23Z
1042,1,1,0,Volunteers,xuoe,2015-08-31T13:45:17Z
1041,3,1,0,Volunteers,davidkassa,2015-10-09T17:22:40Z
1039,1,0,0,Volunteers,danielcompton,2015-08-28T13:41:31Z
1038,2,1,0,Volunteers,bhuga,2015-08-26T05:43:25Z
1037,1,2,0,Volunteers,michaelansel,2015-08-26T01:18:00Z
1035,2,1,0,Employees,technicalpickles,2015-08-24T16:53:29Z
1033,1,0,0,Employees,bkeepers,2015-08-24T14:01:01Z
1032,4,0,0,Volunteers,michaelansel,2015-08-24T14:05:15Z
1030,1,6,0,Volunteers,michaelansel,2015-08-14T16:57:54Z
1028,1,2,2,Volunteers,michaelansel,2015-08-13T22:44:58Z
1021,12,19,6,Volunteers,bhuga,2015-11-12T20:29:15Z
1020,1,3,0,Volunteers,bhuga,2015-08-14T21:07:26Z
1019,14,10,53,Volunteers,bhuga,2015-08-24T16:05:25Z
1017,2,1,0,Volunteers,kristenmills,2015-08-04T00:30:29Z
1016,1,12,0,Volunteers,michaelansel,2015-07-31T19:44:34Z
1012,2,6,2,Volunteers,alininja,2015-10-09T19:50:55Z
1011,1,1,0,Volunteers,sdimkov,2015-08-12T20:25:42Z
1007,2,2,0,Volunteers,MyvarHD,2015-07-13T22:20:17Z
1006,2,1,0,Volunteers,jennifersmith,2015-07-10T20:16:37Z
1005,1,1,0,Employees,bkeepers,2015-07-20T04:38:19Z
1004,2,3,1,Volunteers,sdimkov,2015-07-17T20:33:17Z
1003,2,7,0,Volunteers,sdimkov,2015-08-24T15:03:08Z
999,1,1,0,Volunteers,sdimkov,2015-07-02T02:37:09Z
993,1,6,0,Volunteers,arcturial,2015-07-06T16:45:49Z
991,1,1,0,Volunteers,jexe,2015-06-24T22:26:22Z
986,6,12,17,Volunteers,michaelansel,2015-08-24T14:56:09Z
984,8,6,23,Volunteers,uugengiven,2015-08-24T15:21:25Z
982,1,2,0,Employees,bkeepers,2015-06-20T13:36:29Z
981,1,5,0,Volunteers,michaelansel,2015-06-12T20:50:01Z
980,1,1,0,Volunteers,jasonkarns,2015-06-12T01:38:23Z
978,19,16,2,Volunteers,jasonkarns,2017-05-23T23:06:42Z
975,2,7,2,Volunteers,michaelansel,2015-06-10T22:49:26Z
974,1,1,0,Volunteers,bhuga,2015-06-10T01:06:39Z
973,1,1,0,Volunteers,Sing-Li,2015-06-09T21:56:25Z
971,4,13,6,Volunteers,geoffreyanderson,2015-06-22T21:10:49Z
970,6,9,1,Employees,bkeepers,2016-05-06T22:59:01Z
969,2,0,3,Employees,technicalpickles,2015-06-09T02:29:11Z
967,1,1,0,Volunteers,sdimkov,2015-06-08T15:53:12Z
966,1,2,0,Employees,gjtorikian,2015-06-05T20:43:07Z
964,2,0,0,Employees,technicalpickles,2015-06-05T19:39:54Z
962,1,1,0,Employees,bkeepers,2015-06-05T17:42:41Z
961,1,1,0,Employees,bkeepers,2015-06-04T20:25:43Z
959,1,1,0,Employees,bkeepers,2015-06-04T01:44:48Z
956,14,2,13,Employees,bkeepers,2015-06-05T19:28:20Z
955,1,9,4,Volunteers,praseodym,2015-06-10T22:14:44Z
951,1,2,0,Volunteers,pdehaan,2015-06-01T18:13:37Z
947,1,0,0,Volunteers,pauliwang,2015-05-26T16:33:27Z
945,1,1,0,Volunteers,adamgross42,2015-06-04T15:16:51Z
944,1,0,0,Volunteers,adamgross42,2015-05-26T17:18:14Z
942,1,0,0,Volunteers,adamgross42,2015-05-26T17:17:57Z
938,1,1,2,Volunteers,ta1kt0me,2015-06-08T15:50:00Z
935,1,3,0,Volunteers,jcbantuelle,2015-05-14T19:16:18Z
931,1,1,0,Volunteers,petedmarsh,2015-06-08T15:55:01Z
929,1,1,0,Volunteers,sdimkov,2015-04-28T14:37:09Z
927,1,6,0,Volunteers,sdimkov,2015-06-08T15:52:56Z
926,1,1,0,Volunteers,michaelansel,2015-04-27T17:40:56Z
918,1,4,0,Volunteers,ChrisLundquist,2015-04-10T21:02:25Z
915,1,0,0,Employees,technicalpickles,2015-04-03T21:47:35Z
914,2,3,0,Employees,technicalpickles,2015-04-03T21:31:43Z
908,1,1,0,Employees,keithduncan,2015-04-03T21:34:49Z
906,1,0,0,Employees,technicalpickles,2015-03-23T19:42:47Z
905,1,0,0,Employees,technicalpickles,2015-03-23T19:30:27Z
903,3,5,4,Volunteers,michaelansel,2015-06-05T19:08:45Z
899,1,8,1,Volunteers,Taytay,2015-04-03T21:02:52Z
898,2,2,0,Volunteers,100ideas,2015-03-23T15:56:18Z
889,1,0,0,Volunteers,mcmahoniel,2015-03-18T15:13:31Z
888,2,7,0,Volunteers,geoffreyanderson,2015-04-03T21:36:12Z
887,1,0,0,Employees,technicalpickles,2015-03-13T21:02:03Z
886,1,0,0,Employees,technicalpickles,2015-03-13T20:56:53Z
885,2,0,0,Employees,technicalpickles,2015-03-13T20:29:24Z
884,6,3,0,Volunteers,michaelansel,2015-06-05T19:17:11Z
883,11,6,8,Employees,leefaus,2015-03-19T18:10:17Z
882,3,0,2,Employees,technicalpickles,2015-03-13T17:49:12Z
881,7,3,5,Employees,technicalpickles,2015-03-13T00:43:07Z
879,1,0,0,Employees,technicalpickles,2015-03-12T02:36:43Z
877,14,2,12,Employees,technicalpickles,2015-03-13T19:48:47Z
876,1,1,0,Employees,technicalpickles,2015-03-07T00:34:47Z
870,3,0,1,Employees,technicalpickles,2015-02-20T18:40:01Z
869,1,0,0,Volunteers,afeld,2015-02-17T15:27:29Z
867,2,5,0,Employees,technicalpickles,2015-02-17T16:51:05Z
865,1,0,0,Volunteers,hhaidar,2015-02-17T01:13:45Z
864,1,0,0,Volunteers,michaelansel,2015-02-20T16:13:39Z
857,2,5,1,Volunteers,ablwr,2015-02-11T21:19:30Z
856,1,0,0,Employees,technicalpickles,2015-01-30T23:20:58Z
849,1,0,0,Volunteers,anroots,2015-01-23T18:04:18Z
848,1,2,0,Volunteers,aroben,2015-02-17T01:11:50Z
842,1,2,0,Volunteers,xrd,2015-01-05T17:20:14Z
840,2,1,0,Employees,technicalpickles,2014-12-22T22:23:23Z
839,3,4,3,Volunteers,todd,2015-03-07T00:26:06Z
837,1,0,0,Employees,technicalpickles,2014-12-22T21:05:27Z
836,6,1,0,Employees,technicalpickles,2014-12-22T17:06:00Z
835,2,0,0,Employees,technicalpickles,2014-12-22T16:35:21Z
832,1,0,0,Volunteers,brianshumate,2014-12-19T23:02:07Z
831,1,7,0,Volunteers,kballard,2014-12-22T21:48:50Z
825,1,0,0,Employees,technicalpickles,2014-12-05T23:07:30Z
824,3,3,0,Employees,keithduncan,2014-12-05T21:09:22Z
820,1,2,0,Volunteers,stkent,2014-11-20T20:06:40Z
819,1,3,0,Volunteers,akiomik,2014-11-25T22:58:26Z
818,1,2,0,Volunteers,JrGoodle,2014-11-17T15:34:03Z
817,1,0,0,Volunteers,TheIronMarx,2014-11-07T17:30:16Z
816,1,0,0,Volunteers,benodom,2014-11-06T18:56:58Z
814,4,0,0,Employees,technicalpickles,2014-11-07T23:56:45Z
810,1,0,0,Employees,technicalpickles,2014-10-29T15:38:16Z
809,1,0,0,Employees,technicalpickles,2014-10-29T15:24:44Z
808,1,2,0,Employees,technicalpickles,2014-10-29T14:23:05Z
806,1,4,0,Volunteers,tombell,2014-10-29T14:09:33Z
805,1,2,0,Volunteers,MrSaints,2014-10-27T17:58:45Z
803,54,61,51,Volunteers,michaelansel,2015-07-30T22:11:33Z
802,1,0,0,Employees,technicalpickles,2014-10-23T19:47:27Z
801,9,13,11,Volunteers,michaelansel,2015-06-05T19:27:14Z
800,26,2,0,Employees,technicalpickles,2014-12-05T22:29:20Z
797,2,0,0,Employees,technicalpickles,2014-10-21T00:14:09Z
796,1,0,0,Employees,technicalpickles,2014-10-20T11:43:21Z
795,1,2,0,Volunteers,rantrix,2014-10-29T14:36:08Z
794,1,4,0,Volunteers,ahayworth,2014-10-29T14:48:20Z
793,2,0,0,Employees,technicalpickles,2014-10-16T21:20:15Z
791,2,1,0,Volunteers,aroben,2014-10-16T21:01:17Z
788,1,1,1,Volunteers,kevinsimper,2015-02-13T23:00:24Z
784,1,0,0,Volunteers,sethjackson,2014-10-08T14:06:05Z
776,1,0,0,Employees,technicalpickles,2014-09-25T00:50:26Z
769,1,2,0,Volunteers,unok,2014-09-25T00:17:10Z
764,8,29,0,Employees,technicalpickles,2014-10-20T11:38:00Z
762,1,2,0,Volunteers,bouzuya,2014-10-29T15:03:52Z
756,1,0,0,Volunteers,packetmonkey,2014-09-03T20:48:59Z
754,1,0,0,Volunteers,tspascoal,2014-08-29T18:06:07Z
750,1,1,0,Volunteers,charlie-hadden,2014-08-22T13:31:45Z
749,1,0,0,Employees,technicalpickles,2014-08-22T04:32:04Z
748,10,4,0,Employees,technicalpickles,2014-09-25T00:42:53Z
747,3,0,0,Employees,technicalpickles,2014-08-22T01:36:29Z
746,3,6,0,Employees,technicalpickles,2014-08-22T01:25:08Z
745,1,0,0,Volunteers,jjasghar,2014-08-19T15:02:46Z
743,1,0,0,Volunteers,huafu,2014-08-18T15:33:30Z
737,1,1,0,Volunteers,rsanheim,2014-08-07T18:29:41Z
736,1,0,0,Employees,technicalpickles,2014-07-24T15:16:19Z
732,2,2,0,Employees,technicalpickles,2014-07-24T14:30:03Z
720,7,4,6,Employees,parkr,2014-07-24T15:07:12Z
712,1,0,0,Volunteers,ngs,2014-06-12T21:36:01Z
708,1,7,5,Volunteers,softarn,2014-06-10T18:28:27Z
703,1,0,0,Volunteers,tricknotes,2014-05-19T21:36:31Z
702,1,0,0,Employees,technicalpickles,2014-05-15T13:43:24Z
701,2,0,0,Employees,technicalpickles,2014-05-15T13:28:04Z
699,2,1,0,Employees,technicalpickles,2014-05-15T13:18:32Z
697,1,2,0,Volunteers,thiagogabriel,2014-05-19T14:41:43Z
696,1,0,0,Volunteers,canadianveggie,2014-05-19T13:36:03Z
695,1,4,0,Volunteers,dblandin,2014-05-19T13:29:17Z
689,1,2,0,Employees,technicalpickles,2014-04-20T22:32:00Z
678,5,6,3,Volunteers,ajkerr,2017-05-20T16:11:23Z
677,1,1,0,Volunteers,miyagawa,2014-04-01T21:48:10Z
671,1,0,0,Volunteers,Restuta,2014-03-24T19:16:54Z
667,1,9,0,Volunteers,jbr,2014-04-15T17:55:57Z
663,1,6,0,Volunteers,atmos,2014-03-05T06:43:11Z
661,1,3,0,Volunteers,lusis,2014-03-10T15:40:11Z
660,2,3,1,Volunteers,ymendel,2014-10-16T21:01:06Z
654,1,1,2,Volunteers,adamvduke,2014-02-17T19:08:44Z
642,1,0,0,Volunteers,thogg4,2014-01-31T17:28:42Z
641,1,0,0,Volunteers,khellang,2014-01-28T16:46:45Z
640,1,1,0,Volunteers,tricknotes,2014-01-24T17:01:49Z
637,2,1,0,Volunteers,tricknotes,2014-01-20T18:48:30Z
636,1,1,0,Volunteers,searls,2014-01-15T15:35:42Z
635,1,0,0,Volunteers,tricknotes,2014-01-15T22:58:49Z
634,1,0,0,Volunteers,tricknotes,2014-01-14T15:17:31Z
633,1,0,0,Volunteers,spajus,2014-01-13T17:08:06Z
632,1,1,0,Volunteers,spajus,2014-01-10T16:21:39Z
631,1,0,0,Volunteers,vinbarnes,2014-01-08T18:18:41Z
629,1,0,0,Volunteers,xhan,2014-01-01T19:21:53Z
628,3,4,0,Volunteers,joshuarubin,2014-01-10T16:09:20Z
627,2,1,0,Employees,technicalpickles,2013-12-31T23:00:43Z
625,1,0,0,Employees,technicalpickles,2013-12-31T18:13:26Z
624,5,0,0,Employees,technicalpickles,2013-12-31T18:00:51Z
620,1,0,0,Volunteers,davereid,2013-12-20T16:13:02Z
618,1,2,0,Volunteers,akiomik,2013-12-16T04:17:24Z
617,1,0,0,Volunteers,aendrew,2013-12-12T14:57:54Z
609,2,6,0,Volunteers,smerrill,2013-12-17T15:23:27Z
601,1,1,0,Employees,technicalpickles,2013-10-29T21:26:53Z
600,1,0,0,Volunteers,wingrunr21,2013-10-29T21:34:06Z
599,1,4,0,Volunteers,cannikin,2013-12-31T18:30:17Z
592,1,1,0,Employees,mgriffin,2013-10-04T18:48:01Z
590,1,0,0,Volunteers,pawelrychlik,2013-09-26T23:20:34Z
585,2,0,0,Employees,simonsj,2013-09-17T20:12:18Z
583,1,0,0,Volunteers,spajus,2013-09-11T23:22:09Z
582,1,0,0,Volunteers,vanetix,2013-09-10T21:35:50Z
579,1,1,0,Volunteers,balbeko,2013-08-25T10:30:43Z
578,1,0,0,Volunteers,thiagopnts,2013-08-24T22:26:16Z
576,2,1,0,Volunteers,commadelimited,2013-08-16T14:13:55Z
575,7,9,13,Volunteers,balbeko,2013-08-15T23:04:45Z
572,1,1,0,Volunteers,pseudomuto,2013-08-15T14:17:42Z
570,120,0,0,Volunteers,tombell,2013-08-13T17:33:29Z
569,4,0,0,Volunteers,jhubert,2013-08-13T17:35:43Z
566,2,0,2,Volunteers,jhubert,2013-08-10T23:18:06Z
563,1,0,0,Volunteers,tombell,2013-08-09T19:08:13Z
562,5,2,0,Volunteers,tombell,2013-08-12T17:57:30Z
560,1,4,0,Volunteers,nwest,2013-08-09T19:05:21Z
559,1,3,0,Volunteers,tombell,2013-08-08T14:19:24Z
558,1,1,0,Volunteers,nwest,2013-08-07T19:07:33Z
557,4,5,0,Volunteers,tombell,2013-08-09T16:34:35Z
555,1,1,0,Volunteers,felixdv,2013-08-06T17:46:38Z
554,1,0,0,Volunteers,tombell,2013-07-31T17:20:28Z
553,2,0,0,Volunteers,tombell,2013-07-29T17:59:55Z
548,1,1,0,Volunteers,preflightsiren,2013-08-16T18:43:39Z
547,1,1,0,Volunteers,knomedia,2013-07-26T02:47:15Z
546,2,14,0,Volunteers,halkeye,2013-08-10T12:03:55Z
545,1,1,0,Volunteers,needcaffeine,2013-07-25T03:56:43Z
543,1,1,0,Volunteers,balbeko,2013-07-24T03:04:36Z
540,1,0,0,Volunteers,bartolsthoorn,2013-07-22T14:24:04Z
539,21,3,0,Employees,technicalpickles,2013-07-21T19:22:22Z
538,1,0,0,Volunteers,tombell,2013-07-21T16:01:35Z
536,1,1,0,Volunteers,bartolsthoorn,2013-07-21T01:18:50Z
535,4,0,0,Volunteers,tombell,2013-07-21T14:58:56Z
533,1,0,0,Employees,technicalpickles,2013-07-19T20:20:48Z
532,1,2,0,Employees,technicalpickles,2013-07-19T20:08:48Z
524,1,0,0,Volunteers,rileytg,2013-06-26T21:31:17Z
520,2,0,0,Volunteers,timclipsham,2013-06-22T12:39:48Z
515,4,1,0,Volunteers,bhuga,2013-06-12T23:57:09Z
512,2,7,2,Volunteers,brentc,2013-06-10T20:27:03Z
509,1,0,0,Volunteers,mizzy,2013-06-10T14:04:55Z
508,1,1,0,Volunteers,tfausak,2013-06-08T22:34:31Z
505,1,0,0,Volunteers,jacksonhull,2013-06-06T08:32:27Z
503,1,0,0,Volunteers,aroben,2013-05-22T14:57:04Z
500,1,0,0,Volunteers,maxgoedjen,2013-05-14T13:28:49Z
497,1,5,0,Volunteers,aaronj1335,2013-05-08T16:18:02Z
496,2,1,0,Volunteers,ronaldevers,2013-05-07T11:54:13Z
491,2,1,4,Employees,brntbeer,2013-05-01T14:55:04Z
490,1,4,0,Volunteers,aroben,2013-04-29T15:29:39Z
489,1,0,0,Volunteers,shiwano,2013-05-01T14:55:50Z
483,1,0,0,Volunteers,dianakhuang,2013-04-23T18:32:07Z
482,1,0,0,Volunteers,kch,2013-04-23T10:50:10Z
481,1,0,0,Volunteers,rafaelfranca,2013-04-22T09:01:20Z
479,1,0,0,Volunteers,rafaelfranca,2013-04-18T12:23:25Z
475,2,0,0,Volunteers,tombell,2013-04-11T10:13:21Z
472,1,0,0,Volunteers,JetFault,2013-04-09T07:36:47Z
466,2,0,0,Volunteers,apolishch,2013-04-05T19:26:25Z
462,1,0,0,Volunteers,pcarrier,2013-04-03T11:31:27Z
460,1,0,0,Volunteers,bhardin,2013-03-29T23:48:54Z
459,1,2,0,Volunteers,ZachBeta,2013-03-29T19:04:38Z
458,1,0,0,Volunteers,ZachBeta,2013-03-29T17:49:47Z
457,1,0,0,Volunteers,creatorrr,2013-03-29T06:13:46Z
455,1,0,0,Volunteers,creatorrr,2013-03-28T09:01:55Z
454,1,0,0,Volunteers,kyleslattery,2013-03-27T21:37:02Z
452,1,0,0,Volunteers,creatorrr,2013-03-25T21:19:01Z
451,1,0,0,Volunteers,creatorrr,2013-03-25T17:50:07Z
450,1,0,0,Volunteers,busbyjon,2013-03-25T16:16:23Z
449,1,0,0,Volunteers,kashyapp,2013-03-25T06:50:02Z
447,5,3,4,Volunteers,creatorrr,2013-03-25T12:58:06Z
446,3,11,8,Volunteers,creatorrr,2013-03-24T02:55:36Z
445,2,1,0,Volunteers,kashyapp,2013-03-23T10:57:24Z
436,4,0,0,Volunteers,tombell,2013-03-14T14:16:07Z
435,1,0,0,Volunteers,francois2metz,2013-03-14T14:18:39Z
432,5,1,0,Employees,technicalpickles,2013-03-10T22:03:03Z
429,86,33,25,Employees,technicalpickles,2013-07-19T15:57:26Z
426,1,0,0,Volunteers,stevenklise,2013-03-01T22:10:32Z
424,2,6,7,Volunteers,cupakromer,2013-03-08T23:08:56Z
422,1,0,0,Volunteers,philippbeckmann,2013-02-26T18:54:25Z
421,1,0,0,Volunteers,omares,2013-02-26T18:57:12Z
419,1,2,0,Volunteers,justincampbell,2013-02-22T18:56:07Z
414,1,1,0,Volunteers,OleMchls,2013-02-16T01:23:28Z
408,2,0,0,Volunteers,pgib,2013-02-08T15:19:50Z
406,1,0,0,Volunteers,ctborg,2013-02-04T20:33:39Z
403,1,0,0,Volunteers,haf,2013-01-31T20:52:41Z
402,1,1,0,Volunteers,tombell,2013-01-22T18:25:17Z
394,1,2,0,Volunteers,omega,2013-01-17T10:26:17Z
393,3,2,2,Volunteers,x1a0,2013-01-17T09:05:45Z
390,1,0,0,Volunteers,x1a0,2013-01-15T12:30:30Z
388,3,4,0,Volunteers,tombell,2013-01-11T23:42:20Z
387,6,0,0,Volunteers,tombell,2013-01-11T21:47:29Z
385,31,3,0,Volunteers,tombell,2013-01-11T20:06:24Z
383,1,0,0,Volunteers,aroben,2013-01-09T22:53:47Z
381,1,0,0,Volunteers,numbcoder,2013-01-09T23:19:51Z
380,1,2,0,Volunteers,strugee,2012-12-27T06:55:27Z
376,1,1,0,Volunteers,kavu,2013-01-09T23:26:34Z
370,1,1,0,Volunteers,danehammer,2013-01-10T21:36:56Z
361,1,1,0,Volunteers,voidlily,2012-10-27T04:26:08Z
355,1,3,0,Volunteers,cjbottaro,2013-01-10T22:55:35Z
344,8,22,4,Volunteers,OleMchls,2013-02-16T17:15:47Z
341,1,3,0,Volunteers,marsam,2012-09-08T20:27:32Z
336,1,1,0,Volunteers,elmoeleven,2012-08-23T05:46:28Z
335,1,0,0,Volunteers,Seldaek,2012-09-08T19:25:32Z
334,2,1,0,Employees,keithduncan,2013-01-10T22:41:15Z
330,1,0,0,Volunteers,ferlores,2012-08-03T17:53:31Z
328,1,1,0,Volunteers,sopel,2012-08-02T20:11:26Z
327,1,1,0,Volunteers,futuraprime,2012-07-31T05:31:24Z
322,1,1,0,Volunteers,ferlores,2012-07-27T12:19:20Z
317,1,0,0,Volunteers,ferlores,2012-07-14T21:55:32Z
313,2,1,0,Volunteers,tombell,2012-07-17T17:20:37Z
310,1,0,0,Volunteers,ejfinneran,2012-07-04T01:35:50Z
309,1,3,0,Volunteers,elliotttf,2012-06-26T00:42:31Z
304,1,0,0,Volunteers,travisjeffery,2012-06-07T20:26:07Z
302,1,0,3,Volunteers,travisjeffery,2012-06-07T20:11:01Z
299,1,0,0,Employees,technicalpickles,2012-05-31T02:52:50Z
298,1,3,0,Employees,technicalpickles,2012-05-31T02:53:17Z
296,1,0,0,Volunteers,tombell,2012-05-30T17:48:05Z
294,8,0,0,Volunteers,tombell,2012-05-26T21:24:07Z
291,1,0,0,Employees,technicalpickles,2012-05-17T00:40:43Z
290,1,3,0,Employees,technicalpickles,2012-05-23T19:55:34Z
285,1,0,0,Employees,technicalpickles,2012-05-13T21:31:51Z
283,4,0,0,Volunteers,elliotttf,2012-05-10T18:23:22Z
282,2,1,0,Volunteers,elliotttf,2012-05-10T16:19:08Z
278,1,0,0,Volunteers,jimeh,2012-04-20T08:28:17Z
276,1,3,0,Volunteers,iangreenleaf,2012-04-17T19:09:51Z
274,1,0,0,Volunteers,jimeh,2012-04-15T11:39:18Z
273,3,0,0,Volunteers,jimeh,2012-04-15T11:39:00Z
272,1,0,0,Volunteers,jimeh,2012-04-14T21:34:01Z
270,4,1,3,Volunteers,tombell,2012-04-14T01:43:51Z
261,1,0,0,Employees,jonmagic,2012-03-24T22:45:47Z
257,2,0,0,Volunteers,christierney,2012-03-20T23:48:36Z
253,1,0,0,Volunteers,kylev,2012-03-05T23:01:39Z
247,1,0,0,Volunteers,franc,2012-02-20T20:27:34Z
243,1,0,0,Employees,sbryant,2012-02-13T04:53:35Z
242,1,0,0,Volunteers,thomaschaaf,2012-02-12T21:59:40Z
241,1,0,0,Volunteers,jonklo,2012-02-10T19:06:18Z
237,2,4,0,Volunteers,tombell,2012-02-10T19:06:33Z
229,2,0,0,Volunteers,ejfinneran,2012-01-28T00:35:55Z
228,1,0,0,Volunteers,titanous,2012-01-25T16:52:09Z
224,1,0,0,Employees,kevinsawicki,2012-01-10T01:25:59Z
220,5,25,0,Employees,sbryant,2012-02-12T15:52:27Z
219,17,1,0,Volunteers,atmos,2012-01-12T14:58:12Z
218,3,4,0,Volunteers,atmos,2011-12-24T05:13:36Z
217,1,0,0,Volunteers,schisamo,2011-12-22T22:27:36Z
211,1,0,0,Volunteers,smgt,2011-12-15T19:53:38Z
210,2,11,0,Volunteers,sapegin,2011-12-15T20:47:22Z
208,1,4,0,Volunteers,ejfinneran,2011-12-14T17:41:07Z
206,1,0,0,Volunteers,markstory,2011-12-08T19:19:16Z
204,2,0,0,Volunteers,horaceko,2011-12-07T08:14:49Z
199,1,0,0,Volunteers,DavidWittman,2011-12-01T08:36:33Z
198,1,3,0,Volunteers,trumbitta,2011-11-30T16:36:29Z
195,1,0,0,Volunteers,alexwhitman,2011-11-27T15:08:55Z
192,2,0,0,Volunteers,tombell,2011-11-24T16:15:16Z
191,1,0,0,Volunteers,ejfinneran,2011-11-24T02:04:51Z
190,5,0,0,Volunteers,iangreenleaf,2011-11-24T02:04:26Z
188,1,1,0,Volunteers,tombell,2011-11-22T22:47:16Z
184,1,0,0,Volunteers,igorgue,2011-11-20T20:58:46Z
183,1,0,0,Volunteers,occ,2011-11-17T03:42:32Z
182,1,0,0,Volunteers,ivey,2011-11-17T02:41:55Z
179,1,0,0,Volunteers,pescuma,2011-11-16T20:30:17Z
178,1,0,0,Volunteers,russelldavis,2011-11-16T08:42:38Z
177,1,0,0,Volunteers,berg,2011-11-14T01:15:49Z
176,1,3,0,Volunteers,malditogeek,2011-11-13T20:31:44Z
175,5,0,0,Volunteers,madzak,2011-11-13T19:38:42Z
174,7,9,0,Volunteers,tombell,2011-11-17T03:59:52Z
173,1,1,0,Volunteers,cldwalker,2011-11-12T11:53:02Z
170,1,0,0,Volunteers,tacoe,2011-11-10T14:13:52Z
168,1,1,0,Volunteers,pescuma,2011-11-09T19:09:28Z
167,1,0,0,Volunteers,mrtazz,2011-11-09T16:27:53Z
165,1,0,0,Volunteers,arttu,2011-11-09T11:15:39Z
164,1,0,0,Volunteers,agrieser,2011-11-09T11:16:06Z
162,4,6,3,Volunteers,andresilva,2011-11-13T20:47:14Z
158,2,0,0,Volunteers,markstory,2011-11-08T16:35:06Z
154,1,0,0,Volunteers,pescuma,2011-11-07T16:31:13Z
152,1,1,0,Volunteers,pescuma,2011-11-07T13:24:18Z
150,2,4,0,Volunteers,mexitek,2011-11-07T10:33:55Z
148,1,6,3,Volunteers,Vrtak-CZ,2011-11-13T20:17:05Z
146,1,0,0,Volunteers,Vrtak-CZ,2011-11-06T14:35:42Z
145,1,0,0,Volunteers,Vrtak-CZ,2011-11-06T13:49:47Z
144,8,2,0,Volunteers,tombell,2011-11-07T22:39:19Z
143,1,0,0,Volunteers,lautis,2011-11-03T17:42:52Z
142,1,0,0,Volunteers,erikzaadi,2011-11-03T14:34:32Z
141,1,0,0,Employees,cadwallion,2011-11-02T21:16:50Z
140,1,0,0,Volunteers,BrokenEnso,2011-11-02T19:44:37Z
138,1,2,0,Volunteers,sishen,2011-11-02T10:34:51Z
136,4,0,0,Volunteers,unixcharles,2011-11-01T21:21:10Z
134,1,0,0,Volunteers,mbmccormick,2011-11-01T18:59:52Z
129,2,0,0,Volunteers,Mange,2011-10-31T16:13:55Z
128,1,0,0,Volunteers,seancribbs,2011-10-31T16:13:17Z
127,2,0,0,Volunteers,arttu,2011-10-31T16:50:54Z
126,5,2,0,Volunteers,tombell,2011-11-04T22:17:25Z
124,2,4,2,Volunteers,russelldavis,2011-11-14T00:52:09Z
117,1,0,0,Volunteers,jasford,2011-10-30T19:20:20Z
113,3,0,0,Volunteers,unixcharles,2011-10-30T19:20:41Z
111,1,0,0,Volunteers,OiNutter,2011-10-30T19:23:11Z
110,5,9,9,Volunteers,mexitek,2011-11-01T02:02:47Z
104,5,0,0,Volunteers,victorcoder,2011-10-29T21:32:21Z
103,1,0,2,Volunteers,djl,2011-10-29T22:28:58Z
99,1,0,0,Volunteers,markpasc,2011-10-28T21:59:50Z
98,4,3,2,Volunteers,MathildeLemee,2011-10-29T21:36:36Z
94,2,2,0,Volunteers,codec,2011-10-28T19:59:10Z
83,3,5,0,Volunteers,Excedrin,2011-10-28T06:50:22Z
80,3,0,0,Volunteers,andyfowler,2011-10-27T21:08:19Z
79,1,0,0,Volunteers,markstory,2011-10-29T22:33:07Z
75,7,7,0,Volunteers,tombell,2011-10-27T13:11:51Z
74,2,1,0,Volunteers,OiNutter,2011-10-27T19:52:07Z
70,1,0,0,Volunteers,vinteo,2011-10-27T08:02:41Z
64,2,1,0,Volunteers,jszwedko,2011-10-26T21:51:52Z
60,3,0,0,Volunteers,eventualbuddha,2011-10-26T20:40:40Z
57,1,0,0,Volunteers,markstory,2011-10-26T21:30:11Z
56,4,1,4,Volunteers,assaf,2011-10-26T22:00:00Z
55,1,0,0,Volunteers,codec,2011-10-26T21:30:47Z
54,3,2,0,Volunteers,markpasc,2011-10-26T19:39:35Z
50,10,2,2,Volunteers,tombell,2011-10-26T22:41:51Z
49,1,0,0,Volunteers,dmathieu,2011-10-26T11:46:01Z
46,5,6,2,Volunteers,codafoo,2011-10-26T12:14:21Z
45,2,1,0,Volunteers,dmathieu,2011-10-26T10:44:08Z
41,1,1,0,Volunteers,assaf,2011-10-26T12:14:22Z
40,1,3,0,Employees,jnewland,2011-10-26T21:33:24Z
39,1,0,2,Volunteers,assaf,2011-10-26T06:53:35Z
37,1,0,0,Volunteers,assaf,2011-10-26T05:39:41Z
36,1,0,0,Volunteers,andyfowler,2011-10-26T05:14:14Z
35,3,1,0,Employees,jnewland,2011-10-26T05:05:10Z
34,3,6,0,Volunteers,assaf,2011-10-26T05:06:25Z
32,1,0,0,Volunteers,aitor,2011-10-26T05:26:07Z
30,4,3,0,Employees,technoweenie,2011-10-26T23:05:08Z
29,2,1,0,Volunteers,tombell,2011-10-25T22:54:34Z
26,1,0,0,Volunteers,dannytatom,2011-10-25T21:28:50Z
25,2,5,0,Volunteers,titanous,2011-10-26T05:27:05Z
21,5,5,0,Employees,skalnik,2011-10-25T23:20:44Z
19,2,4,0,Volunteers,titanous,2011-10-25T20:12:10Z
13,5,1,2,Volunteers,atmos,2011-10-08T02:50:20Z
12,4,3,0,Volunteers,tmm1,2011-10-28T07:11:29Z
6,4,2,0,Volunteers,benburkert,2011-10-28T07:15:07Z
5,3,0,0,Volunteers,kneath,2011-09-15T05:43:39Z
