{
    "issues_url": "https://api.github.com/repos/atom/atom/issues{/number}", 
    "deployments_url": "https://api.github.com/repos/atom/atom/deployments", 
    "stargazers_count": 42842, 
    "forks_url": "https://api.github.com/repos/atom/atom/forks", 
    "mirror_url": null, 
    "subscription_url": "https://api.github.com/repos/atom/atom/subscription", 
    "notifications_url": "https://api.github.com/repos/atom/atom/notifications{?since,all,participating}", 
    "collaborators_url": "https://api.github.com/repos/atom/atom/collaborators{/collaborator}", 
    "updated_at": "2018-01-16T10:53:37Z", 
    "private": false, 
    "pulls_url": "https://api.github.com/repos/atom/atom/pulls{/number}", 
    "issue_comment_url": "https://api.github.com/repos/atom/atom/issues/comments{/number}", 
    "labels_url": "https://api.github.com/repos/atom/atom/labels{/name}", 
    "has_wiki": false, 
    "full_name": "atom/atom", 
    "owner": {
        "following_url": "https://api.github.com/users/atom/following{/other_user}", 
        "events_url": "https://api.github.com/users/atom/events{/privacy}", 
        "organizations_url": "https://api.github.com/users/atom/orgs", 
        "url": "https://api.github.com/users/atom", 
        "gists_url": "https://api.github.com/users/atom/gists{/gist_id}", 
        "html_url": "https://github.com/atom", 
        "subscriptions_url": "https://api.github.com/users/atom/subscriptions", 
        "avatar_url": "https://avatars2.githubusercontent.com/u/1089146?v=4", 
        "repos_url": "https://api.github.com/users/atom/repos", 
        "received_events_url": "https://api.github.com/users/atom/received_events", 
        "gravatar_id": "", 
        "starred_url": "https://api.github.com/users/atom/starred{/owner}{/repo}", 
        "site_admin": false, 
        "login": "atom", 
        "type": "Organization", 
        "id": 1089146, 
        "followers_url": "https://api.github.com/users/atom/followers"
    }, 
    "statuses_url": "https://api.github.com/repos/atom/atom/statuses/{sha}", 
    "id": 3228505, 
    "keys_url": "https://api.github.com/repos/atom/atom/keys{/key_id}", 
    "description": ":atom: The hackable text editor", 
    "subscribers_count": 2425, 
    "tags_url": "https://api.github.com/repos/atom/atom/tags", 
    "archived": false, 
    "network_count": 8360, 
    "downloads_url": "https://api.github.com/repos/atom/atom/downloads", 
    "assignees_url": "https://api.github.com/repos/atom/atom/assignees{/user}", 
    "contents_url": "https://api.github.com/repos/atom/atom/contents/{+path}", 
    "has_pages": false, 
    "git_refs_url": "https://api.github.com/repos/atom/atom/git/refs{/sha}", 
    "open_issues_count": 937, 
    "has_projects": true, 
    "clone_url": "https://github.com/atom/atom.git", 
    "watchers_count": 42842, 
    "git_tags_url": "https://api.github.com/repos/atom/atom/git/tags{/sha}", 
    "milestones_url": "https://api.github.com/repos/atom/atom/milestones{/number}", 
    "languages_url": "https://api.github.com/repos/atom/atom/languages", 
    "size": 297071, 
    "homepage": "https://atom.io", 
    "fork": false, 
    "commits_url": "https://api.github.com/repos/atom/atom/commits{/sha}", 
    "releases_url": "https://api.github.com/repos/atom/atom/releases{/id}", 
    "issue_events_url": "https://api.github.com/repos/atom/atom/issues/events{/number}", 
    "archive_url": "https://api.github.com/repos/atom/atom/{archive_format}{/ref}", 
    "comments_url": "https://api.github.com/repos/atom/atom/comments{/number}", 
    "events_url": "https://api.github.com/repos/atom/atom/events", 
    "contributors_url": "https://api.github.com/repos/atom/atom/contributors", 
    "html_url": "https://github.com/atom/atom", 
    "forks": 8360, 
    "compare_url": "https://api.github.com/repos/atom/atom/compare/{base}...{head}", 
    "open_issues": 937, 
    "watchers": 42842, 
    "git_url": "git://github.com/atom/atom.git", 
    "svn_url": "https://github.com/atom/atom", 
    "merges_url": "https://api.github.com/repos/atom/atom/merges", 
    "has_issues": true, 
    "ssh_url": "git@github.com:atom/atom.git", 
    "blobs_url": "https://api.github.com/repos/atom/atom/git/blobs{/sha}", 
    "git_commits_url": "https://api.github.com/repos/atom/atom/git/commits{/sha}", 
    "hooks_url": "https://api.github.com/repos/atom/atom/hooks", 
    "has_downloads": true, 
    "license": {
        "spdx_id": "MIT", 
        "url": "https://api.github.com/licenses/mit", 
        "name": "MIT License", 
        "key": "mit"
    }, 
    "name": "atom", 
    "language": "JavaScript", 
    "url": "https://api.github.com/repos/atom/atom", 
    "created_at": "2012-01-20T18:18:21Z", 
    "pushed_at": "2018-01-16T05:38:18Z", 
    "forks_count": 8360, 
    "default_branch": "master", 
    "teams_url": "https://api.github.com/repos/atom/atom/teams", 
    "trees_url": "https://api.github.com/repos/atom/atom/git/trees{/sha}", 
    "organization": {
        "following_url": "https://api.github.com/users/atom/following{/other_user}", 
        "events_url": "https://api.github.com/users/atom/events{/privacy}", 
        "organizations_url": "https://api.github.com/users/atom/orgs", 
        "url": "https://api.github.com/users/atom", 
        "gists_url": "https://api.github.com/users/atom/gists{/gist_id}", 
        "html_url": "https://github.com/atom", 
        "subscriptions_url": "https://api.github.com/users/atom/subscriptions", 
        "avatar_url": "https://avatars2.githubusercontent.com/u/1089146?v=4", 
        "repos_url": "https://api.github.com/users/atom/repos", 
        "received_events_url": "https://api.github.com/users/atom/received_events", 
        "gravatar_id": "", 
        "starred_url": "https://api.github.com/users/atom/starred{/owner}{/repo}", 
        "site_admin": false, 
        "login": "atom", 
        "type": "Organization", 
        "id": 1089146, 
        "followers_url": "https://api.github.com/users/atom/followers"
    }, 
    "branches_url": "https://api.github.com/repos/atom/atom/branches{/branch}", 
    "subscribers_url": "https://api.github.com/repos/atom/atom/subscribers", 
    "stargazers_url": "https://api.github.com/repos/atom/atom/stargazers"
}