{
    "issues_url": "https://api.github.com/repos/electron/electron/issues{/number}", 
    "deployments_url": "https://api.github.com/repos/electron/electron/deployments", 
    "stargazers_count": 55307, 
    "forks_url": "https://api.github.com/repos/electron/electron/forks", 
    "mirror_url": null, 
    "subscription_url": "https://api.github.com/repos/electron/electron/subscription", 
    "notifications_url": "https://api.github.com/repos/electron/electron/notifications{?since,all,participating}", 
    "collaborators_url": "https://api.github.com/repos/electron/electron/collaborators{/collaborator}", 
    "updated_at": "2018-01-16T10:38:06Z", 
    "private": false, 
    "pulls_url": "https://api.github.com/repos/electron/electron/pulls{/number}", 
    "issue_comment_url": "https://api.github.com/repos/electron/electron/issues/comments{/number}", 
    "labels_url": "https://api.github.com/repos/electron/electron/labels{/name}", 
    "has_wiki": false, 
    "full_name": "electron/electron", 
    "owner": {
        "following_url": "https://api.github.com/users/electron/following{/other_user}", 
        "events_url": "https://api.github.com/users/electron/events{/privacy}", 
        "organizations_url": "https://api.github.com/users/electron/orgs", 
        "url": "https://api.github.com/users/electron", 
        "gists_url": "https://api.github.com/users/electron/gists{/gist_id}", 
        "html_url": "https://github.com/electron", 
        "subscriptions_url": "https://api.github.com/users/electron/subscriptions", 
        "avatar_url": "https://avatars1.githubusercontent.com/u/13409222?v=4", 
        "repos_url": "https://api.github.com/users/electron/repos", 
        "received_events_url": "https://api.github.com/users/electron/received_events", 
        "gravatar_id": "", 
        "starred_url": "https://api.github.com/users/electron/starred{/owner}{/repo}", 
        "site_admin": false, 
        "login": "electron", 
        "type": "Organization", 
        "id": 13409222, 
        "followers_url": "https://api.github.com/users/electron/followers"
    }, 
    "statuses_url": "https://api.github.com/repos/electron/electron/statuses/{sha}", 
    "id": 9384267, 
    "keys_url": "https://api.github.com/repos/electron/electron/keys{/key_id}", 
    "description": "Build cross platform desktop apps with JavaScript, HTML, and CSS", 
    "subscribers_count": 2519, 
    "tags_url": "https://api.github.com/repos/electron/electron/tags", 
    "archived": false, 
    "network_count": 7178, 
    "downloads_url": "https://api.github.com/repos/electron/electron/downloads", 
    "assignees_url": "https://api.github.com/repos/electron/electron/assignees{/user}", 
    "contents_url": "https://api.github.com/repos/electron/electron/contents/{+path}", 
    "has_pages": false, 
    "git_refs_url": "https://api.github.com/repos/electron/electron/git/refs{/sha}", 
    "open_issues_count": 958, 
    "has_projects": true, 
    "clone_url": "https://github.com/electron/electron.git", 
    "watchers_count": 55307, 
    "git_tags_url": "https://api.github.com/repos/electron/electron/git/tags{/sha}", 
    "milestones_url": "https://api.github.com/repos/electron/electron/milestones{/number}", 
    "languages_url": "https://api.github.com/repos/electron/electron/languages", 
    "size": 35033, 
    "homepage": "https://electronjs.org", 
    "fork": false, 
    "commits_url": "https://api.github.com/repos/electron/electron/commits{/sha}", 
    "releases_url": "https://api.github.com/repos/electron/electron/releases{/id}", 
    "issue_events_url": "https://api.github.com/repos/electron/electron/issues/events{/number}", 
    "archive_url": "https://api.github.com/repos/electron/electron/{archive_format}{/ref}", 
    "comments_url": "https://api.github.com/repos/electron/electron/comments{/number}", 
    "events_url": "https://api.github.com/repos/electron/electron/events", 
    "contributors_url": "https://api.github.com/repos/electron/electron/contributors", 
    "html_url": "https://github.com/electron/electron", 
    "forks": 7178, 
    "compare_url": "https://api.github.com/repos/electron/electron/compare/{base}...{head}", 
    "open_issues": 958, 
    "watchers": 55307, 
    "git_url": "git://github.com/electron/electron.git", 
    "svn_url": "https://github.com/electron/electron", 
    "merges_url": "https://api.github.com/repos/electron/electron/merges", 
    "has_issues": true, 
    "ssh_url": "git@github.com:electron/electron.git", 
    "blobs_url": "https://api.github.com/repos/electron/electron/git/blobs{/sha}", 
    "git_commits_url": "https://api.github.com/repos/electron/electron/git/commits{/sha}", 
    "hooks_url": "https://api.github.com/repos/electron/electron/hooks", 
    "has_downloads": true, 
    "license": {
        "spdx_id": "MIT", 
        "url": "https://api.github.com/licenses/mit", 
        "name": "MIT License", 
        "key": "mit"
    }, 
    "name": "electron", 
    "language": "C++", 
    "url": "https://api.github.com/repos/electron/electron", 
    "created_at": "2013-04-12T01:47:36Z", 
    "pushed_at": "2018-01-16T08:01:26Z", 
    "forks_count": 7178, 
    "default_branch": "master", 
    "teams_url": "https://api.github.com/repos/electron/electron/teams", 
    "trees_url": "https://api.github.com/repos/electron/electron/git/trees{/sha}", 
    "organization": {
        "following_url": "https://api.github.com/users/electron/following{/other_user}", 
        "events_url": "https://api.github.com/users/electron/events{/privacy}", 
        "organizations_url": "https://api.github.com/users/electron/orgs", 
        "url": "https://api.github.com/users/electron", 
        "gists_url": "https://api.github.com/users/electron/gists{/gist_id}", 
        "html_url": "https://github.com/electron", 
        "subscriptions_url": "https://api.github.com/users/electron/subscriptions", 
        "avatar_url": "https://avatars1.githubusercontent.com/u/13409222?v=4", 
        "repos_url": "https://api.github.com/users/electron/repos", 
        "received_events_url": "https://api.github.com/users/electron/received_events", 
        "gravatar_id": "", 
        "starred_url": "https://api.github.com/users/electron/starred{/owner}{/repo}", 
        "site_admin": false, 
        "login": "electron", 
        "type": "Organization", 
        "id": 13409222, 
        "followers_url": "https://api.github.com/users/electron/followers"
    }, 
    "branches_url": "https://api.github.com/repos/electron/electron/branches{/branch}", 
    "subscribers_url": "https://api.github.com/repos/electron/electron/subscribers", 
    "stargazers_url": "https://api.github.com/repos/electron/electron/stargazers"
}