month,pull_type,pull_amount,user_type
2017-12-15,opened,2,employees
2017-11-15,opened,2,employees
2018-01-15,closed,1,employees
2017-12-15,closed,1,employees
2017-11-15,closed,2,employees
2017-08-15,closed,3,employees
2017-07-15,closed,1,employees
2017-03-15,closed,1,employees
2017-02-15,closed,1,employees
2016-11-15,closed,3,employees
2016-10-15,closed,2,employees
2016-09-15,closed,3,employees
2016-08-15,closed,3,employees
2016-07-15,closed,2,employees
2016-06-15,closed,3,employees
2016-05-15,closed,2,employees
2016-04-15,closed,3,employees
2016-03-15,closed,2,employees
2015-09-15,closed,1,employees
2015-06-15,closed,1,employees
2013-08-15,closed,1,employees
2018-01-15,merged,4,employees
2017-12-15,merged,20,employees
2017-11-15,merged,20,employees
2017-10-15,merged,13,employees
2017-09-15,merged,16,employees
2017-08-15,merged,27,employees
2017-07-15,merged,24,employees
2017-06-15,merged,18,employees
2017-05-15,merged,36,employees
2017-04-15,merged,34,employees
2017-03-15,merged,31,employees
2017-02-15,merged,39,employees
2017-01-15,merged,31,employees
2016-12-15,merged,27,employees
2016-11-15,merged,38,employees
2016-10-15,merged,36,employees
2016-09-15,merged,47,employees
2016-08-15,merged,56,employees
2016-07-15,merged,73,employees
2016-06-15,merged,96,employees
2016-05-15,merged,65,employees
2016-04-15,merged,51,employees
2016-03-15,merged,42,employees
2016-02-15,merged,28,employees
2016-01-15,merged,31,employees
2015-12-15,merged,38,employees
2015-11-15,merged,24,employees
2015-10-15,merged,22,employees
2015-09-15,merged,31,employees
2015-08-15,merged,22,employees
2015-07-15,merged,22,employees
2015-06-15,merged,17,employees
2015-05-15,merged,17,employees
2015-04-15,merged,15,employees
2015-03-15,merged,8,employees
2015-02-15,merged,9,employees
2015-01-15,merged,12,employees
2014-12-15,merged,8,employees
2014-11-15,merged,15,employees
2014-10-15,merged,7,employees
2014-09-15,merged,6,employees
2014-08-15,merged,11,employees
2014-07-15,merged,4,employees
2014-06-15,merged,9,employees
2014-05-15,merged,8,employees
2014-04-15,merged,7,employees
2014-03-15,merged,12,employees
2014-02-15,merged,4,employees
2014-01-15,merged,6,employees
2013-12-15,merged,7,employees
2013-11-15,merged,4,employees
2013-10-15,merged,2,employees
2013-09-15,merged,7,employees
2013-08-15,merged,3,employees
2013-06-15,merged,1,employees
2018-01-15,opened,15,volunteers
2017-12-15,opened,10,volunteers
2017-11-15,opened,1,volunteers
2017-10-15,opened,1,volunteers
2017-07-15,opened,1,volunteers
2016-11-15,opened,1,volunteers
2018-01-15,closed,2,volunteers
2017-12-15,closed,7,volunteers
2017-11-15,closed,18,volunteers
2017-10-15,closed,16,volunteers
2017-09-15,closed,2,volunteers
2017-08-15,closed,17,volunteers
2017-07-15,closed,9,volunteers
2017-06-15,closed,15,volunteers
2017-05-15,closed,20,volunteers
2017-04-15,closed,6,volunteers
2017-03-15,closed,8,volunteers
2017-02-15,closed,11,volunteers
2017-01-15,closed,8,volunteers
2016-12-15,closed,10,volunteers
2016-11-15,closed,6,volunteers
2016-10-15,closed,34,volunteers
2016-09-15,closed,14,volunteers
2016-08-15,closed,9,volunteers
2016-07-15,closed,4,volunteers
2016-06-15,closed,14,volunteers
2016-05-15,closed,15,volunteers
2016-04-15,closed,9,volunteers
2016-03-15,closed,11,volunteers
2016-02-15,closed,25,volunteers
2016-01-15,closed,15,volunteers
2015-12-15,closed,19,volunteers
2015-11-15,closed,25,volunteers
2015-10-15,closed,17,volunteers
2015-09-15,closed,5,volunteers
2015-08-15,closed,5,volunteers
2015-07-15,closed,8,volunteers
2015-06-15,closed,3,volunteers
2015-05-15,closed,10,volunteers
2015-04-15,closed,6,volunteers
2015-03-15,closed,6,volunteers
2015-02-15,closed,3,volunteers
2015-01-15,closed,3,volunteers
2014-12-15,closed,2,volunteers
2014-11-15,closed,3,volunteers
2014-10-15,closed,2,volunteers
2014-08-15,closed,2,volunteers
2014-07-15,closed,2,volunteers
2014-06-15,closed,1,volunteers
2014-05-15,closed,2,volunteers
2018-01-15,merged,4,volunteers
2017-12-15,merged,42,volunteers
2017-11-15,merged,81,volunteers
2017-10-15,merged,64,volunteers
2017-09-15,merged,39,volunteers
2017-08-15,merged,36,volunteers
2017-07-15,merged,37,volunteers
2017-06-15,merged,46,volunteers
2017-05-15,merged,50,volunteers
2017-04-15,merged,46,volunteers
2017-03-15,merged,52,volunteers
2017-02-15,merged,33,volunteers
2017-01-15,merged,33,volunteers
2016-12-15,merged,36,volunteers
2016-11-15,merged,58,volunteers
2016-10-15,merged,86,volunteers
2016-09-15,merged,65,volunteers
2016-08-15,merged,65,volunteers
2016-07-15,merged,60,volunteers
2016-06-15,merged,77,volunteers
2016-05-15,merged,89,volunteers
2016-04-15,merged,63,volunteers
2016-03-15,merged,57,volunteers
2016-02-15,merged,58,volunteers
2016-01-15,merged,83,volunteers
2015-12-15,merged,64,volunteers
2015-11-15,merged,69,volunteers
2015-10-15,merged,91,volunteers
2015-09-15,merged,71,volunteers
2015-08-15,merged,57,volunteers
2015-07-15,merged,62,volunteers
2015-06-15,merged,56,volunteers
2015-05-15,merged,46,volunteers
2015-04-15,merged,42,volunteers
2015-03-15,merged,34,volunteers
2015-02-15,merged,12,volunteers
2015-01-15,merged,5,volunteers
2014-12-15,merged,7,volunteers
2014-11-15,merged,14,volunteers
2014-10-15,merged,11,volunteers
2014-09-15,merged,7,volunteers
2014-08-15,merged,11,volunteers
2014-07-15,merged,11,volunteers
2014-06-15,merged,4,volunteers
2014-05-15,merged,26,volunteers
2013-12-15,merged,1,volunteers
2013-11-15,merged,1,volunteers
2013-09-15,merged,2,volunteers
2013-08-15,merged,4,volunteers
