{
    "issues_url": "https://api.github.com/repos/github/linguist/issues{/number}", 
    "deployments_url": "https://api.github.com/repos/github/linguist/deployments", 
    "stargazers_count": 5391, 
    "forks_url": "https://api.github.com/repos/github/linguist/forks", 
    "mirror_url": null, 
    "subscription_url": "https://api.github.com/repos/github/linguist/subscription", 
    "notifications_url": "https://api.github.com/repos/github/linguist/notifications{?since,all,participating}", 
    "collaborators_url": "https://api.github.com/repos/github/linguist/collaborators{/collaborator}", 
    "updated_at": "2018-01-15T23:47:11Z", 
    "private": false, 
    "pulls_url": "https://api.github.com/repos/github/linguist/pulls{/number}", 
    "issue_comment_url": "https://api.github.com/repos/github/linguist/issues/comments{/number}", 
    "labels_url": "https://api.github.com/repos/github/linguist/labels{/name}", 
    "has_wiki": false, 
    "full_name": "github/linguist", 
    "owner": {
        "following_url": "https://api.github.com/users/github/following{/other_user}", 
        "events_url": "https://api.github.com/users/github/events{/privacy}", 
        "organizations_url": "https://api.github.com/users/github/orgs", 
        "url": "https://api.github.com/users/github", 
        "gists_url": "https://api.github.com/users/github/gists{/gist_id}", 
        "html_url": "https://github.com/github", 
        "subscriptions_url": "https://api.github.com/users/github/subscriptions", 
        "avatar_url": "https://avatars1.githubusercontent.com/u/9919?v=4", 
        "repos_url": "https://api.github.com/users/github/repos", 
        "received_events_url": "https://api.github.com/users/github/received_events", 
        "gravatar_id": "", 
        "starred_url": "https://api.github.com/users/github/starred{/owner}{/repo}", 
        "site_admin": false, 
        "login": "github", 
        "type": "Organization", 
        "id": 9919, 
        "followers_url": "https://api.github.com/users/github/followers"
    }, 
    "statuses_url": "https://api.github.com/repos/github/linguist/statuses/{sha}", 
    "id": 1725199, 
    "keys_url": "https://api.github.com/repos/github/linguist/keys{/key_id}", 
    "description": "Language Savant. If your repository's language is being reported incorrectly, send us a pull request!", 
    "subscribers_count": 191, 
    "tags_url": "https://api.github.com/repos/github/linguist/tags", 
    "archived": false, 
    "network_count": 2065, 
    "downloads_url": "https://api.github.com/repos/github/linguist/downloads", 
    "assignees_url": "https://api.github.com/repos/github/linguist/assignees{/user}", 
    "contents_url": "https://api.github.com/repos/github/linguist/contents/{+path}", 
    "has_pages": true, 
    "git_refs_url": "https://api.github.com/repos/github/linguist/git/refs{/sha}", 
    "open_issues_count": 124, 
    "has_projects": true, 
    "clone_url": "https://github.com/github/linguist.git", 
    "watchers_count": 5391, 
    "git_tags_url": "https://api.github.com/repos/github/linguist/git/tags{/sha}", 
    "milestones_url": "https://api.github.com/repos/github/linguist/milestones{/number}", 
    "languages_url": "https://api.github.com/repos/github/linguist/languages", 
    "size": 33881, 
    "homepage": "", 
    "fork": false, 
    "commits_url": "https://api.github.com/repos/github/linguist/commits{/sha}", 
    "releases_url": "https://api.github.com/repos/github/linguist/releases{/id}", 
    "issue_events_url": "https://api.github.com/repos/github/linguist/issues/events{/number}", 
    "archive_url": "https://api.github.com/repos/github/linguist/{archive_format}{/ref}", 
    "comments_url": "https://api.github.com/repos/github/linguist/comments{/number}", 
    "events_url": "https://api.github.com/repos/github/linguist/events", 
    "contributors_url": "https://api.github.com/repos/github/linguist/contributors", 
    "html_url": "https://github.com/github/linguist", 
    "forks": 2065, 
    "compare_url": "https://api.github.com/repos/github/linguist/compare/{base}...{head}", 
    "open_issues": 124, 
    "watchers": 5391, 
    "git_url": "git://github.com/github/linguist.git", 
    "svn_url": "https://github.com/github/linguist", 
    "merges_url": "https://api.github.com/repos/github/linguist/merges", 
    "has_issues": true, 
    "ssh_url": "git@github.com:github/linguist.git", 
    "blobs_url": "https://api.github.com/repos/github/linguist/git/blobs{/sha}", 
    "git_commits_url": "https://api.github.com/repos/github/linguist/git/commits{/sha}", 
    "hooks_url": "https://api.github.com/repos/github/linguist/hooks", 
    "has_downloads": true, 
    "license": {
        "spdx_id": "MIT", 
        "url": "https://api.github.com/licenses/mit", 
        "name": "MIT License", 
        "key": "mit"
    }, 
    "name": "linguist", 
    "language": "Ruby", 
    "url": "https://api.github.com/repos/github/linguist", 
    "created_at": "2011-05-09T22:53:13Z", 
    "pushed_at": "2018-01-16T09:50:05Z", 
    "forks_count": 2065, 
    "default_branch": "master", 
    "teams_url": "https://api.github.com/repos/github/linguist/teams", 
    "trees_url": "https://api.github.com/repos/github/linguist/git/trees{/sha}", 
    "organization": {
        "following_url": "https://api.github.com/users/github/following{/other_user}", 
        "events_url": "https://api.github.com/users/github/events{/privacy}", 
        "organizations_url": "https://api.github.com/users/github/orgs", 
        "url": "https://api.github.com/users/github", 
        "gists_url": "https://api.github.com/users/github/gists{/gist_id}", 
        "html_url": "https://github.com/github", 
        "subscriptions_url": "https://api.github.com/users/github/subscriptions", 
        "avatar_url": "https://avatars1.githubusercontent.com/u/9919?v=4", 
        "repos_url": "https://api.github.com/users/github/repos", 
        "received_events_url": "https://api.github.com/users/github/received_events", 
        "gravatar_id": "", 
        "starred_url": "https://api.github.com/users/github/starred{/owner}{/repo}", 
        "site_admin": false, 
        "login": "github", 
        "type": "Organization", 
        "id": 9919, 
        "followers_url": "https://api.github.com/users/github/followers"
    }, 
    "branches_url": "https://api.github.com/repos/github/linguist/branches{/branch}", 
    "subscribers_url": "https://api.github.com/repos/github/linguist/subscribers", 
    "stargazers_url": "https://api.github.com/repos/github/linguist/stargazers"
}