pull_request,number_of_commits,number_of_comments,number_of_reviews,user_type,user_login,merged_at
3989,1,0,0,Volunteers,pchaigno,2018-01-16T09:49:33Z
3984,3,0,0,Employees,lildude,2018-01-12T11:49:02Z
3977,1,0,0,Volunteers,pchaigno,2018-01-07T20:32:56Z
3973,11,27,0,Volunteers,oktapodia,2018-01-12T17:26:51Z
3972,6,8,15,Employees,lildude,2018-01-15T10:11:54Z
3966,1,1,0,Volunteers,pchaigno,2018-01-01T20:57:14Z
3960,1,6,0,Volunteers,bbarker,2018-01-13T09:38:35Z
3955,11,4,13,Employees,lildude,2017-12-21T13:17:20Z
3948,2,13,2,Employees,kivikakk,2018-01-07T22:01:17Z
3946,1,0,4,Employees,kivikakk,2017-12-12T10:53:37Z
3945,2,0,0,Employees,kivikakk,2017-12-12T08:41:21Z
3943,2,0,0,Volunteers,egorzhdan,2018-01-11T08:48:50Z
3935,1,2,1,Employees,vmg,2017-12-04T18:20:39Z
3933,3,9,0,Volunteers,oldmud0,2018-01-11T10:48:20Z
3932,1,0,0,Volunteers,pchaigno,2017-12-02T14:24:06Z
3931,1,0,0,Volunteers,pchaigno,2017-12-02T14:08:20Z
3930,4,9,4,Employees,lildude,2017-12-11T12:37:21Z
3925,1,1,0,Employees,kivikakk,2017-12-01T08:33:51Z
3922,1,3,0,Employees,kivikakk,2017-12-01T02:42:00Z
3921,1,2,3,Volunteers,NachoSoto,2017-11-29T14:25:05Z
3920,1,1,4,Volunteers,NachoSoto,2017-11-29T14:26:24Z
3919,2,0,0,Employees,lildude,2017-11-28T10:52:02Z
3916,1,5,1,Volunteers,ai,2017-11-26T05:21:11Z
3915,15,15,3,Employees,vmg,2017-11-30T15:15:49Z
3907,1,7,2,Volunteers,jin,2017-11-15T10:04:36Z
3905,1,0,0,Employees,kivikakk,2017-11-16T00:44:52Z
3903,2,1,0,Employees,kivikakk,2017-11-13T07:17:39Z
3902,4,4,0,Volunteers,mr-c,2017-11-16T01:15:56Z
3900,3,1,0,Employees,kivikakk,2017-11-10T11:11:33Z
3895,3,8,0,Volunteers,prertik,2017-11-14T07:35:12Z
3885,2,8,0,Volunteers,josh-padnick,2018-01-12T17:27:42Z
3883,1,2,2,Volunteers,pchaigno,2017-11-04T10:16:45Z
3882,2,0,0,Employees,kivikakk,2017-11-01T00:01:04Z
3880,5,10,0,Volunteers,Alhadis,2017-11-17T10:25:57Z
3879,2,0,0,Volunteers,sylveon,2017-10-31T16:26:45Z
3877,5,0,0,Volunteers,wesdawg,2017-11-16T01:16:33Z
3874,3,9,2,Volunteers,yuya-takeyama,2018-01-11T09:25:14Z
3871,1,34,0,Volunteers,ararslan,2017-11-09T08:39:37Z
3870,7,16,17,Volunteers,pditommaso,2018-01-09T11:48:00Z
3866,1,1,0,Volunteers,rkoeninger,2017-10-31T16:27:23Z
3865,4,38,8,Volunteers,freak4pc,2017-11-28T11:04:18Z
3864,1,8,0,Employees,kivikakk,2017-10-17T08:31:21Z
3863,1,3,0,Employees,kivikakk,2017-10-17T08:05:21Z
3862,1,0,0,Volunteers,pchaigno,2017-10-17T09:08:05Z
3861,1,1,0,Volunteers,pchaigno,2017-10-31T14:12:02Z
3860,2,1,0,Volunteers,tessarin,2017-10-23T09:16:57Z
3859,3,1,0,Employees,lildude,2017-10-15T08:52:28Z
3858,2,0,0,Volunteers,cjllanwarne,2017-10-14T16:12:47Z
3857,2,7,0,Volunteers,dcmoore-gd,2017-10-12T19:42:32Z
3856,1,4,0,Employees,lildude,2017-10-13T16:49:05Z
3853,1,1,0,Employees,lildude,2017-10-10T17:26:27Z
3846,17,5,3,Employees,kivikakk,2017-10-31T00:06:57Z
3844,14,8,20,Volunteers,codecat,2017-10-14T16:34:13Z
3822,1,2,0,Volunteers,nwhetsell,2017-09-17T12:27:25Z
3818,5,11,15,Volunteers,Shan1024,2017-09-17T12:29:13Z
3817,1,0,0,Volunteers,Alhadis,2017-09-17T12:29:50Z
3813,1,3,0,Volunteers,gdi2290,2017-09-07T08:38:42Z
3811,4,4,0,Volunteers,DoctorWhoof,2018-01-11T09:23:55Z
3809,1,3,0,Volunteers,DoctorWhoof,2017-09-07T08:39:53Z
3806,1,12,0,Volunteers,seppestas,2017-09-19T17:02:06Z
3804,5,8,0,Volunteers,menduz,2017-09-07T14:28:47Z
3799,3,11,3,Volunteers,seppestas,2017-09-07T08:52:29Z
3793,4,4,0,Volunteers,Alhadis,2017-08-24T11:13:30Z
3791,3,2,1,Volunteers,mathewmariani,2017-09-07T08:53:26Z
3790,1,0,0,Employees,lildude,2017-08-24T09:17:13Z
3789,2,6,0,Volunteers,krk,2017-09-17T12:31:04Z
3785,1,2,0,Volunteers,AnthonyDGreen,2017-09-07T08:55:21Z
3783,3,5,3,Volunteers,bmeck,2017-09-07T08:56:37Z
3782,1,26,0,Volunteers,adaedra,2017-09-21T08:52:11Z
3781,1,7,0,Volunteers,Hardmath123,2017-08-17T17:03:39Z
3780,5,0,2,Volunteers,rkoeninger,2017-09-07T08:58:31Z
3778,1,0,0,Employees,lildude,2017-08-16T09:08:33Z
3771,1,0,0,Volunteers,MarcianoPreciado,2017-09-07T08:59:20Z
3767,1,0,0,Volunteers,AbigailBuccaneer,2017-09-07T09:01:11Z
3765,1,3,0,Employees,lildude,2017-08-10T13:54:10Z
3752,2,1,0,Employees,jdennes,2017-08-02T12:07:45Z
3751,4,4,0,Volunteers,Alhadis,2017-08-16T12:48:52Z
3744,4,1,6,Volunteers,Alhadis,2017-08-02T12:00:17Z
3743,5,10,9,Volunteers,Alhadis,2017-08-08T08:47:27Z
3741,2,1,0,Volunteers,iWader,2017-08-09T10:25:27Z
3735,5,13,6,Employees,kivikakk,2017-07-31T03:39:21Z
3734,4,0,4,Volunteers,Alhadis,2017-08-02T11:58:41Z
3732,1,2,0,Volunteers,pchaigno,2017-08-06T09:00:36Z
3731,4,3,0,Volunteers,Alhadis,2017-08-08T08:30:38Z
3730,1,6,0,Volunteers,pchaigno,2017-10-06T12:27:14Z
3728,1,6,0,Volunteers,Alhadis,2017-07-22T13:21:22Z
3725,3,9,0,Employees,lildude,2017-07-22T13:16:17Z
3723,1,0,0,Volunteers,yohny,2017-10-08T16:32:02Z
3714,1,0,0,Volunteers,Alhadis,2017-07-07T14:59:05Z
3710,1,1,0,Volunteers,smola,2017-07-10T08:41:37Z
3709,1,1,1,Volunteers,smola,2017-07-22T13:20:16Z
3708,1,1,8,Volunteers,smola,2017-07-20T09:33:29Z
3707,1,2,0,Volunteers,smola,2017-07-10T09:03:12Z
3706,1,2,1,Volunteers,smola,2017-07-22T13:19:23Z
3704,1,0,0,Volunteers,Alhadis,2017-07-03T10:45:21Z
3702,1,0,0,Volunteers,thewilkybarkid,2017-07-03T16:39:40Z
3698,3,0,5,Volunteers,davidaylaian,2017-06-30T08:32:16Z
3696,1,3,8,Volunteers,am11,2017-09-07T09:04:10Z
3691,2,2,2,Volunteers,jrha,2017-07-03T16:49:16Z
3682,1,0,0,Volunteers,wcpines,2017-06-24T11:19:43Z
3672,1,1,0,Volunteers,Alhadis,2017-06-20T09:39:39Z
3669,4,7,4,Employees,lildude,2017-06-20T08:29:17Z
3662,33,2,20,Volunteers,MahmoudFayed,2017-06-24T15:22:01Z
3660,6,4,0,Volunteers,rkoeninger,2017-06-21T07:29:14Z
3652,1,2,0,Volunteers,tbodt,2017-06-30T16:11:51Z
3650,4,8,0,Volunteers,Alhadis,2017-05-30T08:02:04Z
3648,7,22,0,Volunteers,MaickelHubner,2017-10-14T17:12:17Z
3643,2,1,2,Employees,lildude,2017-05-26T07:16:13Z
3642,1,0,0,Employees,lildude,2017-05-25T15:12:34Z
3640,2,2,0,Volunteers,lucky,2017-07-22T13:20:55Z
3639,1,1,0,Employees,lildude,2017-05-25T07:59:02Z
3634,5,1,0,Volunteers,mthadley,2017-05-25T08:15:32Z
3633,1,4,0,Volunteers,rkirsling,2017-05-20T16:41:47Z
3630,1,2,0,Volunteers,Alhadis,2017-05-17T17:03:48Z
3629,2,0,0,Employees,lildude,2017-05-16T14:58:39Z
3627,2,29,0,Employees,vmg,2017-05-16T10:46:05Z
3626,7,0,0,Volunteers,rkoeninger,2017-05-16T07:12:45Z
3625,4,3,0,Volunteers,rkoeninger,2017-05-15T14:06:10Z
3616,3,0,0,Employees,lildude,2017-05-10T14:53:16Z
3614,6,17,0,Volunteers,multiprecision,2017-05-15T08:05:08Z
3611,1,0,6,Volunteers,SimenB,2017-05-10T14:55:17Z
3608,1,1,0,Volunteers,sergeyklay,2017-05-10T14:56:22Z
3604,1,0,0,Employees,lildude,2017-05-05T17:49:36Z
3603,2,0,0,Employees,lildude,2017-05-05T16:11:30Z
3597,7,0,0,Employees,lildude,2017-05-03T13:49:27Z
3593,5,6,0,Volunteers,goodmind,2017-05-29T05:46:57Z
3592,1,0,0,Volunteers,pchaigno,2017-05-25T08:22:41Z
3588,3,3,3,Volunteers,jelder,2017-04-28T23:20:23Z
3587,1,11,0,Volunteers,Alhadis,2017-04-29T09:15:40Z
3586,1,0,0,Volunteers,Alhadis,2017-04-28T21:02:39Z
3582,1,2,0,Volunteers,ngarnier,2017-04-26T09:24:58Z
3580,2,0,1,Volunteers,MichaelGrafnetter,2017-04-24T16:55:22Z
3579,1,20,0,Volunteers,cpojer,2017-04-22T12:20:55Z
3578,2,2,0,Volunteers,binki,2017-04-24T16:54:38Z
3575,2,4,0,Volunteers,stof,2017-04-20T13:40:45Z
3574,4,5,0,Volunteers,thesave,2017-04-26T18:04:25Z
3572,1,0,0,Volunteers,hnryjms,2017-04-20T07:58:40Z
3564,1,0,0,Volunteers,pchaigno,2017-04-20T09:18:03Z
3556,3,4,0,Volunteers,smola,2017-04-26T22:31:37Z
3550,1,6,0,Volunteers,smola,2017-04-06T12:01:42Z
3548,1,0,0,Volunteers,dmoisset,2017-04-20T08:01:42Z
3541,1,8,0,Employees,kivikakk,2017-03-27T03:10:18Z
3535,1,0,0,Employees,kivikakk,2017-03-22T05:41:37Z
3534,1,0,0,Employees,kivikakk,2017-03-22T05:29:00Z
3533,1,1,0,Employees,rafer,2017-03-22T13:06:59Z
3530,1,5,0,Volunteers,javierhonduco,2017-03-23T05:11:46Z
3525,2,1,0,Volunteers,rdwampler,2017-03-22T05:14:54Z
3524,2,0,0,Employees,kivikakk,2017-03-20T03:13:05Z
3523,4,5,2,Employees,kivikakk,2017-03-20T02:07:55Z
3519,2,2,0,Volunteers,mlrawlings,2017-03-17T09:46:21Z
3518,1,2,0,Employees,lildude,2017-03-16T05:42:09Z
3517,1,6,0,Volunteers,fragmer,2017-04-22T08:25:51Z
3512,2,0,0,Volunteers,liavt,2017-03-14T00:20:36Z
3511,2,2,0,Volunteers,NN---,2017-03-14T00:01:59Z
3510,2,1,0,Volunteers,pchaigno,2017-03-14T00:19:07Z
3509,1,1,0,Volunteers,siegy22,2017-03-14T00:22:57Z
3504,2,0,0,Volunteers,pchaigno,2017-03-10T07:57:35Z
3502,1,0,0,Volunteers,pchaigno,2017-03-14T00:00:28Z
3500,2,6,0,Volunteers,sandyarmstrong,2017-04-20T14:29:18Z
3493,1,6,0,Volunteers,klpn,2017-03-13T23:59:36Z
3491,3,3,0,Volunteers,tgjones,2017-04-20T08:48:49Z
3490,4,9,0,Volunteers,tgjones,2017-04-20T08:04:09Z
3489,3,0,0,Volunteers,brandonblack,2017-02-22T07:13:16Z
3488,1,0,0,Volunteers,nwhetsell,2017-02-22T08:24:51Z
3487,1,3,0,Volunteers,ararslan,2017-02-22T01:06:00Z
3485,1,0,0,Employees,gjtorikian,2017-02-20T18:29:31Z
3479,2,0,0,Volunteers,brandonblack,2017-02-16T05:29:05Z
3477,1,0,0,Volunteers,brandonblack,2017-02-15T20:48:46Z
3476,1,2,0,Volunteers,Phineas,2017-02-15T22:11:14Z
3475,1,0,0,Volunteers,pchaigno,2017-02-22T00:29:00Z
3473,8,2,2,Employees,lildude,2017-02-15T11:12:53Z
3471,2,3,0,Employees,lildude,2017-02-13T18:22:54Z
3470,1,0,0,Volunteers,pchaigno,2017-02-13T13:35:39Z
3469,2,2,0,Volunteers,tgjones,2017-02-22T00:05:25Z
3466,1,24,0,Volunteers,jlec,2017-06-26T08:07:37Z
3464,1,4,12,Volunteers,alloy,2017-02-20T10:17:19Z
3463,2,0,0,Volunteers,TingPing,2017-02-22T00:24:59Z
3459,3,1,0,Volunteers,softprops,2017-02-22T00:48:45Z
3457,1,1,4,Volunteers,Dorian,2017-04-20T08:41:32Z
3454,4,3,0,Employees,stoe,2017-02-03T10:50:30Z
3452,1,2,0,Volunteers,larsbrinkhoff,2017-02-02T19:58:53Z
3448,1,0,0,Volunteers,thezim,2017-02-02T19:13:01Z
3447,1,0,0,Volunteers,fix-fix,2017-02-02T19:09:56Z
3445,2,0,0,Volunteers,brandonblack,2017-01-31T23:08:53Z
3444,1,1,0,Volunteers,brandonblack,2017-01-31T22:45:23Z
3443,1,0,0,Volunteers,Alhadis,2017-02-02T19:09:08Z
3441,1,0,0,Volunteers,Alhadis,2017-02-02T19:08:21Z
3438,2,3,0,Volunteers,javierhonduco,2017-01-24T17:55:32Z
3436,2,0,0,Volunteers,brandonblack,2017-01-24T04:09:27Z
3434,1,0,0,Volunteers,pchaigno,2017-01-24T23:10:46Z
3432,8,5,1,Volunteers,sunderls,2017-01-23T18:58:54Z
3429,1,2,0,Employees,kivikakk,2017-01-17T06:02:11Z
3427,3,0,0,Volunteers,brandonblack,2017-01-12T00:08:32Z
3426,3,11,0,Volunteers,Alhadis,2017-01-11T05:16:25Z
3424,1,2,0,Employees,kivikakk,2017-01-10T00:44:24Z
3423,1,1,0,Volunteers,arfon,2017-01-09T19:54:55Z
3421,1,0,0,Volunteers,brandonblack,2017-01-09T07:30:57Z
3420,1,0,0,Employees,kivikakk,2017-01-09T05:53:14Z
3416,2,1,3,Volunteers,zonuexe,2017-01-04T19:26:20Z
3413,1,2,0,Volunteers,danilaml,2017-01-03T19:47:19Z
3411,1,3,0,Volunteers,pchaigno,2017-01-03T19:38:44Z
3409,1,2,0,Volunteers,pchaigno,2017-01-03T21:54:47Z
3402,6,6,2,Volunteers,samcv,2017-01-03T21:29:00Z
3396,2,8,0,Volunteers,astavale,2017-01-03T22:15:17Z
3393,3,2,0,Volunteers,nwhetsell,2017-01-03T22:08:29Z
3392,9,19,5,Volunteers,alexlouden,2017-02-20T10:09:59Z
3388,4,0,3,Volunteers,brandonblack,2016-12-23T00:55:22Z
3382,1,0,0,Volunteers,choofie,2017-01-03T22:10:49Z
3377,5,8,0,Volunteers,samcv,2016-12-23T23:58:21Z
3373,1,2,0,Volunteers,yutannihilation,2017-01-03T21:31:04Z
3370,3,0,0,Volunteers,brandonblack,2016-12-07T19:39:49Z
3368,4,1,0,Volunteers,Alhadis,2016-12-07T17:20:23Z
3367,2,1,2,Volunteers,zonuexe,2016-12-07T17:20:40Z
3361,1,1,0,Volunteers,pchaigno,2016-12-07T05:59:28Z
3360,1,0,0,Volunteers,pchaigno,2016-12-07T05:50:33Z
3359,5,0,0,Volunteers,pchaigno,2016-12-12T20:24:19Z
3358,1,2,0,Volunteers,ykzts,2016-12-07T05:43:34Z
3355,1,0,0,Volunteers,meganemura,2016-12-07T06:14:58Z
3354,4,2,0,Volunteers,meganemura,2017-01-03T21:57:46Z
3353,2,0,0,Volunteers,Alhadis,2016-12-07T05:32:11Z
3352,10,8,0,Volunteers,ahmadsalim,2016-12-07T17:29:11Z
3350,9,3,0,Volunteers,meganemura,2016-11-29T18:13:33Z
3349,1,0,0,Volunteers,pchaigno,2016-11-29T15:42:50Z
3341,1,3,10,Volunteers,SimenB,2016-11-29T18:14:25Z
3337,1,2,0,Volunteers,pchaigno,2016-11-22T01:13:30Z
3336,1,21,0,Volunteers,freebroccolo,2016-12-23T01:03:18Z
3333,7,6,1,Volunteers,saantiaguilera,2016-11-29T16:01:35Z
3329,1,7,0,Volunteers,askreet,2016-11-29T15:49:41Z
3325,2,8,5,Volunteers,danilaml,2016-11-14T01:57:56Z
3315,2,0,0,Volunteers,arfon,2016-11-02T19:20:00Z
3314,2,1,0,Volunteers,Alhadis,2016-11-02T17:13:44Z
3312,1,4,0,Volunteers,sanssecours,2016-11-02T17:07:34Z
3311,1,14,15,Volunteers,sanssecours,2016-11-02T12:33:47Z
3310,1,6,0,Volunteers,arfon,2016-10-30T12:41:59Z
3308,3,4,2,Volunteers,arfon,2016-10-29T13:41:09Z
3307,10,8,0,Volunteers,arfon,2016-10-29T12:40:10Z
3297,3,7,0,Volunteers,arfon,2016-11-04T00:32:28Z
3296,2,0,0,Volunteers,arfon,2016-10-26T17:43:22Z
3295,8,0,0,Volunteers,arfon,2016-10-26T00:10:56Z
3294,1,1,0,Volunteers,larsbrinkhoff,2016-10-25T22:45:39Z
3289,1,0,0,Volunteers,pchaigno,2016-10-22T22:39:22Z
3284,3,7,2,Volunteers,pchaigno,2016-11-29T15:50:44Z
3280,3,1,0,Volunteers,larsbrinkhoff,2016-10-13T04:54:21Z
3279,1,0,0,Volunteers,Alhadis,2016-10-22T22:38:38Z
3278,10,15,8,Volunteers,arfon,2016-12-13T21:39:27Z
3277,3,11,0,Volunteers,Alhadis,2016-10-17T17:03:43Z
3272,1,1,0,Volunteers,pchaigno,2016-10-10T13:47:01Z
3268,6,11,0,Volunteers,Alhadis,2016-10-10T23:36:53Z
3266,1,1,0,Volunteers,Alhadis,2016-10-09T14:58:18Z
3264,1,13,0,Volunteers,Alhadis,2016-10-26T00:15:05Z
3259,3,8,0,Volunteers,Alhadis,2016-10-06T16:52:29Z
3258,12,31,0,Volunteers,scottmangiapane,2016-10-10T15:55:23Z
3255,2,17,0,Volunteers,larsbrinkhoff,2016-10-03T17:22:34Z
3254,1,2,0,Volunteers,alexruperez,2016-10-01T02:29:23Z
3253,2,1,3,Volunteers,pchaigno,2016-10-02T09:16:25Z
3251,3,3,0,Volunteers,pchaigno,2016-09-27T08:44:26Z
3249,1,1,0,Volunteers,pchaigno,2016-09-26T04:25:19Z
3246,3,14,0,Volunteers,pchaigno,2016-10-01T06:46:31Z
3245,1,12,0,Volunteers,jecisc,2016-10-30T16:31:37Z
3243,9,0,1,Volunteers,tberman,2016-09-23T23:38:13Z
3242,2,5,0,Volunteers,JoshCheek,2016-10-22T17:24:44Z
3240,2,0,0,Volunteers,arfon,2016-09-23T04:36:30Z
3238,1,0,0,Volunteers,arfon,2016-09-22T04:35:19Z
3237,4,0,0,Volunteers,arfon,2016-09-22T04:02:31Z
3236,1,0,0,Volunteers,arfon,2016-09-22T02:54:27Z
3235,3,4,0,Volunteers,tberman,2016-09-22T03:17:48Z
3223,2,1,2,Volunteers,Alhadis,2016-09-22T03:16:12Z
3221,1,12,0,Volunteers,jredville,2016-12-07T05:55:25Z
3219,2,11,0,Volunteers,Alhadis,2016-09-22T15:10:13Z
3218,1,1,0,Volunteers,larsbrinkhoff,2016-09-15T17:24:53Z
3215,1,0,0,Volunteers,arfon,2016-09-14T23:33:33Z
3214,1,1,0,Volunteers,pchaigno,2016-09-14T22:21:54Z
3213,1,3,0,Volunteers,larsbrinkhoff,2016-09-22T05:36:49Z
3212,2,3,0,Volunteers,arfon,2016-09-13T20:02:13Z
3208,3,1,0,Volunteers,pchaigno,2016-09-13T17:43:39Z
3207,1,1,0,Volunteers,pchaigno,2016-09-13T17:42:53Z
3206,1,1,0,Volunteers,pchaigno,2016-09-13T17:44:47Z
3205,7,13,4,Volunteers,arfon,2016-09-13T18:27:25Z
3203,2,0,0,Volunteers,arfon,2016-09-12T05:35:56Z
3201,1,1,0,Volunteers,pchaigno,2016-09-12T02:53:10Z
3198,1,1,0,Volunteers,larsbrinkhoff,2016-09-12T04:16:04Z
3197,4,18,0,Volunteers,Alhadis,2016-09-22T03:13:28Z
3195,1,1,0,Volunteers,larsbrinkhoff,2016-09-07T16:57:45Z
3193,8,7,8,Volunteers,Alhadis,2016-10-25T11:36:01Z
3189,3,5,0,Volunteers,Alhadis,2016-09-12T02:52:51Z
3183,1,3,0,Volunteers,akhtars,2016-09-06T21:22:49Z
3182,1,5,0,Volunteers,adius,2016-10-22T22:39:51Z
3176,1,1,0,Volunteers,Alhadis,2016-09-04T15:46:31Z
3175,4,1,0,Volunteers,Alhadis,2016-10-12T00:16:08Z
3174,2,5,0,Volunteers,Alhadis,2016-09-04T17:48:42Z
3173,4,13,0,Volunteers,Alhadis,2016-09-12T04:17:58Z
3171,1,1,0,Volunteers,pchaigno,2016-08-27T19:01:58Z
3165,16,21,0,Volunteers,arfon,2016-08-26T20:17:32Z
3162,1,3,0,Volunteers,pchaigno,2016-08-24T15:54:09Z
3152,1,9,0,Volunteers,ajlangley,2016-08-13T08:25:59Z
3147,3,7,0,Volunteers,Alhadis,2016-08-19T16:49:15Z
3145,2,39,5,Volunteers,MartinNowak,2017-03-30T17:25:54Z
3142,17,17,12,Volunteers,Crissov,2016-12-06T02:50:05Z
3141,1,1,0,Volunteers,Alhadis,2016-08-03T18:35:50Z
3126,5,18,4,Volunteers,Alhadis,2016-07-29T18:01:54Z
3124,1,6,0,Volunteers,larsbrinkhoff,2016-07-29T17:58:29Z
3123,1,0,0,Volunteers,sahildua2305,2016-07-29T12:27:18Z
3116,2,20,0,Volunteers,arfon,2016-07-14T16:16:16Z
3115,10,2,2,Volunteers,arfon,2016-07-13T16:39:39Z
3113,2,3,0,Volunteers,larsbrinkhoff,2016-07-13T15:40:47Z
3108,1,4,0,Volunteers,larsbrinkhoff,2016-07-11T16:30:07Z
3105,5,32,3,Volunteers,jbrooksuk,2016-07-13T15:22:29Z
3102,3,1,0,Volunteers,sahildua2305,2016-07-10T03:57:48Z
3098,1,0,0,Volunteers,pchaigno,2016-07-02T03:03:13Z
3095,1,12,5,Volunteers,larsbrinkhoff,2016-07-13T16:30:15Z
3092,1,6,0,Volunteers,pchaigno,2016-11-01T11:18:18Z
3091,2,15,0,Volunteers,cozos,2016-07-12T16:07:57Z
3090,3,5,0,Volunteers,pchaigno,2016-07-14T14:24:57Z
3088,1,5,0,Volunteers,sahildua2305,2016-07-02T01:30:29Z
3087,1,1,0,Volunteers,pchaigno,2016-06-28T16:57:47Z
3086,1,1,0,Volunteers,pchaigno,2016-06-28T16:53:35Z
3085,6,3,6,Volunteers,sahildua2305,2016-07-03T03:05:59Z
3082,1,0,0,Volunteers,pchaigno,2016-06-27T14:39:46Z
3080,1,0,0,Volunteers,pchaigno,2016-06-27T02:49:06Z
3079,2,5,3,Volunteers,pchaigno,2016-09-04T23:54:35Z
3078,3,8,0,Volunteers,sahildua2305,2016-06-27T16:21:16Z
3077,6,33,0,Volunteers,sahildua2305,2016-07-24T10:59:24Z
3076,2,1,0,Volunteers,liavt,2016-06-25T04:41:02Z
3071,3,0,0,Volunteers,arfon,2016-06-21T16:30:45Z
3069,3,3,0,Volunteers,Alhadis,2016-06-22T05:02:05Z
3068,5,6,0,Volunteers,sahildua2305,2016-06-22T05:05:28Z
3066,1,1,0,Volunteers,pchaigno,2016-06-21T12:45:05Z
3061,1,0,0,Volunteers,sahildua2305,2016-06-21T12:45:37Z
3054,6,14,0,Volunteers,Alhadis,2016-06-20T05:35:31Z
3053,1,2,0,Volunteers,Alhadis,2016-06-15T01:54:25Z
3052,2,8,0,Volunteers,Alhadis,2016-06-14T19:16:27Z
3051,3,4,0,Volunteers,arfon,2016-06-18T14:28:53Z
3049,1,5,0,Volunteers,Alhadis,2016-06-13T19:11:56Z
3048,1,1,0,Volunteers,Limess,2016-06-13T19:10:13Z
3046,1,2,0,Volunteers,arfon,2016-06-13T19:11:04Z
3040,3,15,0,Volunteers,MathBunny,2016-06-07T12:13:12Z
3038,4,9,0,Volunteers,Alhadis,2016-06-05T16:22:03Z
3037,1,1,0,Volunteers,Alhadis,2016-06-03T20:03:11Z
3035,3,0,0,Volunteers,arfon,2016-06-03T01:11:46Z
3034,4,0,0,Volunteers,arfon,2016-06-02T17:00:04Z
3033,3,2,0,Volunteers,arfon,2016-06-02T16:35:08Z
3030,1,7,0,Volunteers,Alhadis,2016-06-01T16:40:31Z
3029,3,0,0,Volunteers,Alhadis,2016-06-01T16:41:22Z
3028,1,0,0,Volunteers,Alhadis,2016-06-01T18:06:54Z
3019,1,7,0,Volunteers,chillum,2016-05-29T01:40:04Z
3010,2,1,0,Volunteers,Alhadis,2016-05-22T14:03:21Z
3009,1,10,0,Volunteers,Alhadis,2016-05-23T14:49:16Z
3007,1,4,0,Volunteers,russelldavis,2016-06-07T12:06:18Z
3005,10,18,0,Volunteers,nwhetsell,2016-05-29T01:43:59Z
3001,1,1,0,Employees,snh,2016-06-02T16:59:06Z
2999,1,0,0,Volunteers,arfon,2016-05-10T02:55:49Z
2998,1,0,0,Volunteers,arfon,2016-05-09T15:57:33Z
2996,8,5,0,Volunteers,keplersj,2016-05-09T15:42:10Z
2995,1,0,0,Volunteers,arfon,2016-05-07T00:01:59Z
2994,2,0,0,Volunteers,arfon,2016-05-06T23:14:26Z
2993,4,0,0,Volunteers,arfon,2016-05-06T21:58:54Z
2992,4,1,0,Volunteers,arfon,2016-05-06T21:36:07Z
2991,1,4,0,Volunteers,pchaigno,2016-05-06T21:33:05Z
2990,4,1,0,Volunteers,arfon,2016-05-06T19:19:44Z
2986,4,1,0,Volunteers,Alhadis,2016-05-06T18:49:58Z
2984,2,2,0,Volunteers,jkrems,2016-05-06T21:20:42Z
2980,1,1,0,Volunteers,pchaigno,2016-05-04T03:15:20Z
2976,1,0,0,Volunteers,pchaigno,2016-05-03T01:33:38Z
2973,1,0,0,Volunteers,arfon,2016-04-29T20:26:54Z
2971,14,25,0,Volunteers,Alhadis,2016-05-04T21:07:01Z
2969,1,3,0,Volunteers,pchaigno,2016-04-26T14:39:53Z
2967,1,1,3,Volunteers,pchaigno,2016-05-05T15:33:40Z
2966,1,1,0,Volunteers,pchaigno,2016-04-29T18:43:55Z
2964,2,2,5,Volunteers,ghost,2016-04-29T18:45:43Z
2961,1,7,0,Volunteers,pchaigno,2016-04-27T17:09:36Z
2955,4,0,0,Employees,bkeepers,2016-04-16T14:46:24Z
2954,2,6,0,Volunteers,ghost,2016-04-27T17:11:07Z
2951,1,1,0,Volunteers,BruceKnowsHow,2016-04-15T15:06:12Z
2950,1,0,0,Volunteers,arfon,2016-04-15T02:55:24Z
2947,5,4,3,Employees,gjtorikian,2016-04-14T04:03:02Z
2941,3,2,0,Volunteers,keplersj,2016-04-15T18:16:50Z
2938,3,6,0,Volunteers,Alhadis,2016-04-09T02:51:41Z
2937,2,2,0,Volunteers,Alhadis,2016-04-08T20:15:21Z
2936,3,0,0,Volunteers,arfon,2016-04-03T13:55:27Z
2935,1,10,0,Volunteers,jirutka,2016-05-06T20:39:43Z
2934,1,6,0,Volunteers,jirutka,2016-05-06T20:55:33Z
2928,1,8,0,Volunteers,PJB3005,2016-04-03T13:46:21Z
2927,1,1,0,Volunteers,Alhadis,2016-03-31T16:19:30Z
2922,2,0,0,Volunteers,arfon,2016-03-29T23:02:30Z
2921,1,2,0,Volunteers,Alhadis,2016-03-29T13:58:38Z
2920,4,4,15,Volunteers,Alhadis,2016-03-29T19:36:13Z
2914,1,0,0,Volunteers,arfon,2016-03-28T02:35:30Z
2911,3,0,0,Volunteers,arfon,2016-03-25T17:56:13Z
2910,1,4,0,Volunteers,Dominator008,2016-04-15T18:14:57Z
2908,1,0,0,Volunteers,arfon,2016-03-23T21:00:46Z
2907,2,2,0,Volunteers,keplersj,2016-03-24T02:09:34Z
2906,1,2,0,Volunteers,jamesqo,2016-03-22T17:57:48Z
2905,1,0,0,Volunteers,arfon,2016-03-21T19:13:52Z
2903,1,0,0,Volunteers,arfon,2016-03-21T15:25:02Z
2902,2,6,0,Volunteers,jamesqo,2016-03-24T02:11:36Z
2900,1,0,0,Volunteers,arfon,2016-03-21T02:16:01Z
2899,1,2,0,Volunteers,jamesqo,2016-03-21T02:16:39Z
2898,1,0,0,Volunteers,arfon,2016-03-20T14:34:05Z
2897,1,0,0,Volunteers,arfon,2016-03-20T02:41:13Z
2896,1,0,0,Volunteers,arfon,2016-03-20T02:26:36Z
2895,2,0,0,Volunteers,arfon,2016-03-20T02:29:11Z
2894,4,2,0,Volunteers,pchaigno,2016-03-20T02:42:32Z
2893,2,0,0,Volunteers,arfon,2016-03-19T14:00:53Z
2892,1,0,0,Volunteers,arfon,2016-03-19T13:45:05Z
2891,1,1,0,Volunteers,pchaigno,2016-03-19T13:47:18Z
2887,2,0,0,Volunteers,arfon,2016-03-19T02:28:59Z
2886,1,0,0,Volunteers,arfon,2016-03-18T23:52:07Z
2884,42,5,0,Volunteers,arfon,2016-03-18T23:29:05Z
2883,1,1,0,Volunteers,williamd1k0,2016-03-17T23:32:32Z
2882,5,2,0,Volunteers,arfon,2016-03-17T20:05:24Z
2880,2,0,0,Volunteers,arfon,2016-03-17T04:46:29Z
2877,2,1,0,Volunteers,pchaigno,2016-03-12T13:01:59Z
2876,1,1,0,Employees,vmg,2016-03-11T09:33:09Z
2875,9,3,0,Volunteers,arfon,2016-03-17T16:40:19Z
2873,4,0,0,Volunteers,arfon,2016-03-10T01:55:29Z
2870,1,1,0,Volunteers,kusma,2016-03-09T13:02:11Z
2869,1,1,0,Volunteers,pchaigno,2016-03-09T12:02:01Z
2868,10,1,0,Volunteers,arfon,2016-03-09T04:03:30Z
2866,1,7,7,Volunteers,ghost,2016-03-10T02:53:08Z
2861,1,7,8,Volunteers,jglick,2016-03-04T17:12:01Z
2858,6,2,0,Volunteers,williamd1k0,2016-03-08T02:34:44Z
2857,1,4,0,Volunteers,Dominator008,2016-03-04T18:46:00Z
2856,2,0,0,Volunteers,arfon,2016-02-29T15:24:58Z
2851,1,1,0,Volunteers,edechter,2016-02-27T00:21:11Z
2846,1,3,0,Volunteers,Dominator008,2016-02-20T03:14:15Z
2845,4,7,0,Volunteers,kusma,2016-02-24T00:56:51Z
2844,1,1,0,Volunteers,pchaigno,2016-02-19T15:44:01Z
2843,5,21,1,Employees,bkeepers,2016-10-28T04:24:06Z
2842,2,17,0,Volunteers,kusma,2016-03-08T02:36:25Z
2838,1,1,0,Volunteers,scop,2016-02-19T19:39:59Z
2837,2,3,0,Volunteers,scop,2016-02-19T16:05:37Z
2836,2,0,0,Volunteers,arfon,2016-02-12T23:58:11Z
2833,2,1,0,Volunteers,pchaigno,2016-02-03T15:45:08Z
2832,2,2,1,Volunteers,arfon,2016-02-03T05:43:12Z
2831,5,7,0,Volunteers,FarbodSalamat-Zadeh,2016-02-27T22:54:44Z
2827,2,1,0,Volunteers,pchaigno,2016-02-01T00:33:07Z
2822,1,2,0,Volunteers,AbigailBuccaneer,2016-02-05T03:28:12Z
2812,1,3,0,Volunteers,chrisarcand,2016-01-22T01:12:26Z
2811,1,1,0,Volunteers,pchaigno,2016-01-18T12:59:48Z
2809,2,0,0,Volunteers,arfon,2016-01-15T15:34:50Z
2808,2,2,0,Volunteers,pchaigno,2016-01-17T21:14:55Z
2807,1,3,0,Volunteers,mrmonday,2016-01-15T14:11:36Z
2805,1,3,0,Volunteers,jamesqo,2016-02-05T03:28:47Z
2803,7,2,0,Volunteers,c-lipka,2016-02-28T14:33:05Z
2800,9,0,0,Volunteers,arfon,2016-01-07T21:37:28Z
2797,3,12,0,Volunteers,lpil,2016-01-23T16:36:43Z
2796,3,2,0,Volunteers,arfon,2016-01-03T03:09:52Z
2794,8,0,0,Volunteers,erkyrath,2016-01-07T21:37:31Z
2792,1,1,0,Volunteers,aqnouch,2016-01-03T02:23:52Z
2788,1,1,0,Volunteers,nwolverson,2016-01-03T02:33:21Z
2783,6,10,1,Volunteers,jrnold,2016-01-03T02:32:14Z
2782,2,5,0,Volunteers,pchaigno,2016-01-03T12:44:54Z
2778,2,0,2,Volunteers,pchaigno,2016-01-07T21:25:47Z
2776,3,1,0,Volunteers,humzashah,2015-12-18T16:50:25Z
2773,1,24,0,Volunteers,nixel2007,2016-08-19T16:12:49Z
2772,1,1,1,Volunteers,ibnfirnas,2016-01-07T21:26:10Z
2771,2,4,1,Volunteers,ibnfirnas,2015-12-16T00:48:05Z
2768,3,3,1,Volunteers,williamd1k0,2015-12-14T14:41:45Z
2766,1,1,0,Employees,piki,2015-12-10T08:08:40Z
2765,1,0,0,Volunteers,arfon,2015-12-09T04:17:35Z
2763,8,1,0,Volunteers,arfon,2015-12-08T12:45:57Z
2759,3,5,0,Volunteers,pchaigno,2015-12-08T21:08:55Z
2758,3,2,0,Volunteers,arfon,2015-12-03T22:03:12Z
2757,1,1,0,Volunteers,scottclowe,2015-12-03T21:35:55Z
2755,1,0,0,Volunteers,arfon,2015-12-02T22:23:15Z
2749,7,12,0,Volunteers,Alhadis,2015-12-08T13:04:13Z
2741,2,0,0,Volunteers,arfon,2015-11-23T21:24:30Z
2736,2,1,0,Volunteers,ppwwyyxx,2015-11-23T03:16:45Z
2735,8,10,2,Volunteers,tschf,2017-04-26T18:03:02Z
2733,4,2,0,Volunteers,arfon,2015-11-20T02:34:36Z
2731,1,3,0,Volunteers,soc,2015-11-20T02:06:22Z
2729,1,1,0,Volunteers,larsbrinkhoff,2015-11-20T02:07:10Z
2728,1,3,0,Volunteers,larsbrinkhoff,2015-11-20T02:05:45Z
2722,2,0,0,Volunteers,arfon,2015-11-13T01:51:41Z
2718,1,4,0,Volunteers,meatballhat,2015-11-10T09:30:04Z
2717,1,3,0,Volunteers,meatballhat,2015-11-10T09:31:24Z
2716,1,6,0,Volunteers,aroben,2015-11-05T16:40:34Z
2714,1,1,0,Volunteers,aroben,2015-11-05T16:14:26Z
2712,2,4,0,Volunteers,matiasinsaurralde,2015-11-13T00:18:52Z
2706,1,7,1,Volunteers,redroot,2015-11-05T17:07:50Z
2702,1,0,0,Volunteers,arfon,2015-10-23T09:29:13Z
2700,1,1,0,Volunteers,pchaigno,2015-10-22T19:39:14Z
2698,2,11,0,Volunteers,phase,2015-10-22T08:26:31Z
2696,1,0,0,Volunteers,arfon,2015-10-21T09:19:16Z
2694,10,3,2,Volunteers,arfon,2015-10-21T07:49:42Z
2690,5,4,0,Employees,bkeepers,2015-11-10T09:41:09Z
2689,7,4,4,Volunteers,ratherblue,2015-10-19T11:00:39Z
2686,1,1,0,Volunteers,pchaigno,2015-10-19T10:49:36Z
2684,1,1,0,Volunteers,jeffkreeftmeijer,2015-10-19T11:02:19Z
2683,1,1,0,Volunteers,hipikat,2015-10-12T09:09:17Z
2681,1,1,0,Volunteers,miek,2015-10-21T07:55:05Z
2680,1,0,0,Volunteers,keplersj,2015-10-11T20:31:55Z
2676,1,1,0,Volunteers,lucky,2015-10-19T11:05:12Z
2675,1,2,0,Volunteers,fbonzon,2015-10-11T20:32:17Z
2672,3,0,0,Volunteers,arfon,2015-10-05T10:15:35Z
2671,2,1,0,Volunteers,pchaigno,2015-10-05T08:15:16Z
2656,1,1,0,Volunteers,iblech,2015-09-27T19:34:30Z
2655,2,8,0,Volunteers,iblech,2015-11-16T23:57:53Z
2654,4,0,0,Employees,vmg,2015-09-28T09:12:49Z
2648,1,11,0,Volunteers,jaredpetersen,2015-10-05T08:23:56Z
2642,1,1,0,Employees,bkeepers,2015-09-23T08:19:18Z
2641,2,1,0,Employees,mislav,2015-09-21T19:56:33Z
2640,4,11,0,Volunteers,wizawu,2015-10-05T08:21:46Z
2636,1,0,0,Employees,vmg,2015-09-16T14:48:12Z
2630,3,1,2,Employees,vmg,2015-09-15T09:19:45Z
2625,1,0,0,Volunteers,arfon,2015-09-09T08:18:11Z
2624,1,1,0,Volunteers,pchaigno,2015-09-08T10:01:44Z
2622,1,1,0,Volunteers,miksen,2015-09-08T11:08:42Z
2619,1,0,0,Volunteers,arfon,2015-09-03T14:02:16Z
2616,1,3,0,Volunteers,scttnlsn,2015-09-02T17:35:07Z
2613,12,9,7,Volunteers,ghost,2016-01-22T01:10:36Z
2612,2,0,0,Volunteers,arfon,2015-09-01T20:04:40Z
2610,1,1,0,Volunteers,ghost,2015-09-01T14:20:49Z
2607,4,11,0,Volunteers,Alhadis,2015-09-02T09:13:31Z
2606,2,2,2,Volunteers,thejameskyle,2015-09-01T14:23:53Z
2604,2,4,0,Volunteers,larsbrinkhoff,2015-09-01T14:25:49Z
2600,2,15,0,Volunteers,manveru,2015-11-05T16:08:38Z
2594,2,1,0,Employees,benbalter,2015-08-26T18:55:37Z
2592,1,1,0,Volunteers,jtbandes,2015-08-26T11:52:05Z
2591,1,1,0,Volunteers,jtbandes,2015-09-01T17:53:09Z
2589,3,11,0,Volunteers,mandel,2015-08-26T18:36:54Z
2582,6,2,0,Volunteers,pchaigno,2015-08-26T13:02:57Z
2580,2,1,0,Volunteers,LeonaMorro,2015-08-26T13:09:49Z
2578,1,1,0,Volunteers,blakeembrey,2015-08-20T19:56:21Z
2574,1,1,1,Volunteers,arfon,2015-08-20T09:29:52Z
2573,1,1,0,Volunteers,a0viedo,2015-08-20T09:25:02Z
2572,1,1,0,Volunteers,pchaigno,2015-08-19T20:38:42Z
2571,5,4,0,Volunteers,pchaigno,2015-08-19T20:44:13Z
2570,2,1,0,Volunteers,pchaigno,2015-08-19T20:41:16Z
2568,6,15,3,Employees,benbalter,2015-08-20T19:42:50Z
2567,1,2,0,Volunteers,pcantrell,2015-09-08T09:53:32Z
2566,1,0,0,Volunteers,arfon,2015-08-19T09:36:52Z
2565,1,1,0,Volunteers,pchaigno,2015-08-19T05:49:16Z
2561,2,1,0,Volunteers,pchaigno,2015-08-18T10:25:38Z
2560,1,1,0,Volunteers,larsbrinkhoff,2015-08-18T20:15:46Z
2557,1,1,0,Volunteers,pchaigno,2015-08-19T18:21:33Z
2555,1,2,0,Volunteers,larsbrinkhoff,2015-08-13T09:18:51Z
2554,14,0,0,Volunteers,arfon,2015-08-12T17:54:04Z
2552,1,0,0,Volunteers,arfon,2015-08-11T06:50:53Z
2551,1,0,0,Volunteers,arfon,2015-08-11T05:53:25Z
2549,1,0,0,Volunteers,arfon,2015-08-10T21:17:07Z
2547,1,0,0,Volunteers,arfon,2015-08-10T14:10:20Z
2546,1,2,0,Volunteers,ammaraskar,2015-08-10T08:53:46Z
2545,2,1,0,Volunteers,pchaigno,2015-08-10T08:54:20Z
2542,2,4,0,Employees,josh,2015-08-07T21:26:55Z
2541,4,3,2,Volunteers,arfon,2015-08-11T08:44:19Z
2540,1,2,0,Volunteers,pchaigno,2015-08-06T08:33:55Z
2539,2,1,0,Volunteers,rji,2015-08-07T09:25:32Z
2538,1,5,0,Volunteers,BerkeleyTrue,2015-08-06T08:01:01Z
2537,3,1,0,Volunteers,imsys,2015-08-05T13:06:24Z
2536,1,0,0,Volunteers,arfon,2015-08-04T21:04:25Z
2535,1,2,0,Volunteers,pchaigno,2015-08-04T20:35:54Z
2534,1,0,0,Volunteers,arfon,2015-08-04T13:05:10Z
2533,1,0,0,Volunteers,arfon,2015-08-04T11:45:44Z
2532,1,0,0,Volunteers,arfon,2015-08-04T11:11:17Z
2527,1,12,0,Volunteers,radeksimko,2015-07-30T13:42:46Z
2526,1,0,0,Volunteers,arfon,2015-07-29T14:21:31Z
2525,1,0,0,Volunteers,arfon,2015-07-29T13:37:08Z
2524,2,1,0,Volunteers,arfon,2015-07-29T13:07:04Z
2515,3,5,0,Volunteers,arfon,2015-07-21T14:26:45Z
2513,2,7,4,Volunteers,yyx990803,2015-08-04T11:47:12Z
2510,1,1,0,Volunteers,joelparkerhenderson,2015-07-20T15:30:57Z
2506,1,5,0,Volunteers,hdgarrood,2015-07-21T12:37:05Z
2502,1,1,0,Volunteers,vszakats,2015-07-15T22:40:51Z
2500,3,0,0,Volunteers,arfon,2015-07-14T23:22:23Z
2499,1,2,0,Volunteers,vszakats,2015-07-14T15:48:24Z
2494,1,6,0,Volunteers,keplersj,2015-07-12T12:42:53Z
2493,1,1,2,Volunteers,miek,2015-07-12T12:44:17Z
2488,1,1,0,Employees,bkeepers,2015-07-13T22:14:20Z
2487,1,5,0,Volunteers,thorade,2015-07-11T06:59:48Z
2180,11,16,0,Volunteers,pchaigno,2015-07-08T18:25:50Z
2484,1,0,0,Volunteers,pchaigno,2015-07-04T15:58:42Z
2483,1,1,0,Volunteers,arfon,2015-07-10T21:57:07Z
2482,1,0,0,Volunteers,arfon,2015-07-04T06:02:29Z
2481,3,1,0,Volunteers,arfon,2015-07-04T05:19:02Z
2479,3,2,0,Volunteers,ianamason,2015-07-01T19:10:28Z
2478,2,12,0,Volunteers,mattn,2015-07-04T04:32:30Z
2477,2,0,0,Employees,vmg,2015-06-30T12:58:18Z
2463,2,4,0,Volunteers,pchaigno,2015-06-30T02:18:47Z
2457,1,1,0,Volunteers,drewcrawford,2015-06-30T02:16:08Z
2456,3,2,0,Volunteers,arfon,2015-06-17T14:45:38Z
2449,3,9,0,Volunteers,larsbrinkhoff,2015-06-16T14:10:21Z
2447,2,7,0,Volunteers,Ryman,2015-08-07T09:28:21Z
2445,1,4,0,Volunteers,rneatherway,2015-06-15T21:10:08Z
2443,4,11,0,Volunteers,wcandillon,2015-06-12T16:35:53Z
2441,9,5,1,Volunteers,pchaigno,2015-08-04T11:00:47Z
2440,1,39,5,Volunteers,rpavlick,2015-07-16T21:46:07Z
2439,1,3,0,Volunteers,alexweber,2015-06-05T16:43:21Z
2438,11,17,0,Volunteers,edm00se,2015-07-25T16:52:01Z
2432,1,10,0,Volunteers,jakepetroules,2015-06-04T16:45:16Z
2431,1,1,0,Volunteers,pchaigno,2015-05-31T13:49:53Z
2429,2,1,0,Volunteers,larsbrinkhoff,2015-05-31T13:51:51Z
2426,3,3,0,Volunteers,tamird,2015-05-31T13:53:49Z
2425,1,1,0,Volunteers,larsbrinkhoff,2015-05-28T15:16:25Z
2422,2,3,0,Volunteers,CalebFenton,2015-05-28T15:17:48Z
2419,1,7,0,Volunteers,evgenyneu,2015-05-28T18:33:47Z
2413,3,4,0,Volunteers,yegortimoshenko,2015-05-28T15:27:53Z
2410,1,4,0,Volunteers,SimenB,2015-05-20T17:34:15Z
2407,1,0,0,Volunteers,arfon,2015-05-19T20:44:38Z
2405,2,1,0,Volunteers,aroben,2015-05-19T15:46:21Z
2401,4,0,0,Volunteers,arfon,2015-05-18T21:15:40Z
2394,2,3,2,Volunteers,arfon,2015-05-13T14:03:43Z
2393,3,11,0,Volunteers,KrauseFx,2015-05-13T13:45:23Z
2392,4,5,3,Volunteers,vighnesh1987,2015-05-20T17:43:55Z
2390,5,5,0,Volunteers,larsbrinkhoff,2015-05-21T17:47:08Z
2388,4,6,4,Volunteers,mephaust,2015-05-13T21:02:31Z
2387,1,3,0,Volunteers,aivus,2015-05-13T14:03:35Z
2386,1,1,2,Volunteers,larsbrinkhoff,2015-05-06T20:55:36Z
2383,5,20,0,Volunteers,larsbrinkhoff,2015-06-15T20:40:45Z
2378,1,3,0,Volunteers,Mailaender,2015-05-27T13:41:22Z
2375,7,5,0,Volunteers,mbdoud,2015-05-04T13:17:33Z
2374,1,1,0,Volunteers,pchaigno,2015-05-02T11:38:28Z
2373,1,1,0,Volunteers,pchaigno,2015-05-13T14:50:32Z
2372,3,1,0,Volunteers,pchaigno,2015-05-05T13:17:38Z
2368,1,9,0,Volunteers,vog,2015-05-05T13:18:37Z
2363,1,9,0,Volunteers,danielgtaylor,2015-05-04T14:47:11Z
2170,9,18,5,Volunteers,pchaigno,2015-07-04T19:57:40Z
2346,2,1,2,Volunteers,larsbrinkhoff,2015-04-21T13:22:05Z
2341,1,5,0,Employees,bkeepers,2016-03-17T03:15:50Z
2340,2,1,3,Employees,bkeepers,2015-04-18T20:58:07Z
2339,1,1,0,Volunteers,vitaut,2015-04-16T22:42:08Z
2335,2,20,0,Volunteers,DavidJFelix,2015-04-20T21:57:15Z
2334,2,1,0,Volunteers,thomasvandoren,2015-04-17T02:20:16Z
2333,1,1,0,Volunteers,3flex,2015-04-17T01:57:07Z
2330,2,4,3,Volunteers,larsbrinkhoff,2015-04-21T13:19:53Z
2328,3,0,0,Volunteers,arfon,2015-04-11T01:16:05Z
2326,9,0,0,Volunteers,arfon,2015-04-10T20:54:04Z
2325,14,2,0,Volunteers,arfon,2015-04-10T20:32:46Z
2324,2,2,0,Volunteers,pchaigno,2015-04-10T19:29:10Z
2323,3,5,0,Volunteers,lsf37,2015-04-10T18:57:03Z
2322,2,3,0,Volunteers,larsbrinkhoff,2015-04-13T13:49:37Z
2314,1,1,0,Volunteers,larsbrinkhoff,2015-04-07T12:56:16Z
2312,1,1,0,Volunteers,larsbrinkhoff,2015-04-06T18:15:04Z
2311,1,1,0,Volunteers,pchaigno,2015-04-06T17:36:19Z
2309,1,1,0,Volunteers,pchaigno,2015-04-06T00:37:08Z
2308,1,1,0,Volunteers,pchaigno,2015-04-05T15:56:19Z
2306,5,16,0,Volunteers,powerman,2015-04-06T18:14:32Z
2304,1,1,0,Volunteers,arfon,2015-04-03T19:02:23Z
2301,1,12,0,Volunteers,danp,2015-04-02T23:09:38Z
2300,1,1,0,Volunteers,arfon,2015-04-02T01:41:27Z
2299,2,2,0,Volunteers,arfon,2015-04-02T18:14:29Z
2298,11,21,0,Employees,gjtorikian,2015-04-06T18:15:32Z
2296,5,10,0,Volunteers,phase,2015-04-02T23:06:30Z
2295,1,0,0,Volunteers,arfon,2015-04-01T01:16:53Z
2294,1,0,0,Volunteers,arfon,2015-04-01T00:45:16Z
2293,1,0,0,Volunteers,arfon,2015-04-01T00:39:45Z
2291,1,1,0,Volunteers,ifarbod,2015-04-01T00:25:40Z
2290,1,0,0,Volunteers,untitaker,2015-04-01T00:29:23Z
2289,1,2,0,Volunteers,lepture,2015-03-31T16:43:39Z
2286,2,0,0,Volunteers,arfon,2015-03-30T21:57:43Z
2279,2,4,0,Volunteers,joewiz,2015-03-26T18:21:47Z
2276,1,1,0,Volunteers,MakeNowJust,2015-03-27T16:24:31Z
2275,1,4,0,Employees,ptoomey3,2015-03-27T16:25:29Z
2274,1,1,1,Volunteers,csimons,2015-03-25T20:24:10Z
2272,1,4,0,Volunteers,lpil,2015-03-25T14:04:07Z
2270,1,1,0,Volunteers,larsbrinkhoff,2015-03-25T13:39:49Z
2269,1,3,0,Volunteers,stuartpb,2015-03-25T00:24:34Z
2266,1,4,0,Volunteers,Dorian,2015-04-10T19:15:42Z
2265,1,0,0,Volunteers,arfon,2015-03-25T00:08:59Z
2264,1,0,0,Volunteers,arfon,2015-03-24T17:28:29Z
2263,3,0,0,Volunteers,arfon,2015-03-24T17:09:15Z
2262,1,1,0,Volunteers,drautb,2015-03-24T16:38:21Z
2261,1,1,0,Volunteers,ntkme,2015-03-24T16:38:39Z
2259,1,7,0,Volunteers,adelcambre,2015-03-24T15:36:52Z
2257,2,5,0,Volunteers,Oldes,2015-03-23T16:30:48Z
2256,1,8,0,Volunteers,Oldes,2015-03-23T16:30:06Z
2254,4,6,0,Volunteers,shaunlebron,2015-03-21T21:54:20Z
2253,1,2,0,Volunteers,larsbrinkhoff,2015-03-23T20:30:03Z
2250,1,3,0,Volunteers,shaneog,2015-03-21T21:56:01Z
2247,2,1,0,Volunteers,larsbrinkhoff,2015-03-30T21:08:42Z
2246,1,0,0,Volunteers,vitaut,2015-03-20T01:26:57Z
2242,1,3,0,Volunteers,larsbrinkhoff,2015-03-19T13:46:55Z
2241,1,0,0,Volunteers,arfon,2015-03-18T15:45:42Z
2236,1,3,0,Volunteers,phase,2015-03-18T14:24:46Z
2233,13,4,1,Volunteers,tesch1,2015-04-01T00:27:33Z
2232,1,0,0,Volunteers,pchaigno,2015-03-14T22:16:45Z
2231,1,1,0,Volunteers,pchaigno,2015-03-14T18:08:06Z
2229,2,0,0,Volunteers,pchaigno,2015-03-14T18:08:29Z
2227,1,24,0,Volunteers,samoht,2015-03-18T14:05:12Z
2224,1,1,0,Volunteers,arfon,2015-03-12T18:13:37Z
2222,1,3,0,Volunteers,chriskuehl,2015-03-18T14:27:32Z
2218,2,3,0,Volunteers,xPaw,2015-03-12T18:13:24Z
2215,1,2,0,Employees,bkeepers,2015-03-08T23:35:06Z
2213,2,7,7,Volunteers,ntkme,2015-03-20T14:26:40Z
2209,4,4,0,Volunteers,chezwicker,2015-03-14T22:17:52Z
2207,1,2,0,Volunteers,aroben,2015-03-09T13:15:30Z
2204,1,3,0,Volunteers,aquileia,2015-03-06T13:26:39Z
2203,3,4,0,Volunteers,pchaigno,2015-05-21T16:34:45Z
2202,1,2,0,Volunteers,pchaigno,2015-03-06T13:33:51Z
2200,1,0,0,Volunteers,arfon,2015-03-05T22:37:40Z
2198,3,10,0,Employees,tarebyte,2015-03-16T12:58:05Z
2196,1,1,0,Volunteers,larsbrinkhoff,2015-03-05T21:03:45Z
2193,2,1,0,Volunteers,pchaigno,2015-03-04T03:43:55Z
2192,2,4,0,Volunteers,graymalkin,2015-03-03T17:50:29Z
2189,1,1,0,Volunteers,pchaigno,2015-03-03T17:50:50Z
2188,1,1,0,Volunteers,graymalkin,2015-03-02T17:11:40Z
2184,1,1,0,Volunteers,redj,2015-03-02T01:21:27Z
2181,1,1,0,Volunteers,pchaigno,2015-03-01T17:13:58Z
2179,2,6,0,Volunteers,pchaigno,2015-07-04T15:57:43Z
2178,1,5,0,Volunteers,munrocape,2015-03-08T03:57:25Z
2176,7,0,0,Volunteers,arfon,2015-02-27T20:16:03Z
2175,11,4,0,Volunteers,arfon,2015-03-01T02:45:08Z
2174,2,0,0,Volunteers,arfon,2015-02-27T11:00:54Z
2173,8,7,8,Volunteers,arfon,2015-03-05T21:02:42Z
2171,1,0,0,Volunteers,pchaigno,2015-02-27T11:00:58Z
2165,1,1,0,Volunteers,deviantintegral,2015-02-25T14:17:55Z
2162,10,0,0,Employees,charliesome,2015-03-05T21:03:30Z
2160,1,3,0,Volunteers,brandonwamboldt,2015-02-27T03:02:35Z
2158,1,0,0,Volunteers,arfon,2015-02-24T20:32:21Z
2157,1,4,0,Volunteers,hoosierEE,2015-02-24T20:31:53Z
2154,1,1,0,Volunteers,pchaigno,2015-02-27T16:14:20Z
2153,6,3,1,Employees,gjtorikian,2015-02-24T21:34:22Z
2152,1,1,0,Volunteers,pchaigno,2015-02-24T20:30:37Z
2151,2,7,0,Volunteers,soonhokong,2015-02-24T20:34:59Z
2147,2,1,0,Volunteers,pchaigno,2015-02-24T20:25:38Z
2146,2,7,0,Volunteers,pchaigno,2016-03-09T12:02:58Z
2145,2,2,0,Volunteers,larsbrinkhoff,2015-02-27T03:04:13Z
2141,1,0,0,Volunteers,aroben,2015-02-20T20:51:24Z
2139,5,25,0,Volunteers,aroben,2015-02-20T20:00:06Z
2136,1,1,0,Volunteers,aroben,2015-02-20T14:35:32Z
2135,1,4,0,Volunteers,aroben,2015-02-19T21:55:44Z
2133,1,0,0,Volunteers,aroben,2015-02-19T16:19:44Z
2128,1,1,0,Volunteers,larsbrinkhoff,2015-02-27T02:52:41Z
2123,1,26,0,Volunteers,larsbrinkhoff,2015-03-17T19:59:53Z
2120,10,0,0,Volunteers,arfon,2015-02-16T19:23:08Z
2119,4,1,0,Volunteers,pchaigno,2015-02-17T22:39:13Z
2118,1,1,0,Volunteers,xbony2,2015-02-17T22:51:57Z
2114,3,2,0,Volunteers,aroben,2015-02-16T15:19:41Z
2112,2,5,0,Volunteers,nwellnhof,2015-02-27T20:19:42Z
2102,1,1,0,Volunteers,phillipberndt,2015-02-27T03:00:52Z
2101,2,4,0,Volunteers,amclain,2015-03-24T17:09:17Z
2100,1,4,0,Volunteers,honzabrecka,2015-02-10T21:08:47Z
2098,1,3,0,Volunteers,larsbrinkhoff,2015-02-10T21:06:44Z
2097,10,37,3,Volunteers,aroben,2015-02-13T21:43:41Z
2092,1,2,0,Employees,bkeepers,2015-02-09T15:24:00Z
2089,9,8,2,Volunteers,pchaigno,2015-02-09T22:27:31Z
2087,1,2,0,Volunteers,pchaigno,2015-02-27T20:06:50Z
2086,1,2,0,Volunteers,pchaigno,2015-02-08T17:16:37Z
2085,2,3,0,Volunteers,arfon,2015-02-11T22:00:25Z
2083,2,2,0,Volunteers,arfon,2015-02-06T15:06:28Z
2079,1,3,0,Volunteers,lqez,2015-02-05T17:27:08Z
2078,2,2,0,Volunteers,pchaigno,2015-02-07T16:46:11Z
2077,2,0,0,Volunteers,arfon,2015-02-04T15:20:30Z
2076,1,4,0,Volunteers,larsbrinkhoff,2015-02-12T16:51:37Z
2075,1,1,0,Volunteers,philix,2015-03-27T18:02:36Z
2073,6,12,2,Volunteers,vitaut,2015-02-27T20:16:05Z
2072,1,2,0,Volunteers,larsbrinkhoff,2015-02-04T01:49:46Z
2071,9,9,0,Volunteers,pchaigno,2015-02-04T20:14:54Z
2070,1,15,0,Volunteers,R4PaSs,2017-05-15T08:02:06Z
2064,8,1,0,Volunteers,pchaigno,2015-02-01T22:09:42Z
2063,1,22,0,Volunteers,larsbrinkhoff,2015-02-04T14:18:38Z
2059,2,1,0,Volunteers,pchaigno,2015-01-31T21:17:38Z
2058,3,6,0,Volunteers,pchaigno,2015-02-01T19:24:54Z
2057,6,8,0,Volunteers,steinwaywhw,2015-02-01T01:03:05Z
2056,2,0,0,Volunteers,arfon,2015-01-30T18:15:55Z
2055,1,0,0,Volunteers,arfon,2015-01-30T17:04:21Z
2048,1,1,0,Volunteers,infininight,2015-01-28T13:02:49Z
2047,1,2,0,Volunteers,vors,2015-01-28T13:00:18Z
2044,1,1,0,Volunteers,pchaigno,2015-01-27T15:45:24Z
2041,19,14,11,Volunteers,arfon,2015-01-30T02:12:47Z
2037,1,1,0,Volunteers,pchaigno,2015-01-26T01:24:15Z
2006,2,17,4,Volunteers,pchaigno,2016-12-12T20:34:33Z
2031,1,2,0,Volunteers,pchaigno,2015-01-24T14:51:26Z
2030,5,2,0,Volunteers,arfon,2015-01-23T20:50:32Z
2025,1,1,0,Volunteers,hyperair,2015-01-23T21:29:57Z
2024,5,7,0,Volunteers,halirutan,2015-02-27T03:10:00Z
2017,11,1,0,Volunteers,arfon,2015-03-15T01:42:20Z
2015,3,0,0,Volunteers,arfon,2015-01-20T16:40:38Z
2014,1,0,0,Volunteers,arfon,2015-01-20T15:12:33Z
2007,1,5,0,Volunteers,mamodom,2015-04-11T01:16:06Z
2005,1,3,0,Volunteers,JJ,2015-01-18T14:44:00Z
2003,2,5,0,Volunteers,pchaigno,2015-01-17T15:10:58Z
2002,8,4,1,Employees,bkeepers,2015-02-06T21:45:01Z
2001,2,8,0,Volunteers,hartsantler,2015-01-30T14:28:27Z
2000,1,1,0,Volunteers,jayphelps,2015-02-01T19:03:13Z
1999,2,1,0,Volunteers,arfon,2015-01-15T22:41:36Z
1998,2,5,0,Volunteers,Frigolit,2015-01-15T22:07:22Z
1996,1,1,0,Volunteers,aoetk,2015-01-15T15:30:02Z
1995,2,6,0,Volunteers,phuicy,2015-01-16T02:26:19Z
1989,3,5,0,Volunteers,davidabian,2015-01-12T14:12:45Z
1986,3,4,0,Volunteers,pchaigno,2015-01-26T15:28:11Z
1982,2,1,0,Volunteers,pchaigno,2015-01-10T15:18:45Z
1978,3,6,0,Volunteers,larsbrinkhoff,2015-01-09T23:53:25Z
1977,4,2,0,Volunteers,arfon,2015-01-09T17:50:01Z
1976,9,17,5,Volunteers,arfon,2015-01-16T02:20:00Z
1975,3,7,0,Volunteers,arfon,2015-01-08T20:19:38Z
1974,1,1,0,Volunteers,aroben,2015-01-08T16:13:59Z
1973,4,1,0,Volunteers,aroben,2015-01-08T16:01:05Z
1970,2,3,0,Volunteers,larsbrinkhoff,2015-01-08T18:43:14Z
1965,4,13,0,Volunteers,aroben,2016-03-09T12:35:31Z
1963,2,1,0,Volunteers,aroben,2015-01-09T21:20:30Z
1962,1,0,0,Volunteers,aroben,2015-01-07T15:57:29Z
1959,1,2,0,Volunteers,floscher,2015-01-07T13:56:20Z
1958,1,1,0,Volunteers,floscher,2015-01-07T13:58:34Z
1956,1,2,0,Volunteers,aroben,2015-01-06T18:26:09Z
1955,1,3,0,Volunteers,pchaigno,2015-01-10T18:43:00Z
1954,4,0,3,Volunteers,aroben,2015-01-06T18:59:52Z
1953,1,3,0,Volunteers,aroben,2015-01-06T15:18:52Z
1952,1,2,0,Volunteers,pchaigno,2015-01-08T20:19:40Z
1951,1,4,0,Volunteers,pchaigno,2015-01-09T17:50:03Z
1950,1,1,0,Volunteers,aroben,2015-01-05T20:24:42Z
1945,1,6,0,Volunteers,thotypous,2015-01-03T03:14:52Z
1944,4,9,0,Volunteers,pchaigno,2015-01-17T22:12:56Z
1942,1,2,0,Volunteers,pchaigno,2015-01-02T23:07:32Z
1940,1,1,0,Employees,bkeepers,2015-01-02T15:59:30Z
1938,4,15,3,Volunteers,floscher,2015-01-07T14:31:34Z
1937,1,1,0,Volunteers,arfon,2015-01-02T13:38:24Z
1933,1,15,6,Volunteers,floscher,2015-01-01T19:46:22Z
1932,2,6,0,Volunteers,deadfoxygrandpa,2015-01-01T15:16:29Z
1931,6,15,0,Volunteers,aroben,2015-01-06T18:02:53Z
1930,3,2,5,Volunteers,aroben,2015-01-02T21:27:43Z
1929,12,3,2,Volunteers,arfon,2014-12-31T15:45:14Z
1928,2,1,4,Volunteers,arfon,2014-12-31T17:38:48Z
1926,1,5,0,Volunteers,aroben,2014-12-30T12:26:32Z
1922,2,10,0,Volunteers,Mailaender,2015-01-02T17:10:46Z
1920,1,1,0,Volunteers,pchaigno,2014-12-27T19:55:47Z
1916,2,19,0,Volunteers,Mailaender,2015-01-30T14:24:27Z
1912,5,3,0,Volunteers,archywilhes,2015-01-09T16:09:57Z
1909,8,1,0,Volunteers,aroben,2015-01-06T18:41:44Z
1905,3,8,0,Volunteers,joaquincasares,2015-01-08T15:45:15Z
1904,1,2,2,Employees,bkeepers,2014-12-19T16:27:10Z
1900,2,8,0,Volunteers,dalehenrich,2015-01-17T15:15:57Z
1899,3,5,0,Volunteers,sethvargo,2015-07-29T13:14:38Z
1896,14,24,8,Volunteers,aroben,2014-12-22T22:17:40Z
1895,2,0,0,Volunteers,aroben,2014-12-18T17:20:26Z
1891,5,4,0,Volunteers,aroben,2014-12-17T23:35:30Z
1890,5,0,0,Volunteers,arfon,2014-12-18T22:31:21Z
1888,3,2,0,Volunteers,MattDMo,2015-01-08T15:42:56Z
1886,4,7,0,Volunteers,Dadido3,2014-12-17T18:28:46Z
1885,1,4,0,Employees,gjtorikian,2014-12-17T03:25:02Z
1881,6,11,0,Volunteers,hawkw,2014-12-17T03:29:19Z
1877,1,6,0,Volunteers,sebgod,2014-12-17T03:27:10Z
1876,2,2,0,Volunteers,Mailaender,2014-12-17T03:29:55Z
1875,1,9,0,Volunteers,arctic5,2014-12-17T13:59:21Z
1871,5,7,0,Volunteers,arfon,2014-12-12T17:24:40Z
1868,6,0,0,Volunteers,arfon,2014-12-12T03:23:02Z
1866,6,11,6,Volunteers,arfon,2015-01-03T17:23:20Z
1865,5,0,0,Volunteers,arfon,2014-12-12T02:56:05Z
1864,2,5,2,Employees,robrix,2014-12-12T02:44:37Z
1863,1,1,0,Volunteers,aroben,2014-12-11T17:31:08Z
1861,1,1,0,Volunteers,aroben,2014-12-12T02:45:33Z
1860,1,4,0,Volunteers,aroben,2014-12-11T14:52:14Z
1859,1,2,0,Volunteers,pchaigno,2014-12-12T03:49:27Z
1856,1,3,0,Volunteers,lutoma,2014-12-10T21:29:18Z
1854,5,1,2,Employees,bkeepers,2014-12-11T15:40:11Z
1850,3,10,5,Volunteers,othree,2014-12-12T02:56:08Z
1848,1,1,0,Volunteers,larsbrinkhoff,2014-12-08T22:02:58Z
1845,1,1,0,Volunteers,lostcolony,2014-12-07T23:45:48Z
1844,1,4,0,Volunteers,pchaigno,2014-12-09T16:24:18Z
1842,2,11,0,Volunteers,pchaigno,2014-12-06T23:06:09Z
1841,1,6,0,Volunteers,danmichaelo,2015-01-15T15:28:26Z
1835,1,4,0,Volunteers,tenbits,2014-12-06T23:14:06Z
1834,3,3,0,Volunteers,karel-brinda,2014-12-06T23:11:51Z
1832,5,9,8,Volunteers,pchaigno,2014-12-31T20:19:43Z
1831,9,5,4,Employees,gjtorikian,2014-12-09T18:53:47Z
1821,1,0,0,Volunteers,arfon,2014-12-03T21:09:42Z
1820,2,3,0,Employees,bkeepers,2014-12-03T18:55:09Z
1818,1,1,0,Volunteers,arfon,2014-12-03T16:13:32Z
1817,2,3,0,Volunteers,pchaigno,2014-12-03T19:08:08Z
1816,7,9,0,Volunteers,arfon,2014-12-03T19:47:18Z
1813,1,1,0,Employees,bkeepers,2014-12-03T17:48:48Z
1812,1,0,0,Volunteers,arfon,2014-12-03T02:30:31Z
1809,5,14,0,Volunteers,pchaigno,2014-12-03T02:05:22Z
1803,3,2,0,Volunteers,arfon,2014-12-02T18:36:05Z
1802,1,5,4,Volunteers,wmertens,2014-12-01T18:05:24Z
1800,2,0,0,Volunteers,arfon,2014-12-01T03:58:08Z
1798,2,0,0,Volunteers,arfon,2014-12-01T03:16:50Z
1797,4,10,0,Volunteers,arfon,2014-12-17T10:47:37Z
1796,4,5,0,Volunteers,arfon,2014-12-01T02:49:26Z
1795,1,0,0,Volunteers,arfon,2014-11-30T14:00:36Z
1791,1,1,0,Volunteers,pchaigno,2014-11-29T18:32:28Z
1790,1,4,0,Volunteers,pchaigno,2014-12-01T03:24:30Z
1788,8,2,0,Employees,bkeepers,2014-11-28T23:59:43Z
1787,11,1,0,Employees,bkeepers,2014-11-29T00:02:04Z
1782,7,9,1,Volunteers,anpar,2014-12-01T02:57:55Z
1779,2,8,2,Volunteers,larsbrinkhoff,2014-12-05T16:18:24Z
1776,2,0,0,Employees,bkeepers,2014-11-26T21:24:25Z
1774,1,0,0,Employees,bkeepers,2014-11-26T20:16:06Z
1773,1,2,0,Volunteers,aroben,2014-11-26T16:44:05Z
1771,1,1,0,Volunteers,aroben,2014-11-26T14:35:55Z
1770,11,17,0,Volunteers,fushnisoft,2015-04-10T20:32:46Z
1765,3,0,0,Employees,vmg,2014-11-24T12:37:09Z
1762,18,16,6,Employees,gjtorikian,2014-12-04T19:46:58Z
1758,1,8,0,Volunteers,larsbrinkhoff,2014-11-27T13:41:14Z
1757,1,0,0,Volunteers,aroben,2014-11-21T17:06:38Z
1756,3,9,0,Volunteers,aroben,2014-11-21T16:54:46Z
1755,1,1,0,Volunteers,aroben,2014-11-21T14:31:07Z
1754,3,1,3,Volunteers,arfon,2014-11-21T15:30:20Z
1753,1,3,0,Volunteers,aroben,2014-11-21T14:23:28Z
1752,1,2,0,Volunteers,aroben,2014-11-21T10:31:50Z
1751,7,12,0,Volunteers,roodboi,2014-11-24T16:30:04Z
1750,12,5,6,Employees,bkeepers,2014-11-26T21:51:08Z
1748,2,4,0,Volunteers,mrego,2014-11-21T18:48:58Z
1747,2,1,0,Volunteers,aroben,2014-11-19T17:12:07Z
1745,1,2,0,Employees,bkeepers,2014-11-19T13:04:58Z
1743,2,0,0,Volunteers,arfon,2014-11-19T02:02:12Z
1741,3,1,0,Employees,bkeepers,2014-11-26T20:10:24Z
1738,1,0,0,Volunteers,aroben,2014-11-18T15:45:38Z
1737,1,2,0,Volunteers,aroben,2014-11-18T16:47:35Z
1736,1,1,0,Volunteers,aroben,2014-11-18T14:07:51Z
1734,4,1,1,Volunteers,arfon,2014-11-18T19:01:57Z
1733,1,1,0,Volunteers,arfon,2014-11-17T22:35:07Z
1732,20,18,9,Employees,bkeepers,2014-11-18T21:31:19Z
1731,3,3,0,Employees,bkeepers,2014-11-26T20:09:15Z
1730,3,1,8,Volunteers,aroben,2014-11-17T20:28:32Z
1728,1,0,0,Volunteers,aroben,2014-11-17T15:45:48Z
1727,4,7,4,Volunteers,pchaigno,2014-11-17T19:45:46Z
1726,1,2,0,Employees,bkeepers,2014-11-17T15:52:39Z
1724,1,3,0,Volunteers,pchaigno,2014-11-17T04:17:30Z
1723,4,8,0,Volunteers,techhat,2015-01-24T16:54:30Z
1722,3,3,0,Employees,vmg,2014-11-16T13:41:40Z
1714,17,3,7,Employees,vmg,2014-11-14T19:24:21Z
1710,6,5,10,Volunteers,aroben,2014-11-14T15:12:22Z
1709,1,0,0,Employees,bkeepers,2014-11-13T15:47:52Z
1708,1,0,0,Volunteers,aroben,2014-11-13T14:53:33Z
1707,7,8,0,Employees,vmg,2014-11-14T16:39:51Z
1706,2,8,0,Volunteers,pchaigno,2014-11-30T05:07:58Z
1705,1,1,0,Volunteers,aroben,2014-11-12T18:52:00Z
1704,1,0,0,Volunteers,aroben,2014-11-12T17:08:14Z
1703,1,0,0,Volunteers,aroben,2014-11-12T16:45:01Z
1702,6,13,4,Volunteers,ellemenno,2014-12-02T16:54:36Z
1698,1,8,0,Volunteers,sebgod,2014-12-01T03:28:04Z
1696,1,0,0,Volunteers,aroben,2014-11-10T20:19:28Z
1695,1,0,0,Volunteers,aroben,2014-11-10T20:13:28Z
1694,1,0,0,Volunteers,aroben,2014-11-10T19:52:55Z
1687,1,2,0,Volunteers,aroben,2014-11-07T20:47:35Z
1686,1,0,0,Volunteers,aroben,2014-11-07T17:57:36Z
1683,4,4,5,Employees,bkeepers,2014-11-10T19:37:45Z
1678,1,2,3,Volunteers,tenbits,2014-11-07T18:39:24Z
1675,3,11,1,Volunteers,aroben,2014-11-07T15:31:00Z
1674,9,2,0,Volunteers,arfon,2014-11-18T16:43:01Z
1673,1,2,0,Volunteers,blakeembrey,2014-12-01T03:05:10Z
1669,4,8,0,Volunteers,arfon,2014-11-05T19:56:37Z
1663,10,3,5,Employees,bkeepers,2014-11-28T23:40:12Z
1660,7,0,0,Volunteers,arfon,2014-11-03T02:17:38Z
1657,2,5,0,Volunteers,techniq,2014-11-11T06:39:20Z
1654,2,5,5,Volunteers,danijar,2014-11-03T19:20:59Z
1653,1,10,0,Volunteers,baroquebobcat,2014-11-11T06:39:55Z
1652,6,27,6,Volunteers,arfon,2015-01-30T14:51:51Z
1650,2,13,0,Volunteers,jlord,2014-10-31T21:16:34Z
1646,1,0,0,Volunteers,arfon,2014-10-30T00:57:32Z
1645,1,4,0,Volunteers,pchaigno,2014-10-29T22:10:14Z
1643,1,0,0,Volunteers,arfon,2014-10-29T18:34:41Z
1641,1,0,0,Volunteers,aroben,2014-10-29T14:02:49Z
1639,1,4,0,Volunteers,pchaigno,2014-11-01T14:26:49Z
1636,3,1,0,Volunteers,Verteiron,2014-10-30T11:24:56Z
1634,1,9,0,Volunteers,wil93,2014-10-26T09:06:38Z
1633,1,1,0,Volunteers,pchaigno,2014-10-24T21:48:11Z
1632,2,7,0,Volunteers,ngn,2014-10-27T17:38:34Z
1630,1,1,0,Volunteers,aroben,2014-10-23T18:42:57Z
1627,32,6,8,Volunteers,arfon,2014-11-29T00:05:16Z
1623,2,3,0,Volunteers,pchaigno,2014-11-03T02:17:40Z
1622,1,1,0,Volunteers,pchaigno,2014-10-23T09:54:05Z
1620,1,5,0,Volunteers,unfunco,2014-10-31T21:46:49Z
1614,1,1,0,Volunteers,creasty,2014-10-19T21:45:42Z
1613,2,9,0,Volunteers,hearsilent,2014-10-20T15:21:24Z
1612,2,4,0,Volunteers,briandela,2014-10-20T15:29:04Z
1611,1,0,0,Volunteers,arfon,2014-10-17T19:27:24Z
1610,1,1,3,Volunteers,arfon,2014-10-17T19:07:47Z
1609,1,1,0,Employees,bkeepers,2014-10-17T19:27:39Z
1608,2,0,4,Employees,bkeepers,2014-10-31T22:03:28Z
1605,1,1,0,Employees,bkeepers,2014-10-17T13:19:04Z
1604,1,6,1,Volunteers,geoff-codes,2015-04-01T20:18:40Z
1602,4,1,0,Volunteers,arfon,2014-10-17T13:20:03Z
1596,1,4,0,Volunteers,pchaigno,2014-10-17T19:30:40Z
1595,1,0,0,Volunteers,aroben,2014-10-15T22:05:08Z
1594,2,1,2,Volunteers,tricknotes,2014-10-31T21:36:34Z
1593,7,0,0,Volunteers,aroben,2014-10-14T15:06:47Z
1592,5,0,0,Volunteers,arfon,2014-10-14T14:07:02Z
1590,4,0,0,Volunteers,arfon,2014-10-14T01:21:40Z
1588,11,2,2,Volunteers,arfon,2014-10-16T19:21:33Z
1587,1,0,0,Volunteers,arfon,2014-10-13T14:47:52Z
1586,1,0,0,Volunteers,arfon,2014-10-13T14:03:36Z
1584,3,4,0,Volunteers,laomaiweng,2014-10-17T19:32:13Z
1575,1,2,0,Volunteers,Jaxan,2014-10-10T19:52:30Z
1573,7,7,0,Volunteers,ztmr,2015-04-10T20:54:05Z
1570,1,1,0,Volunteers,lucaswerkmeister,2014-10-03T00:06:30Z
1563,4,2,0,Employees,bkeepers,2014-09-29T19:26:28Z
1561,1,1,0,Volunteers,pchaigno,2014-09-26T21:34:39Z
1557,2,3,0,Volunteers,larsbrinkhoff,2014-09-30T13:22:34Z
1555,16,8,5,Volunteers,arfon,2014-09-29T20:24:30Z
1554,2,1,0,Volunteers,arfon,2014-09-24T21:50:55Z
1553,2,1,0,Volunteers,arfon,2014-09-24T21:45:39Z
1552,2,0,0,Volunteers,arfon,2014-09-24T21:13:53Z
1549,2,21,0,Volunteers,kr,2014-09-24T15:56:41Z
1547,1,3,0,Volunteers,bwestlin,2014-09-24T22:04:16Z
1546,2,3,0,Volunteers,vivekgalatage,2014-09-22T02:44:03Z
1545,1,1,0,Volunteers,larsbrinkhoff,2014-09-20T18:58:18Z
1542,1,0,0,Volunteers,arfon,2014-09-18T19:26:24Z
1540,2,7,3,Volunteers,rlespinasse,2014-11-08T19:00:36Z
1538,11,11,2,Volunteers,arfon,2014-11-26T20:47:12Z
1537,9,1,0,Employees,bkeepers,2014-09-18T19:30:15Z
1536,1,1,0,Volunteers,pchaigno,2014-09-16T21:46:50Z
1534,3,0,0,Volunteers,arfon,2014-09-15T19:00:49Z
1533,1,1,0,Volunteers,arfon,2014-09-15T18:22:43Z
1530,2,0,0,Volunteers,fingolfin,2014-09-15T19:00:53Z
1529,2,9,0,Volunteers,fingolfin,2014-09-15T18:44:23Z
1525,1,1,0,Volunteers,fingolfin,2014-09-15T18:21:26Z
1524,1,1,0,Volunteers,ankitr,2014-09-15T19:07:46Z
1523,4,18,2,Volunteers,fingolfin,2015-01-23T20:50:33Z
1522,1,1,2,Volunteers,arfon,2014-09-24T15:58:41Z
1520,1,10,0,Volunteers,pmoura,2014-09-15T14:10:46Z
1517,33,2,2,Volunteers,arfon,2014-10-13T14:40:14Z
1516,3,1,0,Employees,bkeepers,2014-09-10T22:00:55Z
1515,4,6,1,Employees,vmg,2014-10-13T13:13:23Z
1511,8,6,4,Volunteers,edmundito,2015-02-16T19:23:08Z
1509,1,0,0,Volunteers,arfon,2014-09-05T18:58:58Z
1508,1,0,0,Volunteers,arfon,2014-09-05T18:17:48Z
1507,1,0,0,Volunteers,arfon,2014-09-05T16:25:36Z
1506,1,1,0,Volunteers,pchaigno,2014-09-05T18:21:33Z
1503,3,2,0,Volunteers,arfon,2014-09-04T21:10:40Z
1502,8,1,0,Volunteers,arfon,2014-09-04T17:09:22Z
1499,1,1,1,Volunteers,pchaigno,2014-09-03T14:27:16Z
1484,1,0,0,Volunteers,arfon,2014-08-28T20:45:52Z
1477,2,4,0,Volunteers,DennisMcWherter,2014-08-28T14:40:47Z
1475,1,7,0,Volunteers,StoneCypher,2014-08-28T14:48:20Z
1474,1,13,0,Volunteers,StoneCypher,2014-08-21T20:28:48Z
1470,1,1,0,Volunteers,jrha,2014-08-19T15:13:24Z
1465,2,1,0,Volunteers,edmundito,2014-08-18T02:04:58Z
1461,3,4,1,Volunteers,joeyspin,2014-08-15T19:12:21Z
1460,3,1,0,Volunteers,arfon,2014-08-14T18:11:39Z
1459,2,1,0,Volunteers,arfon,2014-08-14T17:55:43Z
1458,7,1,0,Volunteers,arfon,2014-08-13T22:39:55Z
1457,7,1,0,Volunteers,arfon,2014-08-13T22:29:30Z
1451,1,0,0,Volunteers,arfon,2014-08-13T21:51:12Z
1445,1,4,0,Volunteers,cflee,2014-08-14T18:16:41Z
1444,5,6,0,Volunteers,ghost,2014-09-04T17:09:26Z
1438,1,4,0,Volunteers,pchaigno,2014-08-05T17:01:00Z
1437,1,2,0,Volunteers,pchaigno,2014-08-05T16:58:42Z
1433,1,0,0,Volunteers,pchaigno,2014-08-05T17:19:02Z
1432,1,0,0,Volunteers,pchaigno,2014-08-05T17:37:09Z
1426,2,7,0,Volunteers,maieul,2014-08-14T14:29:06Z
1421,1,1,0,Volunteers,stevex86,2014-08-14T17:10:10Z
1419,1,0,0,Volunteers,arfon,2014-07-29T07:36:04Z
1418,1,1,0,Volunteers,peol,2014-08-15T19:23:07Z
1417,1,0,0,Volunteers,gwadej,2014-08-14T17:55:46Z
1415,3,7,0,Volunteers,KoffeinFlummi,2014-08-14T17:13:50Z
1413,2,5,0,Volunteers,c1phr,2014-08-14T18:11:41Z
1412,2,1,0,Volunteers,pchaigno,2014-08-15T19:25:43Z
1408,1,1,0,Volunteers,wilg,2014-08-13T22:43:02Z
1405,2,18,0,Volunteers,seancoyne,2014-08-14T22:06:22Z
1403,62,3,1,Volunteers,arfon,2014-09-13T18:41:09Z
1401,1,0,0,Volunteers,arfon,2014-07-23T16:40:22Z
1399,2,0,0,Volunteers,arfon,2014-07-22T22:14:29Z
1398,1,0,0,Volunteers,arfon,2014-07-22T17:46:27Z
1394,2,3,0,Volunteers,grindhold,2014-08-18T18:55:44Z
1385,3,0,0,Volunteers,arfon,2014-07-15T19:33:38Z
1383,1,0,0,Volunteers,arfon,2014-07-15T18:29:13Z
1376,1,4,0,Volunteers,t-b,2014-09-03T15:12:46Z
1375,1,1,0,Volunteers,arthurvr,2014-08-13T21:53:17Z
1372,1,0,0,Volunteers,pchaigno,2014-09-24T21:45:41Z
1371,8,1,0,Volunteers,arfon,2014-07-10T19:15:57Z
1370,1,1,0,Volunteers,arfon,2014-07-09T17:21:34Z
1364,4,2,0,Volunteers,woodruffw,2014-08-13T22:29:32Z
1361,1,0,0,Volunteers,arfon,2014-07-07T22:01:54Z
1360,2,1,0,Volunteers,arfon,2014-07-07T20:39:09Z
1358,1,0,0,Volunteers,arthurvr,2014-07-07T20:39:11Z
1354,2,4,0,Volunteers,arfon,2014-07-07T20:43:52Z
1353,4,1,0,Volunteers,arfon,2014-07-04T23:49:34Z
1352,2,1,0,Volunteers,arfon,2014-07-04T23:35:13Z
1348,5,2,0,Volunteers,thomasvandoren,2014-08-13T22:39:57Z
1346,2,1,0,Employees,vmg,2014-07-04T13:18:54Z
1341,4,1,0,Volunteers,arfon,2014-07-02T18:37:20Z
1339,1,1,0,Volunteers,claytononeill,2014-07-03T15:47:39Z
1337,3,1,0,Volunteers,arfon,2014-07-02T00:25:27Z
1335,21,1,0,Volunteers,arfon,2014-07-01T16:48:25Z
1333,1,1,0,Volunteers,spderosso,2014-07-01T20:57:55Z
1331,1,1,0,Volunteers,GWRon,2014-07-01T20:56:43Z
1325,1,1,0,Volunteers,pchaigno,2014-07-01T21:27:39Z
1323,2,0,0,Volunteers,alokedesai,2014-07-02T00:25:30Z
1320,3,2,0,Volunteers,R4PaSs,2014-07-02T18:37:23Z
1318,19,5,16,Employees,vmg,2014-07-01T16:48:27Z
1313,1,1,0,Volunteers,pchaigno,2014-06-24T09:42:25Z
1311,2,3,0,Volunteers,maximusvladimir,2014-06-26T16:37:42Z
1309,1,6,0,Employees,josh,2014-06-23T15:54:53Z
1308,1,5,0,Volunteers,pchaigno,2014-08-21T19:30:38Z
1306,2,1,0,Volunteers,arfon,2014-06-23T09:33:01Z
1305,2,5,0,Volunteers,neersighted,2014-06-23T22:12:34Z
1303,1,7,0,Volunteers,geekflyer,2014-06-22T15:18:04Z
1299,1,1,0,Volunteers,pchaigno,2014-06-21T16:45:16Z
1297,3,1,0,Employees,kevinsawicki,2014-06-21T12:13:10Z
1295,2,1,0,Volunteers,arfon,2014-06-20T11:42:21Z
1294,3,1,0,Volunteers,arfon,2014-06-20T11:29:20Z
1293,3,2,0,Volunteers,arfon,2014-06-20T11:17:09Z
1292,6,1,0,Volunteers,arfon,2014-06-20T10:02:17Z
1291,3,1,0,Volunteers,arfon,2014-06-20T09:49:46Z
1290,2,0,0,Volunteers,arfon,2014-06-20T09:26:59Z
1289,2,1,0,Volunteers,arfon,2014-06-20T09:17:44Z
1285,6,6,7,Volunteers,pchaigno,2014-07-10T19:15:58Z
1283,3,6,0,Volunteers,kmaehashi,2014-06-19T14:03:04Z
1282,2,4,0,Employees,kevinsawicki,2014-06-19T15:02:36Z
1280,3,3,0,Volunteers,diekmann,2014-06-19T13:50:14Z
1279,2,1,0,Employees,jdennes,2014-06-18T02:42:11Z
1273,1,3,0,Volunteers,keplersj,2014-06-22T09:17:54Z
1272,1,0,0,Volunteers,alindeman,2014-06-11T21:02:17Z
1270,1,1,0,Employees,brianmario,2014-06-10T22:28:27Z
1269,5,3,0,Volunteers,alindeman,2014-06-11T17:58:37Z
1268,6,12,0,Volunteers,metopa,2014-06-16T21:27:35Z
1267,1,5,0,Volunteers,pchaigno,2014-09-24T21:50:58Z
1261,4,8,0,Volunteers,woodruffw,2014-06-20T10:02:19Z
1260,6,4,0,Volunteers,dalehenrich,2014-06-09T11:26:34Z
1259,2,4,0,Employees,brianmario,2014-06-09T16:10:30Z
1258,1,0,0,Volunteers,NiklasRosenstein,2014-06-20T09:27:02Z
1257,1,1,0,Volunteers,simonwistow,2014-06-09T02:46:32Z
1256,4,1,0,Volunteers,arfon,2014-06-06T17:38:45Z
1255,3,3,0,Volunteers,arfon,2014-06-06T17:12:09Z
1254,1,1,0,Employees,brianmario,2014-06-05T17:03:43Z
1253,3,2,0,Employees,brianmario,2014-06-05T15:51:46Z
1248,2,0,0,Volunteers,arfon,2014-06-04T03:06:54Z
1246,2,1,0,Volunteers,alindeman,2014-06-03T19:15:14Z
1245,1,2,0,Volunteers,alindeman,2014-06-03T16:55:33Z
1244,2,2,0,Volunteers,akashivskyy,2014-06-03T15:53:55Z
1241,12,0,0,Volunteers,arfon,2014-06-03T02:11:40Z
1239,8,9,0,Volunteers,orthopteroid,2014-06-03T02:11:42Z
1238,1,0,0,Volunteers,arfon,2014-06-02T20:51:32Z
1237,1,8,0,Volunteers,alindeman,2014-06-02T19:57:24Z
1232,1,5,0,Volunteers,cstrahan,2014-06-20T11:17:12Z
1230,2,1,0,Volunteers,arfon,2014-05-31T14:15:47Z
1228,4,1,0,Volunteers,christianbundy,2014-05-31T14:10:10Z
1227,2,1,0,Volunteers,arfon,2014-05-30T21:25:47Z
1226,1,1,0,Volunteers,christianbundy,2014-05-30T21:11:54Z
1220,2,2,1,Volunteers,ferrall,2014-05-31T14:10:13Z
1219,2,3,0,Volunteers,arfon,2014-05-27T10:59:17Z
1217,3,8,0,Volunteers,JoshOldenburg,2014-07-04T23:49:36Z
1215,1,1,0,Volunteers,felixphew,2014-05-30T19:59:12Z
1212,1,7,0,Volunteers,christianbundy,2014-05-22T21:49:39Z
1211,3,4,2,Volunteers,alindeman,2014-05-22T15:27:35Z
1209,1,2,0,Volunteers,jkeirstead,2014-05-31T14:19:57Z
1208,2,1,0,Volunteers,jkeirstead,2014-05-30T21:08:41Z
1206,1,0,0,Volunteers,jrha,2014-05-31T14:15:49Z
1203,1,2,0,Volunteers,kostko,2014-05-30T20:21:16Z
1200,1,1,0,Volunteers,andyli,2014-05-30T20:20:38Z
1198,7,15,0,Volunteers,ilovb,2014-06-04T02:36:52Z
1194,1,1,0,Volunteers,arfon,2014-05-21T17:34:00Z
1190,3,2,1,Volunteers,Madsn,2014-06-04T15:30:03Z
1188,8,25,0,Volunteers,kaendfinger,2014-05-30T20:58:59Z
1187,2,1,0,Employees,brianmario,2014-05-12T15:11:58Z
1183,1,1,0,Volunteers,alflanagan,2014-05-09T13:40:55Z
1178,1,0,0,Volunteers,pchaigno,2014-05-30T21:25:49Z
1172,3,1,0,Volunteers,rick,2014-05-05T19:02:26Z
1168,3,0,0,Volunteers,arfon,2014-05-05T00:49:57Z
1167,5,1,0,Volunteers,arfon,2014-05-05T00:30:59Z
1166,1,0,0,Volunteers,pchaigno,2014-05-05T00:36:19Z
1165,3,0,0,Volunteers,arfon,2014-05-03T23:43:00Z
1160,3,0,0,Volunteers,arfon,2014-05-02T20:22:19Z
1159,6,0,0,Volunteers,arfon,2014-05-03T23:31:49Z
1158,2,1,0,Volunteers,arfon,2014-05-02T18:29:10Z
1156,1,0,0,Volunteers,quarterto,2014-05-02T18:11:53Z
1155,3,5,0,Volunteers,NN---,2014-05-07T18:12:58Z
1150,4,13,0,Volunteers,Oldes,2014-05-03T22:09:23Z
1146,1,1,0,Volunteers,Rolinh,2014-05-02T18:32:38Z
1144,1,0,0,Volunteers,hikari-no-yume,2014-05-02T18:07:18Z
1143,10,12,4,Volunteers,pchaigno,2015-01-24T14:58:07Z
1142,1,0,0,Volunteers,pchaigno,2014-05-02T18:29:14Z
1141,1,1,0,Volunteers,killmous,2014-05-02T18:16:30Z
1136,2,9,0,Volunteers,jdf,2014-05-05T01:44:03Z
1135,1,1,0,Volunteers,arfon,2014-04-27T00:57:49Z
1132,1,10,1,Volunteers,nkt,2014-06-20T09:17:47Z
1130,1,0,0,Volunteers,arfon,2014-04-25T20:56:17Z
1129,6,6,0,Volunteers,pchaigno,2014-12-12T02:58:06Z
1125,1,2,0,Volunteers,arfon,2014-04-25T01:44:41Z
1123,1,2,0,Volunteers,garyb,2014-04-25T01:47:21Z
1122,1,0,0,Volunteers,arfon,2014-04-24T21:04:21Z
1121,2,1,4,Volunteers,arfon,2014-04-24T19:12:57Z
1120,8,1,0,Volunteers,arfon,2014-04-24T18:37:48Z
1116,7,8,4,Employees,parkr,2014-04-24T18:37:51Z
1114,1,3,0,Volunteers,rick,2014-04-23T20:48:22Z
1110,11,4,8,Volunteers,arfon,2014-04-23T03:17:14Z
1109,1,0,0,Volunteers,arfon,2014-04-22T19:20:01Z
1108,3,0,0,Volunteers,arfon,2014-04-22T15:41:06Z
1106,7,1,0,Volunteers,arfon,2014-04-22T15:29:15Z
1105,3,0,0,Volunteers,arfon,2014-04-22T15:04:46Z
1104,1,1,0,Volunteers,sebgod,2014-04-22T12:22:00Z
1103,1,1,0,Volunteers,sebgod,2014-04-22T14:21:09Z
1102,1,1,0,Volunteers,CNG,2014-04-22T14:36:05Z
1101,1,5,0,Volunteers,pchaigno,2014-04-22T17:08:25Z
1100,1,0,0,Volunteers,relrod,2014-06-23T09:33:02Z
1098,11,0,0,Volunteers,arfon,2014-04-21T22:13:45Z
1097,2,0,0,Volunteers,arfon,2014-04-21T21:10:10Z
1096,5,0,0,Volunteers,arfon,2014-04-21T20:52:56Z
1095,1,4,0,Volunteers,wcandillon,2014-04-21T20:09:39Z
1094,3,1,0,Volunteers,arfon,2014-04-21T18:41:43Z
1093,15,1,0,Volunteers,arfon,2014-04-21T17:55:58Z
1092,2,1,0,Volunteers,arfon,2014-04-21T17:20:51Z
1090,2,0,0,Volunteers,rick,2014-04-21T16:56:29Z
1089,7,0,0,Volunteers,rick,2014-04-21T16:49:35Z
1088,5,8,0,Volunteers,arfon,2014-05-30T20:46:08Z
1087,15,0,0,Volunteers,rick,2014-04-21T16:38:21Z
1086,3,2,0,Volunteers,arfon,2014-04-21T16:24:38Z
1085,3,2,0,Volunteers,rick,2014-04-21T16:21:39Z
1084,4,1,0,Volunteers,arfon,2014-04-21T16:11:06Z
1083,4,0,0,Volunteers,rick,2014-04-21T16:00:21Z
1082,4,1,0,Volunteers,arfon,2014-04-21T15:52:48Z
1081,7,4,0,Volunteers,rick,2014-04-21T15:50:14Z
1080,3,0,0,Volunteers,arfon,2014-04-21T15:03:22Z
1075,1,2,0,Volunteers,rick,2014-04-17T20:26:12Z
1073,2,1,0,Volunteers,rayvector,2014-04-22T17:10:20Z
1072,2,15,0,Volunteers,snormore,2014-04-22T15:04:48Z
1071,2,3,0,Volunteers,jkutner,2014-04-21T17:11:44Z
1068,1,6,0,Volunteers,nkt,2014-04-21T17:20:54Z
1063,1,9,0,Volunteers,lucaswerkmeister,2014-04-16T13:57:22Z
1060,1,1,0,Volunteers,kohenkatz,2014-04-23T03:34:28Z
1056,2,1,0,Volunteers,spderosso,2014-04-21T16:58:55Z
1052,1,1,0,Volunteers,shrayasr,2014-04-21T15:30:07Z
1049,10,14,0,Volunteers,sebgod,2014-04-21T22:13:48Z
1046,1,7,0,Volunteers,fingolfin,2014-04-21T21:10:14Z
1042,2,11,1,Volunteers,juliangehring,2014-06-06T17:38:46Z
1041,1,1,0,Volunteers,Mikulas,2014-04-21T16:09:46Z
1040,1,2,0,Volunteers,Mikulas,2014-04-23T16:06:53Z
1035,1,3,0,Volunteers,akissinger,2014-06-04T03:06:55Z
1026,1,0,0,Volunteers,pchaigno,2014-04-21T19:22:26Z
1014,2,0,0,Volunteers,pchaigno,2014-04-21T18:41:46Z
1011,1,2,0,Volunteers,CrimsonTautology,2014-04-21T16:56:32Z
1008,1,2,0,Volunteers,garyb,2014-04-21T17:46:42Z
1005,14,12,0,Volunteers,draegtun,2014-04-21T17:56:00Z
1002,8,2,0,Volunteers,matthew-white,2014-04-21T18:44:00Z
997,1,1,0,Volunteers,mndrix,2014-06-20T09:49:47Z
991,1,3,0,Volunteers,waywardmonkeys,2014-03-16T01:13:42Z
989,4,3,0,Volunteers,DavidSkrundz,2014-04-21T20:52:59Z
988,4,7,2,Volunteers,lamestation,2014-05-06T02:11:06Z
985,1,30,0,Volunteers,nox,2014-05-05T00:31:02Z
981,1,0,0,Volunteers,cjxgm,2014-03-09T11:21:03Z
979,2,5,0,Volunteers,maxogden,2014-04-21T15:03:26Z
978,2,2,1,Volunteers,developerinlondon,2014-03-13T21:37:26Z
973,1,0,0,Volunteers,whitten,2014-04-21T15:17:00Z
972,2,3,0,Volunteers,albertlyu,2014-05-03T23:43:01Z
971,1,1,0,Volunteers,veganstraightedge,2014-02-26T22:48:45Z
969,1,2,0,Volunteers,pchaigno,2014-04-21T15:14:27Z
967,1,0,0,Volunteers,jaaso,2014-02-25T21:18:47Z
965,3,1,0,Volunteers,pchaigno,2014-04-21T15:25:21Z
963,1,0,0,Volunteers,mbezjak,2014-03-08T04:46:47Z
961,1,0,0,Volunteers,couchand,2014-04-21T15:38:29Z
957,1,1,0,Volunteers,arfon,2014-02-20T06:01:35Z
952,1,1,0,Employees,izuzak,2014-02-17T19:51:54Z
951,1,0,0,Employees,izuzak,2014-04-21T15:28:03Z
950,2,4,0,Volunteers,waveform80,2014-05-05T00:49:58Z
944,2,4,0,Volunteers,midraed,2014-02-15T02:45:23Z
938,1,0,0,Volunteers,tenbits,2014-03-03T23:10:34Z
935,1,0,0,Volunteers,pchaigno,2014-02-20T23:32:53Z
933,3,6,0,Volunteers,pchaigno,2014-10-13T19:57:19Z
931,5,4,0,Volunteers,cgranade,2014-04-21T15:50:18Z
924,4,2,0,Volunteers,greystate,2014-04-22T15:29:17Z
923,1,0,0,Volunteers,atomicptr,2014-02-17T03:40:25Z
922,2,0,0,Volunteers,bfontaine,2014-04-21T15:52:50Z
920,2,2,0,Volunteers,bfontaine,2014-04-22T15:41:09Z
916,1,0,0,Volunteers,pchaigno,2014-02-09T23:34:07Z
913,1,3,0,Volunteers,larsbrinkhoff,2014-01-29T03:06:10Z
911,4,13,0,Volunteers,bbarker,2014-02-13T23:18:33Z
910,1,0,0,Volunteers,abuiles,2014-01-25T22:09:47Z
909,1,1,0,Employees,izuzak,2014-01-26T18:06:18Z
907,1,0,0,Employees,izuzak,2014-01-24T16:44:30Z
906,1,0,0,Volunteers,jiyinyiyong,2014-01-24T16:47:54Z
900,4,36,7,Volunteers,hoelzro,2014-12-02T16:52:46Z
899,2,3,0,Volunteers,hikari-no-yume,2014-04-21T16:00:23Z
897,4,4,0,Volunteers,erkyrath,2014-04-22T17:13:10Z
896,1,0,0,Volunteers,sigurdsvela,2014-01-16T00:14:52Z
892,2,0,0,Volunteers,edechter,2014-01-14T23:30:42Z
891,1,0,0,Volunteers,lawrencewoodman,2014-04-21T16:11:09Z
890,1,0,0,Volunteers,mihneadb,2014-01-13T21:53:49Z
889,2,7,2,Volunteers,larsbrinkhoff,2014-11-18T21:05:23Z
888,2,2,0,Volunteers,rognierbenoit,2014-01-09T23:11:04Z
886,4,1,0,Volunteers,ruben2020,2014-01-04T21:51:42Z
885,2,6,1,Volunteers,GiampaoloFalqui,2014-01-04T21:50:37Z
884,2,2,0,Volunteers,jkrmr,2014-01-03T22:38:13Z
882,6,3,0,Volunteers,arfon,2014-04-21T16:52:25Z
880,2,0,0,Volunteers,emma-burrows,2014-01-01T20:06:58Z
879,1,0,0,Volunteers,s0meone,2014-04-21T16:04:22Z
878,1,1,0,Volunteers,kevmoo,2013-12-31T03:20:28Z
877,5,1,1,Volunteers,emma-burrows,2013-12-30T22:40:50Z
873,1,0,0,Employees,piki,2013-12-29T10:51:37Z
872,2,0,1,Volunteers,tnm,2013-12-29T03:32:55Z
870,1,1,0,Volunteers,joshterrell805,2013-12-28T21:06:21Z
868,2,0,0,Volunteers,ktdreyer,2013-12-27T21:54:19Z
864,1,0,0,Volunteers,natebrennand,2013-12-24T21:43:14Z
862,1,0,0,Volunteers,wadetandy,2013-12-24T04:55:19Z
861,4,2,0,Volunteers,arfon,2013-12-23T21:02:55Z
860,3,2,0,Volunteers,arfon,2013-12-23T21:02:18Z
859,5,1,0,Volunteers,arfon,2013-12-23T20:33:51Z
858,7,1,0,Volunteers,arfon,2013-12-23T19:58:12Z
857,5,1,0,Volunteers,arfon,2013-12-23T19:47:33Z
856,2,2,1,Volunteers,ChimeraCoder,2013-12-23T19:06:03Z
854,1,4,0,Volunteers,cndreisbach,2014-03-06T02:31:55Z
851,1,0,0,Employees,gjtorikian,2013-12-22T03:03:14Z
850,3,1,0,Volunteers,arfon,2013-12-23T18:20:37Z
849,1,0,0,Volunteers,arfon,2013-12-21T20:26:59Z
848,1,1,0,Volunteers,rlidwka,2013-12-19T18:01:20Z
847,1,0,0,Volunteers,zhemao,2013-12-17T22:10:09Z
844,2,1,0,Volunteers,arfon,2013-12-17T02:23:33Z
839,7,0,0,Volunteers,tnm,2013-12-16T04:20:51Z
838,1,0,0,Volunteers,arfon,2013-12-16T04:01:51Z
836,1,0,0,Volunteers,tnm,2013-12-14T23:25:33Z
835,1,0,0,Volunteers,hkdobrev,2013-12-15T02:28:21Z
834,1,5,0,Volunteers,berkerpeksag,2014-01-03T22:35:50Z
832,5,2,0,Volunteers,dasmithii,2014-03-12T03:24:08Z
831,1,1,0,Volunteers,ethanwhite,2013-12-15T08:07:35Z
826,1,11,0,Volunteers,mmhelloworld,2014-04-21T16:21:41Z
824,1,0,0,Employees,bkeepers,2013-12-10T15:47:49Z
823,3,0,0,Employees,bkeepers,2013-12-10T15:54:25Z
822,4,11,2,Volunteers,akre54,2013-12-11T23:03:42Z
820,1,4,0,Volunteers,waddlesplash,2014-06-20T11:42:21Z
819,7,1,0,Employees,gjtorikian,2013-12-09T02:36:19Z
818,2,1,0,Volunteers,Flyingmana,2013-12-08T23:23:19Z
817,1,0,0,Volunteers,remixz,2014-04-21T16:24:39Z
816,1,0,0,Volunteers,sgallagher,2013-12-07T06:28:05Z
814,1,0,0,Volunteers,ppannuto,2014-06-06T17:12:09Z
813,2,0,0,Volunteers,computmaxer,2013-12-05T20:01:58Z
812,1,1,0,Volunteers,Giacom,2013-12-04T21:45:40Z
810,2,0,0,Volunteers,tnm,2013-12-04T05:10:52Z
809,1,1,0,Employees,charliesome,2013-12-04T05:07:44Z
807,2,0,0,Employees,charliesome,2013-12-03T05:47:17Z
806,2,3,2,Employees,charliesome,2013-12-03T05:00:15Z
804,4,1,0,Volunteers,aaronpuchert,2013-12-23T20:33:54Z
794,2,0,0,Volunteers,natcl,2013-11-24T18:56:31Z
791,1,3,0,Volunteers,mikepurvis,2013-11-24T00:36:57Z
790,1,0,0,Volunteers,hkdobrev,2013-11-24T00:39:52Z
783,2,0,0,Volunteers,jimhester,2014-01-03T02:55:10Z
782,1,1,0,Volunteers,liluo,2013-11-17T21:41:17Z
780,3,0,0,Volunteers,standage,2014-05-03T23:31:50Z
779,1,4,0,Volunteers,jvanegmond,2013-11-16T02:38:18Z
775,1,0,0,Volunteers,wjk,2013-11-10T17:25:52Z
773,2,0,0,Volunteers,afischer,2013-11-10T00:42:22Z
771,1,0,0,Volunteers,GreatEmerald,2013-11-16T20:24:29Z
770,1,0,0,Volunteers,hkdobrev,2013-11-10T03:11:18Z
765,2,0,0,Volunteers,GordonSmith,2013-11-07T01:45:23Z
764,1,0,0,Volunteers,bricker,2013-11-07T04:15:12Z
763,1,0,0,Volunteers,lukaselmer,2013-11-06T01:46:54Z
760,1,0,0,Volunteers,vszakats,2013-11-05T23:20:55Z
759,1,0,0,Volunteers,vszakats,2014-01-13T04:15:29Z
758,5,2,0,Volunteers,kashif,2013-11-05T21:57:50Z
757,1,3,0,Volunteers,myguidingstar-zz,2013-11-05T08:39:28Z
755,1,0,2,Volunteers,frunns,2013-11-08T01:01:54Z
754,1,1,0,Volunteers,myguidingstar-zz,2013-11-05T05:58:37Z
751,1,2,0,Volunteers,relrod,2013-11-05T05:07:25Z
750,4,13,4,Volunteers,hoelzro,2013-12-23T19:58:14Z
749,1,0,0,Volunteers,hoelzro,2013-10-29T18:54:42Z
748,1,55,5,Volunteers,PaulBone,2014-04-21T22:13:46Z
746,1,0,0,Volunteers,tnm,2013-10-28T18:23:12Z
745,4,3,0,Volunteers,lukaselmer,2013-11-16T20:34:29Z
741,1,2,0,Volunteers,danluu,2013-11-05T23:23:38Z
740,1,1,0,Volunteers,danluu,2013-12-04T23:49:16Z
739,2,0,0,Volunteers,danluu,2013-10-31T06:50:52Z
737,1,0,0,Volunteers,jeabakker,2013-10-28T19:27:54Z
733,1,0,0,Volunteers,Sheeo,2013-10-23T07:02:17Z
732,1,2,0,Volunteers,sstephenson,2013-10-23T07:00:14Z
731,1,2,0,Volunteers,zhuzhuor,2013-11-05T06:00:17Z
730,1,1,0,Volunteers,WestleyArgentum,2013-10-23T03:01:23Z
728,5,2,0,Employees,charliesome,2013-10-16T16:58:52Z
721,1,1,0,Volunteers,olivergondza,2013-10-17T06:30:18Z
718,2,4,0,Volunteers,SparkysWidgets,2014-04-21T16:38:24Z
715,4,4,0,Volunteers,Jaykul,2013-10-31T06:44:18Z
713,1,0,0,Volunteers,aclements,2013-10-13T00:22:09Z
707,2,3,0,Volunteers,larsbrinkhoff,2013-10-30T07:34:03Z
705,2,0,0,Volunteers,glts,2013-10-02T05:02:48Z
701,1,0,0,Volunteers,thorn0,2013-10-17T06:27:31Z
697,2,0,0,Volunteers,robstoll,2013-11-05T04:27:20Z
696,1,0,0,Volunteers,aaronpuchert,2013-09-26T09:26:09Z
695,10,3,0,Employees,gjtorikian,2013-10-13T01:12:27Z
691,1,2,0,Volunteers,le717,2013-10-28T18:36:51Z
687,3,11,3,Volunteers,eschulte,2013-12-07T06:06:40Z
682,3,0,0,Volunteers,Jaxan,2013-11-05T05:10:34Z
678,3,0,0,Volunteers,kethomassen,2013-12-23T21:02:57Z
677,2,2,0,Employees,charliesome,2013-09-09T06:13:44Z
676,1,1,0,Volunteers,faithanne,2013-09-06T02:13:28Z
675,2,3,0,Volunteers,webhat,2014-06-20T11:29:20Z
672,4,1,0,Volunteers,matkoniecz,2013-09-09T07:54:32Z
669,1,1,0,Volunteers,r0man,2013-09-04T17:23:40Z
668,5,3,0,Volunteers,johnjcamilleri,2014-04-21T16:49:36Z
664,2,0,0,Volunteers,Mouq,2013-09-02T07:01:06Z
663,4,2,0,Volunteers,acgetchell,2013-10-17T06:44:42Z
657,1,0,0,Volunteers,mndrix,2013-11-05T06:43:19Z
656,1,3,0,Volunteers,liluo,2013-09-03T16:26:48Z
643,1,0,0,Volunteers,zulus,2013-11-05T04:10:03Z
642,1,1,0,Volunteers,Dav1dde,2013-08-28T05:36:15Z
628,1,1,0,Volunteers,pmoura,2013-08-26T21:14:04Z
626,1,0,0,Volunteers,dzidzitop,2013-08-18T11:06:40Z
621,1,0,0,Volunteers,abahgat,2013-08-14T21:47:38Z
620,1,2,0,Volunteers,Bartvds,2013-11-05T05:05:09Z
614,1,0,0,Volunteers,robin850,2013-10-31T06:45:36Z
612,2,4,1,Volunteers,adityam,2013-11-05T06:19:06Z
606,2,2,0,Volunteers,kethomassen,2013-09-09T07:38:05Z
603,1,2,0,Volunteers,ibnfirnas,2013-08-03T20:13:57Z
599,2,3,0,Volunteers,larsbrinkhoff,2013-08-20T05:11:41Z
598,5,0,0,Volunteers,tnm,2013-07-30T23:23:07Z
596,2,2,0,Volunteers,HQ063,2013-11-05T04:37:06Z
595,1,0,0,Volunteers,j-jorge,2013-11-05T05:08:21Z
594,3,2,0,Volunteers,calavera,2013-07-26T23:10:31Z
592,1,0,0,Volunteers,vszakats,2013-07-26T02:46:27Z
590,1,0,0,Volunteers,jsocol,2013-11-01T18:04:07Z
589,3,0,0,Volunteers,windley,2013-11-05T05:09:36Z
588,1,0,0,Volunteers,Lazersmoke,2013-08-02T04:48:20Z
584,2,0,0,Volunteers,jayphelps,2013-10-17T06:50:48Z
583,2,1,0,Employees,charliesome,2013-07-17T09:49:51Z
582,1,0,0,Volunteers,tnm,2013-07-15T19:07:01Z
579,1,0,0,Volunteers,tnm,2013-07-14T06:21:50Z
578,1,1,0,Volunteers,timm,2013-11-05T19:57:11Z
575,1,0,0,Volunteers,paulcbetts,2013-07-12T01:53:39Z
574,1,1,0,Volunteers,alaingilbert,2013-09-26T09:27:20Z
572,1,0,0,Volunteers,Aaron1011,2013-10-31T06:46:09Z
568,1,1,0,Volunteers,cono,2013-07-08T04:26:07Z
567,1,0,0,Volunteers,tnm,2013-07-07T21:35:57Z
562,1,0,0,Volunteers,hkdobrev,2013-11-05T03:40:48Z
561,2,1,0,Volunteers,aleksijuvani,2013-11-05T05:00:51Z
559,1,2,0,Volunteers,sethvargo,2013-08-15T19:36:25Z
555,3,4,0,Volunteers,timjb,2013-11-05T19:36:20Z
550,1,0,1,Volunteers,rschiang,2013-11-05T06:11:03Z
549,2,0,0,Volunteers,oubiwann,2013-09-09T06:27:33Z
548,1,1,0,Volunteers,talentdeficit,2013-07-07T22:42:54Z
543,2,1,0,Volunteers,jasonbot,2013-06-19T20:31:08Z
541,1,0,0,Volunteers,hkdobrev,2013-06-19T20:31:27Z
536,2,2,0,Volunteers,zzet,2013-09-09T16:33:21Z
531,3,2,0,Volunteers,chriskuehl,2013-11-05T04:43:46Z
530,9,1,0,Employees,josh,2013-06-10T04:48:12Z
529,3,0,0,Employees,piki,2013-06-07T03:40:12Z
528,2,0,0,Employees,piki,2013-06-06T20:46:54Z
520,1,0,0,Volunteers,MatthewFluet,2013-12-23T21:02:20Z
519,3,1,0,Volunteers,mmullis,2013-08-27T09:37:48Z
515,1,2,0,Volunteers,Turbo87,2013-05-27T20:38:14Z
512,1,0,0,Volunteers,ghost,2013-08-19T00:10:10Z
510,1,3,0,Volunteers,Gozala,2013-05-22T06:20:38Z
508,2,0,0,Volunteers,AdamFerguson,2013-11-05T04:30:20Z
504,1,1,0,Volunteers,wjlroe,2013-05-22T06:22:57Z
503,1,1,0,Volunteers,Drup,2013-05-22T06:24:30Z
500,1,0,0,Volunteers,Leushenko,2013-11-07T04:45:30Z
499,1,6,0,Volunteers,ppannuto,2013-11-05T23:13:32Z
495,1,1,0,Volunteers,andygrunwald,2013-11-05T05:46:33Z
494,1,0,0,Volunteers,josegonzalez,2013-05-03T08:15:13Z
493,2,0,0,Volunteers,josegonzalez,2013-05-03T08:16:01Z
484,1,0,0,Volunteers,waltherg,2013-04-27T13:00:17Z
483,1,2,1,Volunteers,KevinT,2013-05-06T20:16:14Z
479,1,0,0,Volunteers,relrod,2013-04-24T16:09:26Z
477,1,1,0,Volunteers,liluo,2013-04-24T16:07:29Z
475,2,1,0,Volunteers,pointwise,2013-11-05T03:28:18Z
471,1,1,0,Volunteers,mihaip,2013-04-17T06:20:25Z
461,1,1,0,Volunteers,sshirokov,2013-04-04T21:36:09Z
460,6,5,0,Volunteers,dwarfland,2013-11-05T23:14:34Z
455,1,0,0,Volunteers,tnm,2013-04-02T02:57:47Z
451,1,0,0,Employees,gjtorikian,2013-03-26T04:14:16Z
450,6,7,0,Volunteers,Giacom,2013-11-05T03:53:26Z
448,1,0,0,Volunteers,tnm,2013-03-23T04:37:23Z
446,1,2,0,Employees,matthewmccullough,2013-03-19T00:40:17Z
443,1,1,0,Volunteers,stuartpb,2013-07-08T06:32:59Z
441,1,0,0,Volunteers,rdeltour,2013-03-17T23:14:59Z
438,2,5,0,Volunteers,richo,2013-03-13T06:32:31Z
436,1,0,0,Volunteers,tnm,2013-03-12T08:07:51Z
425,1,0,0,Volunteers,mgalloy,2013-12-23T19:47:34Z
423,2,1,0,Volunteers,gentoo90,2013-03-08T01:26:14Z
422,1,1,0,Volunteers,brson,2013-03-06T22:44:03Z
421,1,1,0,Volunteers,rvanmil,2013-03-06T22:47:44Z
419,1,1,0,Volunteers,pborreli,2013-03-04T20:17:43Z
416,4,15,0,Volunteers,upsuper,2013-08-06T06:00:10Z
413,1,0,0,Employees,brianmario,2013-02-27T01:42:34Z
410,2,0,0,Employees,skalnik,2013-02-26T22:20:47Z
408,2,13,0,Volunteers,soimort,2013-02-27T06:29:46Z
405,2,0,0,Volunteers,tnm,2013-02-25T08:54:59Z
404,3,0,0,Volunteers,tnm,2013-02-25T08:20:51Z
402,1,2,0,Volunteers,PulsarBlow,2013-02-23T23:22:29Z
401,1,1,0,Volunteers,JDutil,2013-02-23T23:21:44Z
400,2,1,0,Volunteers,kevinjalbert,2013-02-25T06:49:40Z
399,1,1,0,Volunteers,BPScott,2013-02-23T18:18:40Z
397,2,2,0,Employees,kivikakk,2013-02-23T03:47:40Z
396,2,0,0,Volunteers,elehcim,2013-03-07T03:58:42Z
395,1,2,0,Volunteers,refractalize,2013-02-22T19:30:37Z
392,1,5,0,Volunteers,qqshfox,2013-11-05T03:33:43Z
391,1,0,0,Volunteers,bfontaine,2013-03-08T01:07:07Z
390,2,3,0,Volunteers,erik,2013-02-18T05:02:31Z
388,1,1,0,Volunteers,tinnet,2013-02-17T02:08:30Z
386,2,0,0,Volunteers,rdeltour,2013-03-07T03:57:45Z
385,2,3,0,Volunteers,rdeltour,2013-02-25T23:03:28Z
384,1,1,0,Volunteers,ruv,2013-02-14T23:54:51Z
383,3,3,0,Volunteers,REAS,2013-03-12T01:39:03Z
380,1,0,0,Volunteers,tnm,2013-02-12T00:11:57Z
377,1,3,0,Volunteers,rlsosborne,2013-06-19T20:30:45Z
376,1,1,0,Volunteers,evanmiller,2013-02-23T10:37:44Z
373,1,8,0,Volunteers,vincentwoo,2013-03-14T06:10:34Z
372,1,0,0,Volunteers,tnm,2013-02-01T23:00:42Z
368,1,1,0,Volunteers,cjdrake,2013-02-01T22:23:18Z
367,2,2,0,Volunteers,moorepants,2013-02-01T22:13:02Z
364,2,2,0,Volunteers,zacstewart,2013-02-21T00:27:32Z
363,4,2,0,Volunteers,dveeden,2013-03-07T22:12:08Z
361,1,1,0,Volunteers,mdespuits,2013-01-28T06:19:35Z
360,1,2,0,Employees,skalnik,2013-02-01T22:24:37Z
359,1,6,0,Volunteers,ntkme,2013-02-12T00:03:46Z
358,1,1,0,Volunteers,ghost,2013-01-28T06:31:22Z
357,1,1,0,Volunteers,uo-hrsys,2013-01-28T06:39:17Z
354,1,3,0,Volunteers,mrorii,2013-02-26T01:11:18Z
349,4,8,0,Volunteers,tucnak,2013-03-18T19:50:20Z
346,5,2,0,Volunteers,tnm,2013-01-09T00:14:50Z
344,1,1,0,Volunteers,BPScott,2013-01-08T02:39:16Z
342,3,5,0,Volunteers,svenefftinge,2013-02-23T18:21:01Z
335,2,1,0,Volunteers,rofl0r,2013-02-22T06:58:45Z
331,1,1,0,Volunteers,tnm,2013-01-02T21:56:32Z
325,2,9,4,Volunteers,greghendershott,2013-01-02T21:48:49Z
324,2,10,0,Volunteers,paulmillr,2013-01-08T02:50:02Z
321,1,0,0,Volunteers,mndrix,2013-03-10T22:34:35Z
318,4,4,0,Volunteers,stuarthalloway,2013-02-23T10:25:28Z
312,3,3,0,Volunteers,HerbertKoelman,2013-03-10T22:22:17Z
308,0,4,0,Volunteers,HerbertKoelman,2012-12-09T11:54:37Z
307,16,2,10,Employees,mislav,2012-12-10T14:55:10Z
305,2,2,0,Volunteers,DominikTo,2012-12-02T15:54:15Z
301,1,4,0,Volunteers,andyli,2014-02-16T22:55:08Z
298,1,2,0,Volunteers,johanatan,2012-12-10T14:58:32Z
295,2,3,0,Volunteers,yandy,2013-03-10T22:39:56Z
294,2,5,0,Volunteers,DHowett,2013-03-06T22:42:46Z
293,1,0,0,Volunteers,bhuga,2012-12-10T15:02:43Z
288,1,1,0,Volunteers,wagenet,2012-12-10T15:07:00Z
278,2,2,0,Volunteers,DrItanium,2013-02-23T10:38:51Z
261,1,0,0,Volunteers,justinclift,2013-01-08T12:21:29Z
259,1,1,0,Volunteers,afronski,2013-02-22T05:28:37Z
255,3,5,0,Volunteers,seanupton,2013-02-22T06:49:18Z
253,2,18,0,Volunteers,reactormonk,2013-02-22T05:49:09Z
251,1,0,0,Volunteers,ptrv,2013-02-12T00:05:53Z
250,3,3,1,Volunteers,rtomayko,2012-09-11T21:17:22Z
247,3,9,0,Volunteers,scottjg,2012-09-02T07:09:52Z
246,3,20,0,Volunteers,leafo,2013-01-08T12:15:38Z
245,1,1,0,Volunteers,jcazevedo,2012-08-28T17:55:12Z
239,2,3,0,Volunteers,db0company,2013-02-22T06:01:03Z
232,2,6,0,Volunteers,strangewarp,2013-01-09T00:25:56Z
231,3,7,0,Volunteers,bfontaine,2013-01-08T12:37:18Z
228,3,3,0,Employees,josh,2012-08-20T15:36:10Z
222,2,3,0,Volunteers,tiwe-de,2013-01-08T12:23:18Z
221,1,2,0,Volunteers,fkg,2013-01-08T12:31:45Z
218,1,2,0,Volunteers,brcooley,2012-08-14T01:18:16Z
215,2,7,0,Volunteers,oxan,2013-06-17T18:01:06Z
211,3,5,0,Volunteers,kassi,2012-08-06T15:23:20Z
208,3,12,0,Volunteers,ghost,2012-07-24T16:52:28Z
204,2,2,0,Volunteers,jeanlouisboudart,2012-07-21T14:40:54Z
202,1,3,0,Volunteers,seldridge,2012-07-20T19:38:38Z
200,1,6,0,Volunteers,remiprev,2012-07-23T21:24:37Z
196,1,1,0,Volunteers,borgified,2012-07-13T20:44:36Z
194,1,2,0,Volunteers,rengolin,2012-09-20T22:16:28Z
187,3,7,0,Volunteers,chochos,2012-07-05T17:12:34Z
180,2,3,0,Volunteers,michaelficarra,2012-06-19T16:33:39Z
172,58,19,2,Employees,josh,2012-06-21T16:26:54Z
171,1,2,0,Volunteers,ianmjones,2013-02-22T06:04:53Z
170,2,8,0,Volunteers,johan,2013-02-25T06:50:44Z
169,1,1,0,Volunteers,tuzz,2012-05-31T23:12:56Z
164,1,14,2,Volunteers,michaelmior,2013-02-22T05:41:57Z
163,1,1,0,Volunteers,pwaller,2012-05-10T17:30:09Z
162,1,6,0,Volunteers,horchler,2012-05-08T23:58:53Z
161,1,0,0,Volunteers,BaiGang,2012-05-08T02:39:43Z
160,1,0,0,Volunteers,bakkdoor,2012-05-08T02:41:37Z
157,1,5,0,Volunteers,thestinger,2012-05-08T14:42:07Z
156,2,57,0,Volunteers,igrigorik,2012-04-18T23:36:26Z
155,2,2,0,Volunteers,rodjek,2012-04-09T18:52:49Z
152,2,29,0,Volunteers,pao,2012-04-09T18:28:03Z
151,2,21,0,Volunteers,aseemk,2012-05-08T02:44:14Z
150,6,19,2,Volunteers,lparenteau,2013-03-23T04:32:50Z
149,2,1,0,Volunteers,paulcbetts,2012-03-28T22:00:37Z
147,2,1,0,Volunteers,baoshan,2012-03-28T16:01:55Z
146,1,0,0,Volunteers,trq,2012-03-28T16:41:30Z
144,1,0,0,Volunteers,shortstuffsushi,2012-03-28T16:34:39Z
143,1,2,0,Volunteers,abevoelker,2012-03-21T18:47:22Z
142,2,4,0,Volunteers,jaxzin,2012-03-28T16:16:41Z
141,1,0,0,Volunteers,semperos,2012-03-28T16:26:25Z
140,2,2,0,Volunteers,jstrachan,2012-03-28T16:21:19Z
138,1,0,0,Volunteers,jesusaurus,2012-03-28T16:19:39Z
135,2,0,0,Volunteers,ecere,2012-03-28T16:32:52Z
132,2,2,0,Volunteers,pmoura,2012-03-05T14:01:27Z
131,1,9,0,Volunteers,carlosgaldino,2012-03-05T13:59:58Z
129,4,21,2,Volunteers,jaxzin,2012-03-19T19:58:42Z
128,1,3,0,Volunteers,mavam,2012-03-05T14:02:36Z
126,1,0,0,Volunteers,jeffreykegler,2012-03-05T14:03:03Z
125,1,2,0,Volunteers,abevoelker,2012-03-05T14:03:23Z
124,1,0,0,Volunteers,zhensydow,2012-03-05T14:04:00Z
122,2,4,0,Volunteers,rankida,2012-03-05T14:04:37Z
118,1,1,0,Volunteers,MeirKriheli,2012-02-15T16:11:44Z
117,1,0,0,Volunteers,thomshouse,2012-02-15T16:11:50Z
115,1,8,0,Volunteers,abevoelker,2012-03-05T15:51:46Z
114,1,3,0,Volunteers,leafo,2012-03-05T14:06:44Z
113,1,0,0,Volunteers,eeue56,2012-03-05T14:09:46Z
112,1,1,0,Volunteers,sylvestre,2012-03-05T14:08:55Z
111,1,1,0,Volunteers,robnewman,2012-02-03T18:01:29Z
109,2,6,0,Volunteers,alokmenghrajani,2012-02-03T18:03:08Z
108,1,0,0,Volunteers,utkarshkukreti,2012-02-03T18:02:00Z
107,1,0,0,Volunteers,thorade,2012-02-03T18:09:37Z
105,1,0,0,Volunteers,brynary,2012-02-03T18:02:06Z
104,1,0,0,Volunteers,earwig,2012-02-03T18:02:29Z
103,1,0,0,Volunteers,timurb,2012-01-16T17:00:43Z
101,1,0,0,Volunteers,dom96,2011-12-27T17:12:34Z
100,1,0,0,Volunteers,ghost,2011-12-27T16:45:26Z
99,1,0,0,Volunteers,petercrlane,2011-12-17T03:10:13Z
98,1,0,0,Volunteers,sbisbee,2011-12-15T19:07:19Z
97,1,0,0,Volunteers,frewsxcv,2011-12-15T16:00:20Z
96,1,0,0,Volunteers,ming13,2011-12-14T16:59:39Z
94,3,0,0,Employees,tclem,2011-12-07T22:13:40Z
93,1,0,0,Volunteers,stof,2011-12-07T22:07:09Z
92,1,0,0,Volunteers,sunaku,2011-11-23T08:15:31Z
91,1,0,0,Volunteers,gsmcwhirter,2011-11-22T18:15:16Z
90,1,1,0,Volunteers,trishume,2011-11-21T16:43:25Z
89,1,3,1,Volunteers,FredrikL,2011-11-17T17:46:50Z
88,2,0,2,Volunteers,alloy,2011-11-09T15:26:50Z
87,1,0,0,Volunteers,ghost,2011-11-06T19:38:02Z
86,1,0,0,Volunteers,ghost,2011-11-06T19:37:48Z
85,1,0,0,Volunteers,ghost,2011-10-30T17:00:09Z
84,1,0,0,Volunteers,kepstin,2011-10-25T17:04:51Z
83,1,0,0,Volunteers,zmanji,2011-10-24T14:03:13Z
81,2,0,0,Volunteers,maieul,2011-10-14T15:03:43Z
80,1,1,0,Volunteers,tmcw,2011-10-06T21:59:48Z
77,1,2,0,Volunteers,robsimmons,2011-09-27T15:19:13Z
76,3,2,0,Volunteers,mgdm,2011-09-21T15:13:55Z
75,1,4,0,Volunteers,stof,2011-09-06T16:26:03Z
71,5,1,0,Volunteers,Uberi,2011-09-01T23:13:37Z
69,1,0,0,Employees,kevinsawicki,2011-09-01T20:44:25Z
68,1,0,3,Employees,josh,2011-08-30T18:57:32Z
67,1,1,0,Volunteers,beckje01,2011-08-29T17:23:40Z
66,1,5,0,Volunteers,beckje01,2011-08-29T16:36:24Z
65,1,2,0,Volunteers,pjhyett,2011-08-29T15:12:58Z
63,1,0,0,Volunteers,ognevsky,2011-08-09T16:55:37Z
62,1,0,2,Volunteers,ognevsky,2011-08-09T16:56:06Z
60,1,8,0,Volunteers,kprevas,2011-08-05T15:23:59Z
59,1,0,0,Volunteers,paulcbetts,2011-08-03T19:14:08Z
58,2,7,6,Volunteers,leto,2011-08-01T15:25:39Z
57,1,0,0,Volunteers,flaviusb,2011-07-28T15:39:45Z
56,4,1,4,Volunteers,jowido,2011-07-26T20:16:34Z
55,1,2,0,Volunteers,avdg,2011-07-25T15:13:27Z
54,1,0,0,Volunteers,Sharpie,2011-07-22T20:18:48Z
53,1,0,0,Volunteers,Sharpie,2011-07-22T20:21:24Z
50,1,0,0,Volunteers,ghost,2011-07-19T20:46:28Z
48,2,2,0,Volunteers,lkuper,2011-07-18T15:19:23Z
47,1,2,0,Volunteers,jonsterling,2011-07-13T22:09:28Z
46,1,1,0,Volunteers,Visgean,2011-07-13T14:23:04Z
42,4,6,0,Volunteers,Ziaw,2011-07-08T16:38:34Z
40,1,0,0,Volunteers,earl,2011-07-06T16:18:22Z
38,2,3,0,Volunteers,CyberShadow,2011-07-06T14:07:35Z
36,2,0,0,Volunteers,softprops,2011-07-06T02:41:22Z
35,1,0,0,Employees,josh,2011-07-05T21:47:04Z
34,1,1,0,Volunteers,bkerley,2011-07-05T20:58:19Z
33,2,3,0,Volunteers,tautologico,2011-07-05T21:06:37Z
31,1,0,0,Volunteers,henrikhodne,2011-07-05T14:13:53Z
29,1,0,0,Volunteers,supahgreg,2011-07-03T01:29:16Z
20,1,1,0,Volunteers,earl,2011-06-29T04:26:24Z
16,1,11,0,Volunteers,rkh,2011-06-28T14:09:36Z
14,1,0,0,Volunteers,justinyost,2011-06-28T14:13:11Z
13,1,0,0,Volunteers,meh,2011-06-28T14:12:29Z
11,3,3,0,Volunteers,horndude77,2011-06-28T14:11:30Z
10,1,1,0,Volunteers,carlosgaldino,2011-06-28T02:44:33Z
6,1,2,0,Volunteers,elibarzilay,2011-06-27T19:55:28Z
