{
    "issues_url": "https://api.github.com/repos/git-lfs/git-lfs/issues{/number}", 
    "deployments_url": "https://api.github.com/repos/git-lfs/git-lfs/deployments", 
    "stargazers_count": 5277, 
    "forks_url": "https://api.github.com/repos/git-lfs/git-lfs/forks", 
    "mirror_url": null, 
    "subscription_url": "https://api.github.com/repos/git-lfs/git-lfs/subscription", 
    "notifications_url": "https://api.github.com/repos/git-lfs/git-lfs/notifications{?since,all,participating}", 
    "collaborators_url": "https://api.github.com/repos/git-lfs/git-lfs/collaborators{/collaborator}", 
    "updated_at": "2018-01-16T10:08:19Z", 
    "private": false, 
    "pulls_url": "https://api.github.com/repos/git-lfs/git-lfs/pulls{/number}", 
    "issue_comment_url": "https://api.github.com/repos/git-lfs/git-lfs/issues/comments{/number}", 
    "labels_url": "https://api.github.com/repos/git-lfs/git-lfs/labels{/name}", 
    "has_wiki": true, 
    "full_name": "git-lfs/git-lfs", 
    "owner": {
        "following_url": "https://api.github.com/users/git-lfs/following{/other_user}", 
        "events_url": "https://api.github.com/users/git-lfs/events{/privacy}", 
        "organizations_url": "https://api.github.com/users/git-lfs/orgs", 
        "url": "https://api.github.com/users/git-lfs", 
        "gists_url": "https://api.github.com/users/git-lfs/gists{/gist_id}", 
        "html_url": "https://github.com/git-lfs", 
        "subscriptions_url": "https://api.github.com/users/git-lfs/subscriptions", 
        "avatar_url": "https://avatars2.githubusercontent.com/u/20246716?v=4", 
        "repos_url": "https://api.github.com/users/git-lfs/repos", 
        "received_events_url": "https://api.github.com/users/git-lfs/received_events", 
        "gravatar_id": "", 
        "starred_url": "https://api.github.com/users/git-lfs/starred{/owner}{/repo}", 
        "site_admin": false, 
        "login": "git-lfs", 
        "type": "Organization", 
        "id": 20246716, 
        "followers_url": "https://api.github.com/users/git-lfs/followers"
    }, 
    "statuses_url": "https://api.github.com/repos/git-lfs/git-lfs/statuses/{sha}", 
    "id": 13021798, 
    "keys_url": "https://api.github.com/repos/git-lfs/git-lfs/keys{/key_id}", 
    "description": "Git extension for versioning large files", 
    "subscribers_count": 346, 
    "tags_url": "https://api.github.com/repos/git-lfs/git-lfs/tags", 
    "archived": false, 
    "network_count": 931, 
    "downloads_url": "https://api.github.com/repos/git-lfs/git-lfs/downloads", 
    "assignees_url": "https://api.github.com/repos/git-lfs/git-lfs/assignees{/user}", 
    "contents_url": "https://api.github.com/repos/git-lfs/git-lfs/contents/{+path}", 
    "has_pages": false, 
    "git_refs_url": "https://api.github.com/repos/git-lfs/git-lfs/git/refs{/sha}", 
    "open_issues_count": 260, 
    "has_projects": true, 
    "clone_url": "https://github.com/git-lfs/git-lfs.git", 
    "watchers_count": 5277, 
    "git_tags_url": "https://api.github.com/repos/git-lfs/git-lfs/git/tags{/sha}", 
    "milestones_url": "https://api.github.com/repos/git-lfs/git-lfs/milestones{/number}", 
    "languages_url": "https://api.github.com/repos/git-lfs/git-lfs/languages", 
    "size": 9310, 
    "homepage": "https://git-lfs.github.com", 
    "fork": false, 
    "commits_url": "https://api.github.com/repos/git-lfs/git-lfs/commits{/sha}", 
    "releases_url": "https://api.github.com/repos/git-lfs/git-lfs/releases{/id}", 
    "issue_events_url": "https://api.github.com/repos/git-lfs/git-lfs/issues/events{/number}", 
    "archive_url": "https://api.github.com/repos/git-lfs/git-lfs/{archive_format}{/ref}", 
    "comments_url": "https://api.github.com/repos/git-lfs/git-lfs/comments{/number}", 
    "events_url": "https://api.github.com/repos/git-lfs/git-lfs/events", 
    "contributors_url": "https://api.github.com/repos/git-lfs/git-lfs/contributors", 
    "html_url": "https://github.com/git-lfs/git-lfs", 
    "forks": 931, 
    "compare_url": "https://api.github.com/repos/git-lfs/git-lfs/compare/{base}...{head}", 
    "open_issues": 260, 
    "watchers": 5277, 
    "git_url": "git://github.com/git-lfs/git-lfs.git", 
    "svn_url": "https://github.com/git-lfs/git-lfs", 
    "merges_url": "https://api.github.com/repos/git-lfs/git-lfs/merges", 
    "has_issues": true, 
    "ssh_url": "git@github.com:git-lfs/git-lfs.git", 
    "blobs_url": "https://api.github.com/repos/git-lfs/git-lfs/git/blobs{/sha}", 
    "git_commits_url": "https://api.github.com/repos/git-lfs/git-lfs/git/commits{/sha}", 
    "hooks_url": "https://api.github.com/repos/git-lfs/git-lfs/hooks", 
    "has_downloads": true, 
    "license": {
        "spdx_id": "MIT", 
        "url": "https://api.github.com/licenses/mit", 
        "name": "MIT License", 
        "key": "mit"
    }, 
    "name": "git-lfs", 
    "language": "Go", 
    "url": "https://api.github.com/repos/git-lfs/git-lfs", 
    "created_at": "2013-09-22T22:03:28Z", 
    "pushed_at": "2018-01-12T09:12:35Z", 
    "forks_count": 931, 
    "default_branch": "master", 
    "teams_url": "https://api.github.com/repos/git-lfs/git-lfs/teams", 
    "trees_url": "https://api.github.com/repos/git-lfs/git-lfs/git/trees{/sha}", 
    "organization": {
        "following_url": "https://api.github.com/users/git-lfs/following{/other_user}", 
        "events_url": "https://api.github.com/users/git-lfs/events{/privacy}", 
        "organizations_url": "https://api.github.com/users/git-lfs/orgs", 
        "url": "https://api.github.com/users/git-lfs", 
        "gists_url": "https://api.github.com/users/git-lfs/gists{/gist_id}", 
        "html_url": "https://github.com/git-lfs", 
        "subscriptions_url": "https://api.github.com/users/git-lfs/subscriptions", 
        "avatar_url": "https://avatars2.githubusercontent.com/u/20246716?v=4", 
        "repos_url": "https://api.github.com/users/git-lfs/repos", 
        "received_events_url": "https://api.github.com/users/git-lfs/received_events", 
        "gravatar_id": "", 
        "starred_url": "https://api.github.com/users/git-lfs/starred{/owner}{/repo}", 
        "site_admin": false, 
        "login": "git-lfs", 
        "type": "Organization", 
        "id": 20246716, 
        "followers_url": "https://api.github.com/users/git-lfs/followers"
    }, 
    "branches_url": "https://api.github.com/repos/git-lfs/git-lfs/branches{/branch}", 
    "subscribers_url": "https://api.github.com/repos/git-lfs/git-lfs/subscribers", 
    "stargazers_url": "https://api.github.com/repos/git-lfs/git-lfs/stargazers"
}