month,pull_type,pull_amount,user_type
2018-01-15,opened,3,employees
2017-08-15,opened,1,employees
2017-12-15,closed,1,employees
2017-11-15,closed,1,employees
2017-09-15,closed,2,employees
2017-07-15,closed,1,employees
2017-06-15,closed,2,employees
2017-05-15,closed,3,employees
2017-03-15,closed,5,employees
2017-02-15,closed,2,employees
2017-01-15,closed,4,employees
2016-12-15,closed,7,employees
2016-11-15,closed,8,employees
2016-10-15,closed,4,employees
2016-09-15,closed,3,employees
2016-08-15,closed,3,employees
2016-07-15,closed,1,employees
2016-05-15,closed,2,employees
2016-04-15,closed,2,employees
2016-03-15,closed,1,employees
2016-02-15,closed,5,employees
2016-01-15,closed,1,employees
2015-08-15,closed,2,employees
2015-07-15,closed,3,employees
2015-06-15,closed,2,employees
2015-05-15,closed,4,employees
2015-04-15,closed,2,employees
2015-03-15,closed,2,employees
2015-02-15,closed,3,employees
2015-01-15,closed,1,employees
2014-12-15,closed,2,employees
2014-10-15,closed,1,employees
2014-07-15,closed,2,employees
2014-06-15,closed,1,employees
2018-01-15,merged,2,employees
2017-12-15,merged,16,employees
2017-11-15,merged,20,employees
2017-10-15,merged,23,employees
2017-09-15,merged,36,employees
2017-08-15,merged,36,employees
2017-07-15,merged,37,employees
2017-06-15,merged,40,employees
2017-05-15,merged,35,employees
2017-04-15,merged,23,employees
2017-03-15,merged,43,employees
2017-02-15,merged,33,employees
2017-01-15,merged,23,employees
2016-12-15,merged,46,employees
2016-11-15,merged,44,employees
2016-10-15,merged,17,employees
2016-09-15,merged,7,employees
2016-08-15,merged,38,employees
2016-07-15,merged,15,employees
2016-06-15,merged,13,employees
2016-05-15,merged,17,employees
2016-04-15,merged,8,employees
2016-03-15,merged,2,employees
2016-02-15,merged,19,employees
2016-01-15,merged,3,employees
2015-12-15,merged,2,employees
2015-11-15,merged,9,employees
2015-10-15,merged,18,employees
2015-09-15,merged,26,employees
2015-08-15,merged,18,employees
2015-07-15,merged,46,employees
2015-06-15,merged,22,employees
2015-05-15,merged,16,employees
2015-04-15,merged,26,employees
2015-03-15,merged,4,employees
2015-02-15,merged,14,employees
2015-01-15,merged,5,employees
2014-12-15,merged,1,employees
2014-11-15,merged,1,employees
2014-10-15,merged,6,employees
2014-09-15,merged,9,employees
2014-08-15,merged,7,employees
2014-07-15,merged,4,employees
2014-06-15,merged,21,employees
2017-12-15,opened,1,volunteers
2017-11-15,closed,1,volunteers
2017-10-15,closed,1,volunteers
2017-09-15,closed,1,volunteers
2017-07-15,closed,3,volunteers
2017-06-15,closed,7,volunteers
2017-05-15,closed,1,volunteers
2017-04-15,closed,1,volunteers
2017-03-15,closed,5,volunteers
2017-02-15,closed,3,volunteers
2017-01-15,closed,4,volunteers
2016-11-15,closed,5,volunteers
2016-10-15,closed,5,volunteers
2016-09-15,closed,3,volunteers
2016-08-15,closed,2,volunteers
2016-07-15,closed,4,volunteers
2016-06-15,closed,1,volunteers
2016-05-15,closed,3,volunteers
2016-04-15,closed,3,volunteers
2016-03-15,closed,6,volunteers
2016-02-15,closed,5,volunteers
2016-01-15,closed,3,volunteers
2015-11-15,closed,5,volunteers
2015-10-15,closed,3,volunteers
2015-09-15,closed,3,volunteers
2015-08-15,closed,5,volunteers
2015-07-15,closed,1,volunteers
2015-06-15,closed,6,volunteers
2015-05-15,closed,6,volunteers
2015-04-15,closed,9,volunteers
2015-02-15,closed,1,volunteers
2017-12-15,merged,1,volunteers
2017-11-15,merged,6,volunteers
2017-09-15,merged,6,volunteers
2017-08-15,merged,5,volunteers
2017-07-15,merged,8,volunteers
2017-06-15,merged,3,volunteers
2017-05-15,merged,7,volunteers
2017-04-15,merged,2,volunteers
2017-03-15,merged,7,volunteers
2017-02-15,merged,8,volunteers
2017-01-15,merged,6,volunteers
2016-12-15,merged,7,volunteers
2016-11-15,merged,11,volunteers
2016-10-15,merged,11,volunteers
2016-09-15,merged,8,volunteers
2016-08-15,merged,5,volunteers
2016-07-15,merged,14,volunteers
2016-06-15,merged,13,volunteers
2016-05-15,merged,11,volunteers
2016-04-15,merged,17,volunteers
2016-03-15,merged,20,volunteers
2016-02-15,merged,8,volunteers
2016-01-15,merged,3,volunteers
2015-12-15,merged,6,volunteers
2015-11-15,merged,8,volunteers
2015-10-15,merged,21,volunteers
2015-09-15,merged,13,volunteers
2015-08-15,merged,17,volunteers
2015-07-15,merged,20,volunteers
2015-06-15,merged,29,volunteers
2015-05-15,merged,15,volunteers
2015-04-15,merged,11,volunteers
2015-01-15,merged,1,volunteers
