pull_request,number_of_commits,number_of_comments,number_of_reviews,user_type,user_login,merged_at
2809,5,0,5,Employees,technoweenie,2018-01-08T20:52:07Z
2806,12,0,4,Employees,technoweenie,2018-01-05T01:34:08Z
2797,1,0,0,Employees,b4mboo,2017-12-21T03:20:45Z
2796,7,1,0,Employees,ttaylorr,2018-01-03T23:37:05Z
2795,6,0,0,Employees,ttaylorr,2017-12-19T22:36:05Z
2794,4,0,0,Employees,ttaylorr,2017-12-19T22:35:26Z
2793,1,0,0,Employees,ttaylorr,2017-12-19T22:34:29Z
2788,7,0,0,Employees,ttaylorr,2017-12-18T19:26:57Z
2786,1,0,0,Employees,ttaylorr,2017-12-14T17:29:05Z
2785,1,0,0,Employees,ttaylorr,2017-12-14T17:28:54Z
2784,3,0,0,Employees,ttaylorr,2017-12-14T18:06:51Z
2780,9,0,0,Employees,ttaylorr,2017-12-14T17:28:44Z
2779,1,0,0,Employees,ttaylorr,2017-12-14T17:28:30Z
2778,3,0,0,Employees,ttaylorr,2017-12-14T17:28:20Z
2773,8,1,0,Employees,technoweenie,2017-12-14T21:41:55Z
2770,1,0,0,Volunteers,sschuberth,2017-12-05T19:48:28Z
2769,2,1,6,Employees,ttaylorr,2017-12-05T23:33:12Z
2767,1,0,0,Employees,ttaylorr,2017-12-05T23:29:29Z
2764,4,0,6,Employees,ttaylorr,2017-12-04T16:54:28Z
2762,12,2,2,Employees,ttaylorr,2017-12-08T17:42:08Z
2759,5,1,0,Employees,ttaylorr,2017-12-05T23:29:04Z
2758,5,0,4,Employees,ttaylorr,2017-12-05T22:05:47Z
2757,18,3,10,Employees,ttaylorr,2017-12-05T01:29:13Z
2756,2,0,0,Employees,ttaylorr,2017-12-01T17:40:23Z
2755,1,1,0,Employees,ttaylorr,2017-12-01T17:40:14Z
2751,2,0,0,Volunteers,wsprent,2017-11-27T21:42:32Z
2750,4,0,2,Employees,ttaylorr,2017-12-01T18:03:40Z
2749,3,1,0,Employees,ttaylorr,2017-11-22T22:25:54Z
2747,2,1,0,Employees,ttaylorr,2017-11-22T22:25:39Z
2746,2,2,0,Employees,ttaylorr,2017-11-22T18:47:05Z
2739,1,0,0,Employees,ttaylorr,2017-11-20T17:44:56Z
2738,5,1,0,Employees,ttaylorr,2017-11-20T18:55:42Z
2737,5,1,0,Employees,technoweenie,2017-11-21T00:04:15Z
2736,1,0,0,Employees,ttaylorr,2017-11-20T18:55:29Z
2735,1,2,0,Employees,technoweenie,2017-11-20T18:52:52Z
2734,9,2,1,Employees,ttaylorr,2017-11-20T18:55:09Z
2733,4,0,7,Employees,ttaylorr,2017-11-16T22:51:50Z
2732,14,0,7,Employees,ttaylorr,2017-11-21T00:08:29Z
2730,2,0,0,Volunteers,dpursehouse,2017-11-16T02:00:19Z
2722,5,1,5,Employees,technoweenie,2017-11-20T18:53:27Z
2719,1,4,0,Volunteers,bilke,2017-11-08T20:16:52Z
2716,2,6,0,Volunteers,QuLogic,2017-11-08T20:39:48Z
2715,1,0,0,Employees,technoweenie,2017-11-03T17:06:10Z
2709,2,5,0,Volunteers,mathstuf,2017-11-16T21:08:50Z
2708,2,7,2,Volunteers,mathstuf,2017-11-17T16:16:51Z
2706,11,2,1,Employees,technoweenie,2017-11-03T16:32:22Z
2704,2,1,0,Employees,technoweenie,2017-11-20T23:50:47Z
2700,17,0,0,Employees,technoweenie,2017-10-30T21:12:56Z
2699,1,0,0,Employees,technoweenie,2017-10-27T21:29:08Z
2698,1,0,0,Employees,technoweenie,2017-10-27T15:35:46Z
2695,16,2,0,Employees,technoweenie,2017-10-30T20:25:35Z
2692,10,0,0,Employees,technoweenie,2017-10-26T17:09:32Z
2689,18,0,0,Employees,technoweenie,2017-10-26T16:46:07Z
2687,7,0,0,Employees,technoweenie,2017-10-25T00:35:34Z
2678,2,0,0,Employees,technoweenie,2017-10-24T17:25:29Z
2676,23,1,0,Employees,technoweenie,2017-10-19T19:35:36Z
2674,1,0,0,Employees,technoweenie,2017-10-18T16:21:40Z
2673,4,0,0,Employees,technoweenie,2017-10-17T21:32:57Z
2672,2,0,0,Employees,technoweenie,2017-10-17T20:12:56Z
2659,4,4,5,Employees,shiftkey,2017-10-11T20:00:14Z
2657,3,1,0,Employees,technoweenie,2017-10-09T16:55:46Z
2651,3,0,0,Employees,technoweenie,2017-10-18T22:55:37Z
2648,1,0,0,Employees,technoweenie,2017-10-04T20:05:13Z
2647,4,4,2,Employees,technoweenie,2017-10-05T22:42:44Z
2643,1,0,0,Employees,technoweenie,2017-10-03T18:53:52Z
2642,2,0,0,Employees,technoweenie,2017-10-03T17:46:19Z
2641,2,0,0,Employees,technoweenie,2017-10-03T17:33:17Z
2637,1,1,0,Employees,technoweenie,2017-10-03T15:45:21Z
2633,3,0,0,Employees,technoweenie,2017-10-03T16:12:50Z
2632,2,0,0,Employees,technoweenie,2017-10-03T15:59:04Z
2626,3,0,2,Employees,technoweenie,2017-10-18T22:32:38Z
2625,1,0,0,Employees,technoweenie,2017-09-28T15:20:54Z
2622,2,0,0,Employees,technoweenie,2017-10-03T16:48:33Z
2621,2,0,0,Employees,technoweenie,2017-10-18T22:18:00Z
2620,1,0,0,Employees,rubyist,2017-09-27T20:59:16Z
2617,1,0,0,Employees,technoweenie,2017-09-26T23:04:58Z
2615,1,0,0,Employees,technoweenie,2017-09-26T22:28:38Z
2614,3,0,0,Employees,technoweenie,2017-09-26T18:58:07Z
2610,8,0,0,Employees,technoweenie,2017-09-26T17:01:49Z
2609,4,0,0,Employees,technoweenie,2017-09-26T17:39:02Z
2608,3,0,0,Employees,technoweenie,2017-09-26T16:35:20Z
2607,2,0,0,Employees,technoweenie,2017-09-22T17:31:53Z
2600,4,0,0,Employees,technoweenie,2017-09-20T21:44:49Z
2598,7,3,2,Employees,shiftkey,2017-09-20T17:23:48Z
2596,3,2,0,Employees,technoweenie,2017-09-22T16:32:54Z
2590,5,1,3,Volunteers,sprohaska,2017-09-22T22:53:34Z
2588,1,0,0,Volunteers,sschuberth,2017-09-15T16:22:22Z
2586,3,0,0,Volunteers,sschuberth,2017-09-15T14:29:10Z
2585,3,6,3,Employees,shiftkey,2017-09-22T20:22:46Z
2584,1,1,0,Employees,ttaylorr,2017-09-14T17:00:23Z
2583,1,0,2,Employees,ttaylorr,2017-09-14T17:21:02Z
2580,3,0,6,Employees,technoweenie,2017-09-14T15:42:20Z
2579,4,0,0,Employees,technoweenie,2017-09-13T21:25:51Z
2578,4,1,0,Employees,ttaylorr,2017-09-13T22:23:35Z
2577,1,0,0,Employees,ttaylorr,2017-09-13T15:49:39Z
2574,6,0,0,Employees,technoweenie,2017-09-12T15:34:15Z
2572,1,0,0,Employees,ttaylorr,2017-09-11T19:10:35Z
2571,1,0,3,Volunteers,larsxschneider,2017-09-11T15:53:41Z
2570,2,1,6,Volunteers,larsxschneider,2017-09-11T18:15:20Z
2567,3,0,0,Employees,ttaylorr,2017-09-08T20:50:47Z
2566,1,1,0,Employees,ttaylorr,2017-09-08T20:28:25Z
2562,1,0,0,Employees,ttaylorr,2017-09-08T20:39:38Z
2559,1,0,0,Employees,ttaylorr,2017-09-07T20:38:20Z
2558,1,0,0,Employees,ttaylorr,2017-09-07T20:38:10Z
2554,5,0,0,Employees,ttaylorr,2017-09-12T19:47:24Z
2553,10,0,0,Employees,ttaylorr,2017-09-12T19:47:10Z
2552,3,0,0,Employees,ttaylorr,2017-09-12T19:46:57Z
2551,2,0,0,Employees,ttaylorr,2017-09-12T19:46:41Z
2550,3,0,0,Employees,ttaylorr,2017-09-12T19:46:24Z
2546,2,0,0,Volunteers,larsxschneider,2017-09-05T17:31:29Z
2541,6,0,2,Employees,ttaylorr,2017-09-07T20:47:18Z
2540,2,0,7,Volunteers,larsxschneider,2017-08-31T02:02:26Z
2539,1,0,0,Volunteers,larsxschneider,2017-08-29T22:22:16Z
2538,5,0,0,Employees,ttaylorr,2017-08-30T18:29:17Z
2537,2,0,0,Employees,ttaylorr,2017-08-30T16:45:42Z
2536,1,0,0,Employees,ttaylorr,2017-08-30T16:45:27Z
2535,1,0,0,Employees,ttaylorr,2017-08-30T16:45:18Z
2531,1,0,0,Volunteers,larsxschneider,2017-08-26T17:42:29Z
2530,1,1,0,Employees,ttaylorr,2017-08-28T21:38:08Z
2529,4,0,0,Employees,ttaylorr,2017-08-30T16:45:09Z
2528,3,1,0,Employees,ttaylorr,2017-08-30T16:57:13Z
2526,7,10,5,Employees,ttaylorr,2017-08-30T16:44:40Z
2525,2,0,0,Employees,ttaylorr,2017-08-25T15:49:38Z
2524,1,2,0,Employees,ttaylorr,2017-08-25T15:48:56Z
2516,15,9,10,Employees,ttaylorr,2017-09-13T21:27:38Z
2515,2,0,0,Employees,ttaylorr,2017-08-18T16:06:27Z
2514,4,0,0,Employees,ttaylorr,2017-09-07T20:37:44Z
2511,20,18,27,Employees,ttaylorr,2017-08-24T22:28:17Z
2510,5,1,5,Employees,ttaylorr,2017-08-16T15:49:53Z
2509,1,0,0,Volunteers,andyneff,2017-08-14T20:40:16Z
2508,1,0,0,Employees,ttaylorr,2017-08-14T20:23:31Z
2507,1,1,0,Employees,ttaylorr,2017-08-15T15:50:39Z
2506,1,2,0,Employees,ttaylorr,2017-08-14T20:23:20Z
2505,4,0,0,Employees,ttaylorr,2017-08-11T20:37:38Z
2502,3,0,0,Employees,ttaylorr,2017-08-11T16:20:19Z
2501,4,0,0,Employees,ttaylorr,2017-08-10T23:35:14Z
2500,10,1,0,Employees,ttaylorr,2017-08-11T18:11:42Z
2499,1,2,1,Volunteers,aleb,2017-08-10T16:14:04Z
2495,2,0,0,Employees,ttaylorr,2017-08-10T15:39:31Z
2493,1,0,0,Employees,ttaylorr,2017-08-09T20:59:58Z
2488,1,0,0,Employees,ttaylorr,2017-08-09T16:21:10Z
2485,13,0,0,Employees,ttaylorr,2017-08-08T21:11:53Z
2483,3,0,0,Employees,ttaylorr,2017-08-07T20:52:25Z
2476,2,0,0,Employees,ttaylorr,2017-08-04T17:12:52Z
2475,1,0,0,Employees,ttaylorr,2017-08-03T17:58:01Z
2471,1,0,0,Employees,ttaylorr,2017-08-04T15:10:28Z
2470,3,0,6,Employees,ttaylorr,2017-08-03T19:50:47Z
2469,1,0,0,Employees,ttaylorr,2017-08-03T20:23:15Z
2468,4,0,4,Employees,ttaylorr,2017-08-03T22:36:19Z
2467,1,0,0,Employees,ttaylorr,2017-08-04T15:10:45Z
2465,4,0,0,Employees,ttaylorr,2017-08-01T20:47:19Z
2463,1,0,0,Employees,ttaylorr,2017-07-31T21:54:14Z
2462,2,0,0,Employees,ttaylorr,2017-07-31T21:00:31Z
2461,1,0,0,Employees,ttaylorr,2017-07-31T21:00:24Z
2460,3,0,0,Employees,ttaylorr,2017-07-31T19:24:05Z
2459,3,0,0,Employees,ttaylorr,2017-07-31T19:24:14Z
2458,1,0,0,Employees,ttaylorr,2017-07-31T19:29:17Z
2457,1,0,0,Employees,ttaylorr,2017-07-31T18:53:58Z
2455,2,0,0,Employees,ttaylorr,2017-07-31T18:49:05Z
2453,12,4,15,Volunteers,larsxschneider,2017-08-24T20:24:40Z
2449,1,0,0,Volunteers,mathstuf,2017-07-31T18:53:32Z
2443,1,1,0,Volunteers,rudineirk,2017-07-28T02:00:11Z
2441,1,1,0,Employees,ttaylorr,2017-07-28T01:26:51Z
2440,1,0,0,Employees,ttaylorr,2017-07-25T19:07:35Z
2438,6,0,0,Employees,ttaylorr,2017-08-10T15:42:19Z
2437,2,0,0,Employees,ttaylorr,2017-07-24T19:48:06Z
2436,3,0,0,Employees,ttaylorr,2017-07-24T19:48:12Z
2429,1,7,7,Volunteers,aleb,2017-07-31T21:51:00Z
2426,2,0,0,Volunteers,ssgelm,2017-07-24T21:28:39Z
2425,1,0,0,Volunteers,ssgelm,2017-07-17T20:00:56Z
2423,3,2,1,Employees,ttaylorr,2017-07-24T17:59:44Z
2422,4,0,0,Employees,ttaylorr,2017-07-24T17:44:35Z
2421,3,0,0,Employees,ttaylorr,2017-07-24T17:18:31Z
2420,3,1,0,Employees,ttaylorr,2017-07-24T17:02:15Z
2410,1,0,0,Employees,ttaylorr,2017-07-11T18:00:50Z
2404,1,0,0,Employees,ttaylorr,2017-07-10T18:54:48Z
2403,1,0,0,Employees,ttaylorr,2017-07-10T19:08:58Z
2402,2,0,0,Employees,ttaylorr,2017-07-10T19:08:42Z
2401,1,0,0,Employees,ttaylorr,2017-07-10T16:59:01Z
2400,1,0,0,Employees,ttaylorr,2017-07-10T16:58:50Z
2399,2,1,0,Employees,ttaylorr,2017-07-10T17:50:59Z
2397,1,0,0,Employees,ttaylorr,2017-07-10T16:58:43Z
2396,1,0,0,Employees,ttaylorr,2017-07-10T16:58:36Z
2395,1,0,0,Employees,ttaylorr,2017-07-10T16:58:29Z
2394,1,0,0,Employees,ttaylorr,2017-07-10T16:58:21Z
2393,10,3,0,Employees,ttaylorr,2017-07-10T18:01:25Z
2392,10,4,0,Employees,ttaylorr,2017-07-12T15:30:09Z
2389,7,1,0,Employees,ttaylorr,2017-07-05T20:45:44Z
2388,2,0,0,Employees,ttaylorr,2017-07-05T20:46:44Z
2386,1,0,0,Employees,ttaylorr,2017-07-05T20:46:55Z
2385,1,0,0,Employees,ttaylorr,2017-07-05T15:23:22Z
2384,1,0,0,Employees,ttaylorr,2017-07-05T15:23:39Z
2383,3,3,0,Employees,ttaylorr,2017-07-05T20:46:21Z
2382,2,0,0,Employees,ttaylorr,2017-07-05T15:23:30Z
2377,1,0,0,Volunteers,ssgelm,2017-07-05T15:10:42Z
2374,1,3,2,Volunteers,asottile,2017-07-05T21:00:03Z
2371,2,0,0,Employees,technoweenie,2017-06-29T21:47:29Z
2369,1,2,0,Employees,technoweenie,2017-06-29T21:14:16Z
2362,3,0,0,Employees,technoweenie,2017-06-27T16:29:06Z
2358,1,0,0,Employees,ttaylorr,2017-06-26T17:36:16Z
2356,1,0,0,Employees,ttaylorr,2017-06-26T18:03:13Z
2355,1,0,0,Employees,ttaylorr,2017-06-26T17:46:38Z
2353,19,1,0,Employees,ttaylorr,2017-06-26T21:56:01Z
2348,4,0,0,Employees,ttaylorr,2017-06-22T00:17:29Z
2347,1,0,0,Employees,ttaylorr,2017-06-22T00:05:52Z
2346,1,1,3,Employees,ttaylorr,2017-06-22T00:10:06Z
2345,2,0,2,Employees,ttaylorr,2017-06-22T00:43:17Z
2344,4,0,2,Employees,ttaylorr,2017-06-22T00:43:00Z
2343,1,0,0,Employees,ttaylorr,2017-06-21T23:16:46Z
2341,12,1,0,Employees,ttaylorr,2017-06-21T23:09:41Z
2340,8,0,0,Employees,ttaylorr,2017-06-22T00:55:26Z
2339,1,0,0,Employees,ttaylorr,2017-06-19T20:21:53Z
2338,5,0,1,Employees,ttaylorr,2017-06-19T20:21:40Z
2335,10,1,1,Employees,ttaylorr,2017-06-19T21:40:26Z
2334,8,5,0,Employees,ttaylorr,2017-06-19T21:16:49Z
2333,5,0,0,Employees,ttaylorr,2017-06-16T16:46:37Z
2332,1,0,0,Employees,ttaylorr,2017-06-16T16:46:19Z
2331,1,0,0,Employees,ttaylorr,2017-06-16T16:45:56Z
2329,15,0,4,Employees,ttaylorr,2017-06-19T21:16:28Z
2327,1,1,0,Volunteers,gurugray,2017-06-14T15:32:56Z
2324,5,3,0,Employees,ttaylorr,2017-06-13T20:39:51Z
2322,1,0,0,Employees,ttaylorr,2017-06-12T17:11:43Z
2313,42,6,14,Employees,ttaylorr,2017-06-16T16:45:15Z
2312,4,0,8,Volunteers,jakub-m,2017-06-14T15:37:44Z
2311,1,0,10,Volunteers,asottile,2017-06-09T20:40:25Z
2310,2,0,0,Employees,ttaylorr,2017-06-08T21:24:54Z
2308,1,0,0,Employees,ttaylorr,2017-06-08T20:13:04Z
2303,2,0,0,Employees,ttaylorr,2017-06-07T00:04:24Z
2302,2,0,0,Employees,ttaylorr,2017-06-06T22:59:54Z
2301,1,0,0,Employees,ttaylorr,2017-06-06T20:09:17Z
2300,6,3,2,Employees,ttaylorr,2017-06-06T21:00:24Z
2299,3,0,0,Employees,technoweenie,2017-06-16T15:21:55Z
2297,3,0,0,Employees,ttaylorr,2017-06-05T22:12:18Z
2296,1,1,0,Employees,ttaylorr,2017-06-05T21:32:15Z
2295,4,0,0,Employees,ttaylorr,2017-06-05T19:31:18Z
2294,2,0,0,Employees,ttaylorr,2017-06-05T19:30:57Z
2292,13,1,4,Employees,ttaylorr,2017-06-05T15:37:35Z
2287,1,0,0,Employees,ttaylorr,2017-06-02T15:37:29Z
2286,2,0,0,Employees,ttaylorr,2017-06-02T15:37:21Z
2283,7,1,2,Employees,ttaylorr,2017-05-31T22:25:46Z
2278,1,0,0,Employees,ttaylorr,2017-05-30T21:58:04Z
2277,1,1,0,Volunteers,raleksandar,2017-05-30T15:12:56Z
2272,1,0,0,Employees,ttaylorr,2017-05-26T20:55:57Z
2268,3,0,0,Employees,ttaylorr,2017-05-25T22:05:30Z
2267,4,1,4,Employees,ttaylorr,2017-05-25T21:04:19Z
2266,1,0,0,Employees,ttaylorr,2017-05-25T20:57:46Z
2265,1,0,0,Employees,ttaylorr,2017-05-25T20:57:36Z
2263,5,0,0,Employees,ttaylorr,2017-05-24T23:21:55Z
2262,2,3,0,Employees,ttaylorr,2017-05-25T14:47:35Z
2261,4,1,4,Employees,ttaylorr,2017-05-24T20:24:28Z
2252,6,1,0,Employees,ttaylorr,2017-05-22T19:26:21Z
2251,2,2,0,Employees,ttaylorr,2017-05-22T19:26:10Z
2248,1,0,0,Volunteers,dpursehouse,2017-05-21T04:49:53Z
2246,1,1,2,Employees,ttaylorr,2017-05-19T21:00:37Z
2245,1,0,0,Employees,ttaylorr,2017-05-19T19:34:31Z
2244,4,0,0,Employees,ttaylorr,2017-05-19T18:55:21Z
2243,1,0,0,Employees,ttaylorr,2017-05-19T18:15:56Z
2242,1,0,0,Employees,ttaylorr,2017-05-19T16:59:42Z
2241,1,3,0,Employees,technoweenie,2017-05-19T16:32:05Z
2240,1,0,0,Employees,ttaylorr,2017-05-19T16:19:14Z
2238,1,0,0,Employees,technoweenie,2017-05-19T14:15:50Z
2237,6,4,0,Volunteers,seth2810,2017-05-19T19:33:43Z
2235,7,1,5,Employees,ttaylorr,2017-05-19T17:08:36Z
2233,10,2,0,Employees,technoweenie,2017-05-19T13:56:18Z
2232,3,3,0,Volunteers,dpursehouse,2017-05-19T13:59:53Z
2230,1,0,0,Employees,ttaylorr,2017-05-18T16:42:06Z
2229,1,0,0,Employees,ttaylorr,2017-05-18T16:42:12Z
2228,2,1,0,Employees,ttaylorr,2017-05-17T22:43:05Z
2227,1,0,0,Employees,ttaylorr,2017-05-17T21:19:54Z
2224,1,0,0,Employees,ttaylorr,2017-05-17T17:56:45Z
2220,37,2,42,Employees,ttaylorr,2017-05-22T21:55:52Z
2216,3,0,2,Employees,ttaylorr,2017-05-16T20:58:28Z
2212,1,0,0,Volunteers,andyneff,2017-05-10T15:18:31Z
2211,2,0,0,Employees,ttaylorr,2017-05-11T15:06:12Z
2210,2,0,0,Employees,ttaylorr,2017-05-09T17:39:09Z
2206,2,1,0,Employees,technoweenie,2017-05-09T15:35:20Z
2205,4,2,0,Employees,ttaylorr,2017-05-09T20:49:03Z
2203,1,1,0,Volunteers,ssgelm,2017-05-08T15:47:03Z
2199,7,1,4,Employees,ttaylorr,2017-05-04T19:14:17Z
2198,3,3,0,Volunteers,jiangxin,2017-05-04T22:58:48Z
2192,1,1,0,Employees,technoweenie,2017-05-01T22:50:33Z
2188,1,0,0,Employees,ttaylorr,2017-05-01T18:03:13Z
2187,1,1,0,Employees,ttaylorr,2017-04-28T16:30:51Z
2184,24,2,0,Employees,technoweenie,2017-04-28T15:43:57Z
2183,4,0,0,Employees,ttaylorr,2017-04-27T22:35:22Z
2181,2,0,0,Employees,ttaylorr,2017-04-27T16:22:05Z
2180,2,0,0,Employees,ttaylorr,2017-04-26T23:28:28Z
2179,6,0,0,Employees,ttaylorr,2017-04-26T16:06:57Z
2178,2,0,0,Employees,ttaylorr,2017-04-25T19:51:02Z
2175,3,1,0,Employees,ttaylorr,2017-04-25T21:13:08Z
2171,7,0,0,Volunteers,sprohaska,2017-04-24T01:17:20Z
2170,1,0,0,Volunteers,sprohaska,2017-04-24T01:17:02Z
2168,11,3,8,Employees,technoweenie,2017-04-27T22:19:40Z
2162,11,0,8,Employees,ttaylorr,2017-04-18T17:28:49Z
2161,4,0,0,Employees,ttaylorr,2017-04-18T15:07:12Z
2160,1,0,0,Employees,ttaylorr,2017-04-17T20:55:12Z
2159,12,1,7,Employees,ttaylorr,2017-04-17T19:45:25Z
2158,4,0,2,Employees,ttaylorr,2017-04-17T15:25:44Z
2156,18,0,1,Employees,ttaylorr,2017-04-17T15:10:51Z
2154,9,1,1,Employees,ttaylorr,2017-04-14T19:20:02Z
2152,4,1,9,Employees,ttaylorr,2017-04-14T17:55:28Z
2145,1,1,0,Employees,ttaylorr,2017-04-10T18:26:53Z
2140,3,0,0,Employees,ttaylorr,2017-04-10T17:30:35Z
2139,3,0,0,Employees,ttaylorr,2017-04-09T21:10:33Z
2130,13,1,8,Employees,ttaylorr,2017-04-06T20:16:54Z
2127,4,1,1,Employees,ttaylorr,2017-04-05T14:58:22Z
2112,1,0,0,Employees,ttaylorr,2017-03-29T23:09:10Z
2111,1,0,0,Employees,ttaylorr,2017-03-29T22:38:36Z
2110,3,0,0,Employees,ttaylorr,2017-03-29T22:17:33Z
2109,1,0,0,Employees,ttaylorr,2017-03-29T21:54:56Z
2107,2,0,0,Employees,ttaylorr,2017-03-29T21:39:24Z
2102,1,0,0,Employees,ttaylorr,2017-03-29T00:04:12Z
2101,1,0,0,Employees,ttaylorr,2017-03-28T23:46:56Z
2100,1,0,0,Employees,ttaylorr,2017-03-28T23:31:15Z
2099,1,0,0,Employees,ttaylorr,2017-03-28T22:59:52Z
2098,1,0,0,Employees,ttaylorr,2017-03-28T22:49:58Z
2097,1,0,0,Employees,ttaylorr,2017-03-28T22:44:20Z
2096,1,0,0,Employees,ttaylorr,2017-03-28T22:43:19Z
2095,2,0,0,Employees,ttaylorr,2017-03-28T23:00:15Z
2094,1,0,0,Employees,ttaylorr,2017-03-28T22:32:49Z
2092,1,0,0,Employees,ttaylorr,2017-03-28T17:19:23Z
2090,2,0,0,Employees,ttaylorr,2017-03-28T16:53:45Z
2089,1,0,0,Employees,ttaylorr,2017-03-27T16:30:54Z
2088,1,3,0,Volunteers,p12tic,2017-03-27T15:48:10Z
2087,1,1,0,Volunteers,ZaninAndrea,2017-03-27T15:47:29Z
2085,1,0,0,Employees,ttaylorr,2017-03-25T04:38:38Z
2084,1,0,0,Employees,ttaylorr,2017-03-25T04:14:05Z
2083,4,0,0,Employees,ttaylorr,2017-03-24T22:07:41Z
2082,9,1,2,Employees,ttaylorr,2017-03-25T04:13:50Z
2081,2,0,1,Employees,technoweenie,2017-03-24T21:47:20Z
2080,12,0,3,Employees,technoweenie,2017-03-28T22:15:53Z
2079,1,0,0,Employees,ttaylorr,2017-03-24T18:06:49Z
2077,8,2,1,Employees,ttaylorr,2017-03-24T17:34:43Z
2075,1,0,0,Employees,ttaylorr,2017-03-24T17:13:27Z
2074,1,0,0,Employees,ttaylorr,2017-03-23T19:01:37Z
2073,1,0,1,Employees,ttaylorr,2017-03-23T18:43:09Z
2072,3,0,0,Employees,technoweenie,2017-03-23T19:36:30Z
2070,10,0,6,Employees,ttaylorr,2017-03-23T19:06:24Z
2067,2,0,0,Employees,ttaylorr,2017-03-22T20:15:32Z
2049,1,0,0,Volunteers,TheJare,2017-09-07T19:13:21Z
2048,2,1,0,Employees,ttaylorr,2017-03-24T17:34:29Z
2047,4,1,0,Employees,ttaylorr,2017-03-17T19:37:19Z
2042,6,0,2,Employees,ttaylorr,2017-03-22T16:56:33Z
2035,10,5,14,Employees,ttaylorr,2017-03-16T18:46:38Z
2033,2,0,0,Volunteers,dpursehouse,2017-03-15T16:21:24Z
2028,3,1,0,Volunteers,dpursehouse,2017-03-14T15:08:13Z
2023,2,16,3,Volunteers,bozaro,2017-07-12T15:44:34Z
2021,3,6,0,Volunteers,grimreaper,2017-03-09T23:53:19Z
2020,3,0,0,Employees,terrorobe,2017-03-10T17:38:41Z
2019,2,0,0,Employees,terrorobe,2017-03-10T17:32:38Z
2008,1,0,1,Employees,ttaylorr,2017-03-06T23:30:28Z
2007,1,0,0,Employees,ttaylorr,2017-03-06T22:50:08Z
2004,10,1,12,Employees,ttaylorr,2017-03-06T22:20:12Z
1999,1,2,3,Employees,terrorobe,2017-03-03T19:02:15Z
1990,2,1,3,Employees,technoweenie,2017-03-01T16:27:39Z
1989,1,0,0,Employees,technoweenie,2017-03-01T01:29:00Z
1987,3,1,0,Employees,technoweenie,2017-02-28T00:00:25Z
1986,1,0,0,Employees,technoweenie,2017-02-27T18:49:14Z
1983,5,2,0,Employees,technoweenie,2017-02-27T16:40:09Z
1982,1,0,0,Volunteers,sschuberth,2017-02-24T20:54:33Z
1980,1,0,0,Volunteers,sschuberth,2017-02-24T16:41:06Z
1979,3,0,0,Volunteers,sschuberth,2017-02-24T17:07:01Z
1978,4,0,1,Employees,technoweenie,2017-02-24T00:21:02Z
1971,7,7,2,Employees,ttaylorr,2017-02-22T23:00:06Z
1968,1,0,0,Volunteers,sschuberth,2017-02-21T20:38:51Z
1966,5,18,2,Volunteers,sschuberth,2017-02-23T18:22:37Z
1965,7,10,0,Employees,ttaylorr,2017-02-28T22:46:57Z
1962,8,1,0,Employees,ttaylorr,2017-02-21T21:23:30Z
1961,1,1,0,Employees,ttaylorr,2017-02-21T17:30:04Z
1959,2,4,0,Volunteers,sschuberth,2017-02-19T07:02:26Z
1958,4,1,8,Employees,ttaylorr,2017-02-18T00:49:48Z
1957,1,0,0,Employees,technoweenie,2017-02-17T19:15:50Z
1955,5,1,0,Employees,ttaylorr,2017-02-17T17:30:07Z
1954,1,0,0,Employees,ttaylorr,2017-02-17T01:54:18Z
1953,6,0,0,Employees,technoweenie,2017-02-17T17:29:52Z
1952,1,2,0,Employees,ttaylorr,2017-02-17T00:06:49Z
1951,9,1,6,Employees,ttaylorr,2017-02-17T00:13:37Z
1950,1,0,0,Employees,technoweenie,2017-02-16T16:41:04Z
1947,1,0,0,Employees,ttaylorr,2017-02-16T17:22:44Z
1946,2,0,0,Employees,technoweenie,2017-02-15T20:29:34Z
1940,2,1,0,Employees,technoweenie,2017-02-14T23:11:04Z
1938,2,0,0,Volunteers,sschuberth,2017-02-14T16:34:15Z
1937,5,11,5,Employees,ttaylorr,2017-02-14T18:13:00Z
1936,5,0,8,Employees,technoweenie,2017-02-15T21:04:03Z
1932,8,7,7,Employees,ttaylorr,2017-02-13T21:07:48Z
1931,8,0,0,Employees,technoweenie,2017-02-13T20:52:34Z
1930,4,5,0,Volunteers,sschuberth,2017-02-11T12:14:33Z
1927,4,0,7,Employees,technoweenie,2017-02-13T18:26:32Z
1924,1,2,0,Employees,technoweenie,2017-02-09T17:20:19Z
1921,2,1,0,Employees,technoweenie,2017-02-07T20:46:00Z
1914,12,0,1,Employees,technoweenie,2017-02-13T21:19:57Z
1913,1,0,0,Employees,technoweenie,2017-02-06T14:47:57Z
1912,5,13,1,Employees,technoweenie,2017-04-12T20:23:20Z
1910,2,0,0,Employees,technoweenie,2017-02-06T15:04:51Z
1909,10,3,18,Employees,technoweenie,2017-02-09T16:17:23Z
1905,4,1,6,Employees,technoweenie,2017-02-02T15:39:59Z
1904,4,0,5,Employees,technoweenie,2017-02-01T15:27:56Z
1896,9,2,13,Volunteers,sinbad,2017-02-06T20:52:06Z
1893,11,1,4,Employees,technoweenie,2017-01-26T19:53:10Z
1890,4,0,1,Employees,technoweenie,2017-01-26T19:01:58Z
1887,3,0,2,Employees,technoweenie,2017-01-25T16:19:09Z
1886,4,3,4,Employees,technoweenie,2017-01-26T16:52:01Z
1885,3,1,2,Employees,ttaylorr,2017-01-23T23:14:02Z
1877,3,0,0,Employees,ttaylorr,2017-01-23T18:34:45Z
1870,36,0,0,Volunteers,sinbad,2017-01-19T12:08:45Z
1868,2,1,0,Volunteers,sinbad,2017-01-19T11:41:45Z
1863,2,0,2,Employees,ttaylorr,2017-01-13T20:49:56Z
1861,4,9,10,Volunteers,monitorjbl,2017-01-23T18:15:36Z
1857,1,2,0,Employees,ttaylorr,2017-01-12T20:45:38Z
1856,1,0,0,Employees,ttaylorr,2017-01-12T18:10:58Z
1852,2,0,0,Employees,ttaylorr,2017-01-12T17:19:11Z
1850,1,0,0,Employees,technoweenie,2017-01-10T20:46:20Z
1849,4,0,2,Employees,ttaylorr,2017-01-10T21:50:04Z
1847,3,0,0,Volunteers,sinbad,2017-01-10T16:19:07Z
1846,4,6,0,Employees,technoweenie,2017-01-10T20:14:42Z
1841,11,4,3,Employees,technoweenie,2017-01-09T23:26:13Z
1840,1,0,0,Employees,technoweenie,2017-01-07T03:23:34Z
1839,117,0,0,Employees,technoweenie,2017-01-06T21:56:33Z
1838,7,0,0,Employees,technoweenie,2017-01-06T21:28:28Z
1837,4,0,1,Employees,technoweenie,2017-01-06T21:04:05Z
1835,1,0,0,Employees,ttaylorr,2017-01-06T16:53:19Z
1832,1,0,0,Employees,ttaylorr,2017-01-05T18:38:10Z
1827,24,1,7,Employees,technoweenie,2017-01-06T18:48:07Z
1825,3,1,0,Employees,technoweenie,2017-01-05T15:48:31Z
1824,14,1,18,Employees,technoweenie,2017-01-06T18:15:07Z
1822,32,11,32,Volunteers,sinbad,2017-01-16T11:32:57Z
1820,3,4,6,Volunteers,creste,2017-01-12T16:01:09Z
1818,9,0,0,Employees,ttaylorr,2017-01-05T18:07:55Z
1815,17,2,10,Employees,ttaylorr,2017-01-13T23:22:50Z
1814,5,3,0,Employees,ttaylorr,2017-01-05T18:18:54Z
1812,13,6,0,Employees,ttaylorr,2017-01-11T22:47:45Z
1811,1,0,0,Employees,ttaylorr,2016-12-27T22:34:55Z
1810,1,2,0,Employees,ttaylorr,2016-12-27T22:22:19Z
1809,1,0,0,Employees,ttaylorr,2016-12-27T20:33:44Z
1807,1,0,0,Employees,ttaylorr,2016-12-27T20:11:45Z
1806,3,1,0,Employees,ttaylorr,2016-12-27T20:00:17Z
1805,1,0,0,Employees,ttaylorr,2016-12-27T20:04:59Z
1801,2,2,0,Employees,ttaylorr,2017-01-05T18:23:04Z
1799,4,0,1,Employees,technoweenie,2017-01-03T18:23:41Z
1798,1,0,0,Employees,ttaylorr,2016-12-26T23:02:27Z
1797,1,0,0,Employees,ttaylorr,2016-12-23T18:14:08Z
1796,10,4,2,Employees,ttaylorr,2016-12-26T23:02:03Z
1794,10,1,0,Employees,technoweenie,2017-01-03T18:28:02Z
1793,1,0,0,Employees,technoweenie,2016-12-21T17:25:33Z
1791,3,2,12,Employees,technoweenie,2016-12-21T17:32:14Z
1788,2,0,0,Employees,technoweenie,2016-12-20T21:40:48Z
1787,8,0,0,Employees,technoweenie,2016-12-20T21:52:44Z
1784,5,0,0,Employees,technoweenie,2016-12-20T19:21:43Z
1782,2,4,0,Employees,technoweenie,2016-12-26T23:02:19Z
1780,50,1,0,Employees,technoweenie,2016-12-16T17:28:11Z
1779,1,0,0,Employees,ttaylorr,2016-12-16T16:44:06Z
1777,2,1,0,Employees,ttaylorr,2016-12-15T21:24:10Z
1776,3,1,2,Employees,ttaylorr,2016-12-15T21:26:47Z
1775,1,0,0,Employees,technoweenie,2016-12-15T17:37:03Z
1774,2,0,0,Employees,technoweenie,2016-12-15T18:39:22Z
1772,5,1,0,Employees,ttaylorr,2016-12-15T17:35:42Z
1771,14,2,0,Employees,technoweenie,2016-12-16T17:45:41Z
1770,15,0,3,Employees,technoweenie,2016-12-19T20:00:13Z
1769,40,2,0,Volunteers,sinbad,2016-12-16T17:08:59Z
1768,1,0,0,Volunteers,sinbad,2016-12-14T16:05:24Z
1767,11,2,0,Employees,technoweenie,2016-12-14T17:06:26Z
1760,11,1,23,Volunteers,sinbad,2016-12-14T10:02:36Z
1758,18,5,14,Employees,ttaylorr,2016-12-13T01:06:53Z
1754,1,0,0,Employees,ttaylorr,2016-12-10T17:24:41Z
1752,4,8,10,Volunteers,sschuberth,2016-12-15T21:04:56Z
1747,17,1,14,Employees,technoweenie,2016-12-09T14:54:13Z
1746,3,1,3,Employees,technoweenie,2016-12-07T20:13:29Z
1745,3,1,2,Employees,technoweenie,2016-12-07T02:24:18Z
1743,11,0,0,Employees,technoweenie,2016-12-06T23:13:58Z
1742,3,0,2,Employees,ttaylorr,2016-12-07T20:35:35Z
1741,1,0,0,Employees,ttaylorr,2016-12-06T00:21:02Z
1739,1,0,0,Employees,ttaylorr,2016-12-05T23:40:28Z
1738,1,0,0,Employees,technoweenie,2016-12-05T21:21:35Z
1737,1,0,0,Employees,technoweenie,2016-12-05T20:30:38Z
1736,7,1,17,Volunteers,sinbad,2016-12-08T14:18:42Z
1734,3,1,0,Employees,ttaylorr,2016-12-05T21:55:08Z
1733,2,0,0,Employees,ttaylorr,2016-12-05T21:35:19Z
1732,2,0,0,Employees,ttaylorr,2016-12-05T21:54:51Z
1731,1,1,0,Volunteers,larsxschneider,2016-12-02T15:52:35Z
1727,2,0,0,Employees,technoweenie,2016-12-02T15:52:29Z
1725,10,2,16,Employees,technoweenie,2016-12-06T16:25:56Z
1723,4,1,0,Volunteers,sinbad,2016-11-30T10:16:17Z
1721,1,0,0,Volunteers,myint,2016-11-28T16:19:46Z
1713,1,0,0,Employees,benbalter,2016-11-23T17:56:03Z
1712,1,2,0,Employees,benbalter,2016-11-23T17:06:32Z
1711,3,1,0,Volunteers,larsxschneider,2016-11-23T17:10:46Z
1710,8,7,1,Employees,technoweenie,2016-12-05T22:15:54Z
1709,1,0,3,Employees,ttaylorr,2016-11-22T23:01:41Z
1708,2,0,0,Employees,ttaylorr,2016-11-22T21:18:33Z
1707,1,0,0,Employees,ttaylorr,2016-11-22T20:47:44Z
1706,1,0,0,Employees,technoweenie,2016-11-22T20:26:33Z
1705,17,3,0,Employees,technoweenie,2016-11-22T21:40:52Z
1703,1,0,0,Employees,technoweenie,2016-11-22T20:10:33Z
1699,6,7,2,Volunteers,larsxschneider,2016-11-22T20:18:14Z
1698,2,1,0,Volunteers,larsxschneider,2016-11-22T17:58:34Z
1696,26,5,1,Employees,technoweenie,2016-11-22T21:49:36Z
1695,20,1,0,Employees,technoweenie,2016-11-22T22:06:19Z
1694,12,5,25,Volunteers,sinbad,2016-11-28T15:42:53Z
1689,5,16,12,Volunteers,sschuberth,2016-12-09T14:42:08Z
1688,17,4,13,Employees,technoweenie,2016-11-21T17:32:03Z
1687,4,0,2,Employees,technoweenie,2016-11-18T20:57:21Z
1686,5,2,0,Employees,ttaylorr,2016-11-18T19:54:54Z
1685,1,4,0,Employees,technoweenie,2016-11-18T21:40:59Z
1684,2,0,0,Employees,technoweenie,2016-11-18T17:38:59Z
1683,1,0,0,Employees,technoweenie,2016-11-18T16:29:39Z
1680,1,0,0,Employees,technoweenie,2016-11-18T16:16:52Z
1679,2,0,0,Employees,technoweenie,2016-11-18T18:34:17Z
1676,1,0,0,Employees,ttaylorr,2016-11-18T00:05:53Z
1675,1,0,0,Employees,ttaylorr,2016-11-17T23:15:29Z
1674,1,0,0,Employees,ttaylorr,2016-11-17T22:46:10Z
1671,3,2,0,Employees,technoweenie,2016-11-17T22:01:58Z
1670,25,5,2,Employees,technoweenie,2016-11-18T20:48:55Z
1666,2,0,1,Employees,technoweenie,2016-11-16T17:26:54Z
1659,24,4,0,Employees,technoweenie,2016-11-15T21:13:41Z
1658,3,3,0,Employees,ttaylorr,2016-11-16T18:18:37Z
1657,6,0,0,Employees,technoweenie,2016-11-15T17:59:59Z
1656,1,0,0,Employees,technoweenie,2016-11-15T17:28:56Z
1650,12,3,10,Employees,technoweenie,2016-11-16T23:50:15Z
1642,3,0,0,Employees,technoweenie,2016-11-15T21:21:13Z
1641,5,0,0,Employees,technoweenie,2016-11-15T21:34:26Z
1638,3,0,0,Employees,technoweenie,2016-11-15T17:02:32Z
1636,1,0,0,Volunteers,larsxschneider,2016-11-10T13:22:27Z
1634,6,0,7,Employees,technoweenie,2016-11-15T15:55:52Z
1631,2,1,0,Employees,technoweenie,2016-11-09T00:09:08Z
1629,7,0,0,Employees,technoweenie,2016-11-18T14:36:26Z
1627,6,1,2,Volunteers,larsxschneider,2016-11-08T18:10:10Z
1626,1,1,0,Volunteers,larsxschneider,2016-11-08T20:39:18Z
1622,14,1,13,Employees,ttaylorr,2016-11-07T23:24:25Z
1621,25,4,11,Employees,ttaylorr,2016-11-08T00:30:43Z
1620,34,1,6,Employees,ttaylorr,2016-11-08T02:27:41Z
1619,40,6,15,Employees,ttaylorr,2016-11-08T02:38:31Z
1618,3,5,1,Employees,ttaylorr,2016-11-03T13:28:50Z
1617,90,12,68,Employees,ttaylorr,2016-11-11T21:08:51Z
1616,24,6,21,Volunteers,sinbad,2016-11-08T15:52:08Z
1609,1,0,0,Volunteers,sinbad,2016-10-26T15:25:17Z
1607,1,1,0,Employees,ttaylorr,2016-10-25T16:32:54Z
1605,1,6,0,Volunteers,chalstrick,2016-10-25T14:48:53Z
1603,7,1,3,Employees,ttaylorr,2016-10-24T20:36:47Z
1602,1,2,3,Employees,ttaylorr,2016-10-24T21:15:20Z
1600,4,3,0,Employees,ttaylorr,2016-10-21T19:47:27Z
1599,1,3,0,Volunteers,sschuberth,2016-10-20T19:16:50Z
1594,1,1,0,Volunteers,sschuberth,2016-10-18T15:16:54Z
1593,1,4,3,Volunteers,dpursehouse,2016-10-18T07:57:28Z
1591,1,0,2,Employees,ttaylorr,2016-10-17T21:16:37Z
1585,6,1,0,Employees,ttaylorr,2016-10-17T15:18:40Z
1584,4,0,3,Employees,ttaylorr,2016-10-15T16:46:21Z
1583,1,0,0,Employees,ttaylorr,2016-10-14T21:58:18Z
1582,1,0,0,Employees,ttaylorr,2016-10-14T21:58:12Z
1579,1,0,0,Volunteers,sschuberth,2016-10-14T14:15:40Z
1577,1,0,0,Volunteers,sschuberth,2016-10-13T20:33:32Z
1575,2,1,0,Volunteers,sschuberth,2016-10-12T22:17:16Z
1574,2,2,0,Employees,ttaylorr,2016-10-12T16:07:54Z
1571,1,1,0,Employees,ttaylorr,2016-10-10T22:18:11Z
1570,1,0,0,Employees,ttaylorr,2016-10-10T21:28:33Z
1569,1,0,0,Employees,ttaylorr,2016-10-10T22:59:37Z
1568,1,0,0,Employees,ttaylorr,2016-10-10T19:56:44Z
1567,1,6,1,Volunteers,sschuberth,2016-10-10T19:25:42Z
1566,4,5,7,Volunteers,sschuberth,2016-10-10T17:37:40Z
1565,2,4,0,Employees,technoweenie,2016-10-08T00:12:54Z
1564,1,0,0,Employees,ttaylorr,2016-10-10T17:10:09Z
1563,3,3,1,Employees,ttaylorr,2016-10-08T00:11:15Z
1557,1,4,0,Volunteers,sschuberth,2016-10-06T19:35:20Z
1550,3,1,0,Employees,ttaylorr,2016-10-03T14:59:30Z
1545,1,2,6,Employees,ttaylorr,2016-09-29T15:59:18Z
1540,4,0,3,Volunteers,sinbad,2016-09-27T23:15:41Z
1535,2,0,1,Employees,ttaylorr,2016-09-22T19:22:05Z
1528,11,0,8,Employees,ttaylorr,2016-09-20T19:58:39Z
1523,1,1,0,Volunteers,sschuberth,2016-09-13T19:27:12Z
1522,7,8,1,Volunteers,sschuberth,2016-10-04T20:06:17Z
1518,1,1,0,Volunteers,sschuberth,2016-09-12T21:02:52Z
1507,1,5,0,Volunteers,sschuberth,2016-09-06T17:38:10Z
1506,2,11,10,Volunteers,sschuberth,2016-09-06T17:41:32Z
1505,5,3,4,Employees,ttaylorr,2016-09-06T21:37:29Z
1504,1,13,0,Volunteers,sschuberth,2016-09-06T19:16:06Z
1503,1,1,0,Employees,ttaylorr,2016-09-06T19:24:06Z
1499,6,2,0,Employees,technoweenie,2016-09-01T19:04:07Z
1497,1,2,0,Volunteers,sinbad,2016-09-01T16:25:56Z
1495,9,6,0,Employees,technoweenie,2016-09-01T17:25:23Z
1489,2,1,0,Employees,technoweenie,2016-08-26T21:46:28Z
1487,2,0,0,Employees,ttaylorr,2016-08-26T19:36:30Z
1482,4,1,6,Employees,ttaylorr,2016-08-26T18:37:26Z
1478,3,1,5,Employees,ttaylorr,2016-08-23T15:09:15Z
1473,2,6,0,Volunteers,dpursehouse,2016-08-22T16:37:04Z
1471,5,1,0,Employees,ttaylorr,2016-08-19T17:17:56Z
1470,1,1,0,Employees,technoweenie,2016-08-19T16:16:17Z
1469,3,1,0,Employees,ttaylorr,2016-08-19T16:36:19Z
1467,1,1,0,Volunteers,dpursehouse,2016-08-19T14:04:44Z
1466,12,5,2,Employees,technoweenie,2016-08-19T20:13:52Z
1463,6,2,0,Employees,ttaylorr,2016-08-18T17:05:00Z
1462,4,1,2,Employees,technoweenie,2016-08-18T15:30:23Z
1461,4,2,3,Employees,technoweenie,2016-08-18T15:42:15Z
1460,9,0,0,Employees,technoweenie,2016-08-17T21:48:44Z
1459,2,0,1,Employees,ttaylorr,2016-08-17T22:24:24Z
1458,7,2,0,Employees,technoweenie,2016-08-18T16:29:32Z
1455,1,1,0,Volunteers,ralfthewise,2016-08-16T19:23:12Z
1454,3,10,7,Volunteers,larsxschneider,2016-08-24T16:16:02Z
1453,4,1,0,Employees,technoweenie,2016-08-17T17:13:53Z
1452,3,2,2,Employees,technoweenie,2016-08-16T18:01:44Z
1451,5,1,4,Employees,technoweenie,2016-08-16T19:08:55Z
1450,5,3,0,Employees,ttaylorr,2016-08-16T17:33:12Z
1445,1,7,3,Volunteers,dpursehouse,2016-08-17T17:13:54Z
1443,4,1,2,Employees,technoweenie,2016-08-15T16:35:06Z
1441,2,2,0,Employees,ttaylorr,2016-08-16T16:21:48Z
1438,9,6,1,Employees,technoweenie,2016-08-19T16:38:20Z
1436,3,3,0,Employees,ttaylorr,2016-08-16T17:16:38Z
1435,2,2,0,Employees,ttaylorr,2016-08-10T19:54:14Z
1434,6,4,0,Employees,technoweenie,2016-08-11T22:45:22Z
1430,5,3,6,Employees,technoweenie,2016-08-10T18:53:08Z
1429,2,2,0,Employees,ttaylorr,2016-08-09T22:15:28Z
1428,1,2,0,Employees,ttaylorr,2016-08-09T22:13:49Z
1427,7,2,0,Employees,ttaylorr,2016-08-10T19:18:40Z
1426,10,2,0,Employees,ttaylorr,2016-08-09T16:17:34Z
1423,1,4,0,Employees,ttaylorr,2016-08-09T16:17:06Z
1420,10,2,0,Employees,technoweenie,2016-08-09T16:17:13Z
1419,4,4,2,Employees,ttaylorr,2016-08-05T15:19:30Z
1416,5,2,0,Employees,ttaylorr,2016-08-04T16:49:01Z
1415,12,4,7,Employees,ttaylorr,2016-08-04T16:49:14Z
1412,1,1,0,Employees,ttaylorr,2016-08-03T19:56:57Z
1411,6,0,2,Employees,technoweenie,2016-08-02T16:58:18Z
1409,4,0,3,Employees,ttaylorr,2016-08-02T15:57:08Z
1405,1,1,4,Volunteers,dakotahawkins,2016-07-28T20:56:14Z
1404,1,3,0,Volunteers,dakotahawkins,2016-08-01T18:42:42Z
1400,2,2,0,Employees,technoweenie,2016-07-27T22:42:05Z
1399,1,2,0,Volunteers,sinbad,2016-07-27T15:50:02Z
1398,6,2,1,Employees,technoweenie,2016-07-27T19:45:13Z
1397,4,2,0,Volunteers,sinbad,2016-07-27T13:53:30Z
1394,1,1,0,Volunteers,dakotahawkins,2016-07-25T18:27:28Z
1390,10,12,0,Employees,technoweenie,2016-08-01T19:01:07Z
1389,12,12,2,Employees,technoweenie,2016-07-26T15:30:03Z
1388,10,2,8,Employees,ttaylorr,2016-07-26T15:54:55Z
1386,3,0,2,Employees,ttaylorr,2016-07-21T19:27:12Z
1384,1,2,0,Volunteers,andyneff,2016-07-20T21:31:05Z
1379,2,3,8,Volunteers,VladimirKhvostov,2016-07-18T20:04:33Z
1375,10,4,0,Employees,technoweenie,2016-07-17T22:08:51Z
1374,8,4,10,Volunteers,sinbad,2016-07-17T22:16:21Z
1373,3,1,5,Volunteers,sinbad,2016-07-15T10:55:46Z
1372,1,4,0,Volunteers,larsxschneider,2016-07-14T19:50:57Z
1371,6,3,0,Employees,ttaylorr,2016-07-14T19:50:46Z
1369,2,6,3,Employees,ttaylorr,2016-07-13T21:22:42Z
1367,46,11,25,Volunteers,sinbad,2016-07-20T16:03:12Z
1361,1,5,0,Volunteers,larsxschneider,2016-07-11T19:35:12Z
1360,1,3,0,Volunteers,jasperla,2016-07-11T18:26:18Z
1359,7,4,3,Employees,technoweenie,2016-07-14T19:13:39Z
1358,16,8,2,Employees,technoweenie,2016-07-21T17:34:53Z
1352,1,4,0,Volunteers,sinbad,2016-07-05T16:33:09Z
1350,13,6,1,Employees,ttaylorr,2016-07-06T14:30:17Z
1349,3,3,0,Employees,ttaylorr,2016-07-05T22:09:18Z
1346,8,5,4,Employees,ttaylorr,2016-07-05T22:34:27Z
1344,7,16,6,Employees,ttaylorr,2016-07-06T15:22:49Z
1335,1,1,0,Employees,ttaylorr,2016-06-29T18:47:55Z
1332,1,1,0,Employees,ttaylorr,2016-06-28T23:03:05Z
1331,1,1,1,Employees,ttaylorr,2016-06-27T16:20:09Z
1324,1,1,0,Volunteers,omonnier,2016-06-23T16:54:07Z
1323,2,6,2,Volunteers,omonnier,2016-06-28T14:36:15Z
1321,3,0,0,Employees,ttaylorr,2016-06-23T19:46:24Z
1312,1,0,0,Employees,ttaylorr,2016-06-21T15:37:26Z
1310,2,1,0,Employees,ttaylorr,2016-06-16T16:26:09Z
1305,3,5,0,Volunteers,GabLeRoux,2016-06-28T17:20:48Z
1303,6,3,12,Volunteers,sinbad,2016-07-05T16:46:22Z
1299,3,1,3,Volunteers,sinbad,2016-06-10T08:31:13Z
1298,1,1,0,Volunteers,javabrett,2016-06-28T19:41:55Z
1297,15,0,4,Volunteers,sinbad,2016-06-10T08:15:59Z
1296,4,1,0,Volunteers,sinbad,2016-06-10T07:45:24Z
1292,1,2,3,Volunteers,javabrett,2016-06-28T19:41:49Z
1291,2,4,0,Volunteers,javabrett,2016-06-06T04:53:13Z
1282,1,0,0,Employees,ttaylorr,2016-06-02T17:16:41Z
1281,6,3,0,Employees,ttaylorr,2016-06-02T22:21:31Z
1280,1,2,0,Employees,ttaylorr,2016-06-02T16:02:22Z
1279,11,0,0,Volunteers,sinbad,2016-06-07T09:16:12Z
1278,4,0,0,Employees,ttaylorr,2016-06-02T17:01:52Z
1277,1,3,0,Employees,ttaylorr,2016-06-02T17:16:36Z
1276,1,2,0,Volunteers,sinbad,2016-06-02T15:04:13Z
1274,2,0,0,Volunteers,sinbad,2016-06-02T14:32:13Z
1273,1,1,0,Employees,technoweenie,2016-06-02T14:11:46Z
1271,1,0,0,Employees,ttaylorr,2016-06-02T17:02:17Z
1267,2,1,0,Employees,ttaylorr,2016-05-31T23:28:43Z
1265,37,1,7,Volunteers,sinbad,2016-06-07T08:35:40Z
1262,1,6,0,Volunteers,orivej,2016-06-28T19:41:45Z
1260,1,9,0,Volunteers,pdf,2016-06-03T09:10:22Z
1259,2,1,0,Employees,ttaylorr,2016-05-27T22:20:28Z
1258,1,1,0,Employees,ttaylorr,2016-05-27T19:25:43Z
1257,8,8,4,Employees,ttaylorr,2016-06-01T21:02:01Z
1256,28,5,5,Employees,ttaylorr,2016-06-21T15:59:27Z
1255,3,1,0,Employees,technoweenie,2016-07-08T19:23:52Z
1253,1,0,0,Employees,ttaylorr,2016-05-25T20:16:29Z
1252,1,1,0,Employees,ttaylorr,2016-05-25T19:54:01Z
1250,2,1,0,Employees,ttaylorr,2016-05-25T16:51:53Z
1248,1,3,1,Employees,technoweenie,2016-05-24T23:12:19Z
1243,12,9,0,Employees,ttaylorr,2016-05-24T15:02:58Z
1236,21,11,9,Employees,ttaylorr,2016-05-24T20:15:48Z
1234,2,1,0,Employees,technoweenie,2016-05-20T21:50:17Z
1229,1,3,0,Employees,technoweenie,2016-05-19T01:05:51Z
1228,1,2,0,Employees,technoweenie,2016-05-19T14:24:20Z
1226,25,3,0,Volunteers,sinbad,2016-05-18T14:33:44Z
1223,16,6,24,Employees,ttaylorr,2016-05-17T19:52:29Z
1222,1,6,7,Volunteers,zeldin,2016-07-07T16:43:37Z
1217,1,3,0,Volunteers,sinbad,2016-05-12T16:19:40Z
1215,1,1,0,Volunteers,javabrett,2016-05-11T14:27:22Z
1213,4,1,0,Volunteers,sinbad,2016-05-10T15:26:19Z
1206,1,0,0,Employees,technoweenie,2016-05-06T12:01:33Z
1200,1,5,0,Volunteers,teo-tsirpanis,2016-07-21T16:48:25Z
1198,1,1,0,Volunteers,teo-tsirpanis,2016-05-04T13:59:24Z
1193,1,3,0,Volunteers,javabrett,2016-05-04T12:42:58Z
1186,1,4,0,Volunteers,skymoo,2016-04-28T04:19:10Z
1185,1,1,0,Volunteers,sinbad,2016-04-28T08:13:21Z
1182,1,1,0,Volunteers,sinbad,2016-05-04T13:50:22Z
1179,1,1,0,Employees,technoweenie,2016-05-04T12:46:45Z
1178,5,1,0,Volunteers,sinbad,2016-04-25T14:57:57Z
1177,8,19,0,Volunteers,javabrett,2016-08-17T21:48:47Z
1176,1,4,0,Volunteers,javabrett,2016-07-21T20:40:15Z
1170,1,4,0,Volunteers,graingert,2016-04-22T14:40:55Z
1168,1,1,0,Volunteers,sinbad,2016-04-22T14:16:21Z
1162,1,1,0,Volunteers,larsxschneider,2016-04-20T14:37:49Z
1160,6,7,2,Volunteers,sinbad,2016-04-25T13:57:49Z
1158,2,1,0,Employees,technoweenie,2016-04-22T07:54:05Z
1154,1,1,0,Volunteers,larsxschneider,2016-04-18T13:29:22Z
1149,1,3,0,Volunteers,javabrett,2016-04-18T13:31:49Z
1146,1,1,0,Volunteers,pascalberger,2016-07-08T19:28:08Z
1145,3,0,0,Employees,technoweenie,2016-04-15T19:52:14Z
1144,1,1,0,Employees,technoweenie,2016-04-14T13:30:27Z
1143,1,1,0,Volunteers,strich,2016-04-15T00:09:11Z
1136,7,3,0,Employees,technoweenie,2016-04-12T15:45:23Z
1135,1,2,0,Employees,jonmagic,2016-04-08T18:01:34Z
1134,1,1,0,Volunteers,sinbad,2016-04-11T18:00:53Z
1130,1,1,0,Volunteers,javabrett,2016-04-14T16:59:34Z
1128,7,4,11,Employees,technoweenie,2016-04-08T16:19:12Z
1127,6,2,0,Employees,technoweenie,2016-04-12T15:45:31Z
1122,1,3,0,Volunteers,rjbell4,2016-04-06T14:23:41Z
1118,10,2,3,Volunteers,sinbad,2016-04-05T13:21:11Z
1115,1,1,0,Volunteers,javabrett,2016-03-30T14:17:55Z
1107,1,2,0,Volunteers,sinbad,2016-03-23T10:06:11Z
1105,1,13,0,Volunteers,sschuberth,2016-04-07T23:53:48Z
1104,3,2,1,Volunteers,sinbad,2016-04-05T08:24:06Z
1102,1,1,0,Volunteers,javabrett,2016-03-30T14:34:13Z
1096,1,1,0,Volunteers,epriestley,2016-03-22T14:54:33Z
1094,1,2,0,Volunteers,anatolyborodin,2016-03-22T15:36:26Z
1093,1,4,0,Volunteers,anatolyborodin,2016-03-22T15:38:46Z
1091,2,2,1,Volunteers,sinbad,2016-03-23T09:41:04Z
1087,1,2,0,Volunteers,epriestley,2016-03-18T12:56:37Z
1084,1,1,0,Volunteers,epriestley,2016-03-18T00:20:43Z
1083,2,3,0,Volunteers,epriestley,2016-03-18T00:20:08Z
1082,1,5,0,Volunteers,epriestley,2016-03-17T23:43:04Z
1081,1,1,0,Volunteers,sinbad,2016-03-18T08:54:27Z
1080,1,1,0,Volunteers,sinbad,2016-03-17T16:01:31Z
1078,1,1,0,Volunteers,epriestley,2016-03-15T22:11:38Z
1076,2,9,0,Volunteers,javabrett,2016-04-14T23:25:29Z
1071,16,5,8,Employees,technoweenie,2016-04-06T15:54:06Z
1070,8,0,0,Volunteers,sinbad,2016-03-16T12:43:51Z
1067,19,5,10,Volunteers,sinbad,2016-03-17T14:56:31Z
1054,1,0,0,Employees,technoweenie,2016-03-03T17:08:20Z
1051,9,2,3,Volunteers,sinbad,2016-03-01T16:09:31Z
1048,2,2,0,Employees,technoweenie,2016-02-25T20:34:44Z
1045,1,1,0,Volunteers,andyneff,2016-02-25T17:28:50Z
1042,1,0,0,Employees,technoweenie,2016-02-24T21:56:44Z
1039,1,0,0,Employees,technoweenie,2016-02-24T20:31:21Z
1030,2,0,0,Employees,technoweenie,2016-02-23T21:11:14Z
1028,1,0,0,Employees,technoweenie,2016-02-23T20:11:15Z
1026,1,2,0,Employees,technoweenie,2016-03-31T18:49:33Z
1025,2,1,0,Employees,technoweenie,2016-02-23T17:20:41Z
1023,4,0,2,Employees,technoweenie,2016-02-23T17:51:22Z
1017,1,1,0,Employees,technoweenie,2016-02-22T16:10:48Z
1016,7,3,0,Employees,technoweenie,2016-02-22T18:04:43Z
1012,3,5,0,Employees,technoweenie,2016-02-18T17:52:30Z
1007,6,10,9,Volunteers,jlehtnie,2016-04-08T16:36:46Z
1006,2,0,0,Employees,technoweenie,2016-02-22T18:25:10Z
990,3,3,0,Volunteers,larsxschneider,2016-02-11T17:13:35Z
989,1,0,0,Employees,technoweenie,2016-02-10T16:07:32Z
988,15,16,9,Volunteers,sinbad,2016-02-22T18:29:53Z
981,2,0,0,Employees,technoweenie,2016-02-05T22:47:13Z
980,2,1,0,Volunteers,larsxschneider,2016-02-05T23:26:38Z
977,3,1,0,Employees,technoweenie,2016-02-04T18:22:13Z
976,1,2,0,Volunteers,andyneff,2016-02-04T16:04:57Z
975,1,1,0,Employees,technoweenie,2016-02-04T15:47:55Z
974,2,4,0,Employees,technoweenie,2016-02-04T15:44:18Z
972,1,1,0,Employees,technoweenie,2016-02-04T15:40:36Z
971,2,0,0,Employees,technoweenie,2016-02-04T15:43:25Z
966,3,5,1,Volunteers,nathanhi,2016-02-02T17:15:32Z
965,4,0,0,Employees,technoweenie,2016-02-01T17:03:56Z
964,3,0,0,Employees,technoweenie,2016-02-02T17:53:55Z
963,3,5,0,Employees,technoweenie,2016-02-02T16:01:28Z
952,2,10,0,Volunteers,bozaro,2016-02-04T20:10:07Z
949,2,1,4,Volunteers,sinbad,2016-01-29T16:57:04Z
933,1,3,0,Volunteers,larsxschneider,2016-01-14T18:14:51Z
909,1,1,0,Volunteers,sinbad,2015-12-24T23:02:29Z
907,1,1,0,Volunteers,wpsmith,2015-12-24T23:00:50Z
900,1,4,0,Volunteers,ro31337,2016-01-05T21:02:22Z
891,4,1,0,Volunteers,andyneff,2016-01-19T21:42:46Z
883,2,2,0,Employees,technoweenie,2015-12-21T00:49:06Z
882,2,2,0,Employees,technoweenie,2015-12-04T15:22:15Z
879,1,2,0,Volunteers,ssgelm,2015-12-02T19:57:31Z
877,2,3,0,Volunteers,pabloguerrero,2015-12-01T23:32:11Z
875,10,8,3,Volunteers,strich,2016-02-02T22:58:52Z
868,17,5,0,Volunteers,sinbad,2016-02-02T20:42:14Z
863,1,1,0,Volunteers,sinbad,2015-11-25T15:27:57Z
862,10,7,8,Employees,technoweenie,2016-02-23T20:10:47Z
861,1,1,0,Employees,technoweenie,2015-12-04T15:22:35Z
860,2,1,0,Employees,technoweenie,2016-01-29T16:37:36Z
851,2,7,0,Volunteers,noamt,2015-11-25T14:48:00Z
843,1,2,0,Employees,technoweenie,2015-11-19T00:08:24Z
842,10,0,0,Employees,technoweenie,2015-11-18T18:24:44Z
838,4,0,0,Employees,technoweenie,2015-11-18T00:25:30Z
837,7,0,2,Employees,technoweenie,2015-11-18T00:24:52Z
831,1,6,0,Volunteers,AndrewJDR,2015-11-16T22:56:27Z
828,1,2,0,Volunteers,jiangxin,2015-11-16T19:17:22Z
821,2,1,3,Employees,technoweenie,2015-11-16T18:48:04Z
820,55,2,0,Employees,technoweenie,2015-11-16T18:50:34Z
818,1,2,0,Volunteers,sinbad,2015-11-16T20:49:06Z
812,1,5,0,Volunteers,laurent-barbisan-ullink,2015-11-03T16:17:48Z
807,5,1,0,Volunteers,andyneff,2015-11-17T21:31:22Z
806,1,0,0,Employees,cjs,2015-11-02T18:05:54Z
801,1,0,0,Employees,technoweenie,2015-10-28T16:18:54Z
795,1,1,0,Employees,technoweenie,2015-10-28T16:14:03Z
793,6,0,0,Employees,technoweenie,2015-10-27T18:24:56Z
792,1,0,0,Volunteers,sinbad,2015-10-27T12:49:27Z
790,5,1,0,Employees,technoweenie,2015-10-26T23:25:53Z
788,1,2,0,Employees,technoweenie,2015-10-26T19:58:22Z
784,1,6,0,Volunteers,andyneff,2015-11-17T22:02:30Z
783,1,0,0,Volunteers,andyneff,2015-10-26T23:13:36Z
776,1,0,0,Employees,technoweenie,2015-10-23T16:35:47Z
775,1,0,0,Employees,technoweenie,2015-10-23T16:12:57Z
772,5,0,0,Employees,technoweenie,2015-10-27T12:51:58Z
771,25,10,0,Volunteers,sinbad,2015-10-26T14:25:36Z
770,1,1,0,Volunteers,sinbad,2015-10-22T14:12:49Z
765,1,1,0,Volunteers,sinbad,2015-10-21T15:44:41Z
763,17,12,13,Employees,technoweenie,2015-10-23T02:23:58Z
761,2,2,0,Employees,technoweenie,2015-10-21T18:07:07Z
760,1,4,4,Employees,technoweenie,2015-10-21T19:07:23Z
756,2,0,0,Employees,technoweenie,2015-10-20T15:29:50Z
750,3,6,0,Volunteers,glensc,2015-11-18T18:30:22Z
749,2,7,4,Volunteers,glensc,2015-11-18T00:27:58Z
742,60,3,5,Volunteers,sinbad,2015-11-16T19:27:47Z
735,1,1,0,Volunteers,sinbad,2015-10-19T19:49:10Z
734,3,0,0,Volunteers,sinbad,2015-10-20T15:22:41Z
732,3,5,0,Employees,rubyist,2015-10-19T19:55:14Z
718,1,3,3,Volunteers,bozaro,2015-10-19T19:45:35Z
715,10,5,1,Employees,rubyist,2016-03-03T18:03:49Z
714,35,8,25,Volunteers,WillHipschman,2015-11-16T18:50:35Z
713,7,1,6,Volunteers,sinbad,2015-10-20T15:21:32Z
711,2,4,0,Employees,rubyist,2015-10-21T16:26:25Z
710,2,2,0,Employees,rubyist,2015-10-19T19:20:11Z
704,1,1,0,Volunteers,revi,2015-10-05T16:18:58Z
702,1,1,0,Volunteers,sinbad,2015-10-05T16:52:27Z
692,1,1,0,Volunteers,sinbad,2015-10-19T20:12:38Z
691,1,0,0,Volunteers,sinbad,2015-10-19T19:32:08Z
690,3,7,0,Volunteers,WillHipschman,2015-10-19T19:09:14Z
689,3,1,0,Volunteers,kaleworsley,2015-10-01T20:44:31Z
686,10,0,0,Employees,technoweenie,2015-10-01T01:36:06Z
685,1,1,0,Volunteers,sinbad,2015-09-30T23:13:34Z
684,2,1,0,Employees,technoweenie,2015-09-29T19:28:26Z
682,2,0,1,Employees,technoweenie,2015-09-28T22:48:19Z
681,4,1,0,Employees,technoweenie,2015-09-30T16:47:00Z
679,8,4,0,Employees,technoweenie,2015-09-25T16:45:03Z
677,1,1,0,Employees,rubyist,2015-09-22T17:00:44Z
676,10,5,0,Employees,technoweenie,2015-09-21T21:02:24Z
675,1,0,0,Employees,rubyist,2015-09-21T20:58:37Z
671,4,2,0,Employees,technoweenie,2015-09-23T16:57:42Z
670,6,3,2,Employees,technoweenie,2015-09-23T17:00:07Z
669,1,0,0,Employees,technoweenie,2015-09-17T21:06:30Z
668,2,2,1,Volunteers,Aorjoa,2015-09-17T20:52:33Z
666,1,15,0,Volunteers,sinbad,2016-05-16T20:11:31Z
665,6,7,5,Volunteers,sinbad,2015-09-17T21:37:37Z
659,1,1,0,Employees,technoweenie,2015-09-23T17:18:02Z
658,1,3,0,Employees,technoweenie,2015-09-14T15:23:39Z
657,2,1,0,Volunteers,andyneff,2015-09-11T17:45:39Z
656,1,1,0,Volunteers,sinbad,2015-09-11T15:43:24Z
654,1,1,0,Volunteers,andyneff,2015-09-11T17:05:38Z
652,2,0,0,Employees,technoweenie,2015-09-11T03:04:34Z
651,8,2,5,Employees,technoweenie,2015-09-10T17:15:45Z
650,1,1,0,Employees,technoweenie,2015-09-10T17:11:22Z
647,2,0,0,Volunteers,sinbad,2015-09-09T15:23:42Z
646,12,10,4,Employees,technoweenie,2015-09-10T13:28:28Z
644,9,3,1,Employees,technoweenie,2015-09-08T21:04:54Z
642,5,7,14,Employees,technoweenie,2015-09-10T13:30:05Z
638,1,2,3,Employees,technoweenie,2015-09-04T17:19:54Z
637,1,2,0,Employees,rubyist,2015-09-04T15:34:01Z
636,1,1,0,Employees,rubyist,2015-09-04T14:57:34Z
635,4,5,0,Volunteers,sinbad,2015-09-07T15:05:50Z
634,3,1,0,Employees,rubyist,2015-09-08T14:32:17Z
633,8,5,4,Volunteers,sinbad,2015-09-07T15:05:34Z
631,1,2,0,Volunteers,sinbad,2015-09-03T18:16:03Z
630,1,1,0,Employees,technoweenie,2015-09-02T20:49:43Z
629,5,5,0,Employees,technoweenie,2015-09-07T19:08:02Z
628,2,4,0,Employees,technoweenie,2015-09-03T13:12:59Z
627,2,4,0,Volunteers,sinbad,2015-09-02T16:05:18Z
626,2,7,0,Volunteers,sinbad,2015-09-02T20:20:52Z
624,11,4,8,Employees,technoweenie,2015-09-02T16:53:52Z
620,1,5,0,Volunteers,rtyley,2015-09-08T15:41:15Z
619,5,8,6,Employees,ttaylorr,2015-09-02T20:45:35Z
618,2,2,0,Employees,technoweenie,2015-08-31T23:25:35Z
615,3,3,2,Employees,ttaylorr,2015-09-02T14:07:07Z
613,3,3,5,Employees,ttaylorr,2015-08-27T21:41:34Z
611,17,6,10,Employees,technoweenie,2015-09-01T22:03:12Z
610,67,2,5,Volunteers,sinbad,2015-09-01T14:43:39Z
608,2,3,0,Volunteers,sinbad,2015-08-26T22:21:16Z
607,2,2,9,Volunteers,sinbad,2015-08-26T16:30:17Z
605,1,1,0,Volunteers,nbrew,2015-08-25T15:02:45Z
603,8,1,0,Volunteers,andyneff,2015-08-26T22:20:39Z
600,18,6,2,Employees,rubyist,2015-09-01T17:59:34Z
599,3,3,6,Employees,technoweenie,2015-09-02T16:36:38Z
595,18,7,21,Employees,rubyist,2015-09-10T11:02:20Z
594,5,4,0,Employees,rubyist,2015-08-24T14:40:43Z
589,1,0,0,Employees,technoweenie,2015-08-17T15:23:52Z
587,2,2,0,Employees,technoweenie,2015-08-17T15:19:08Z
585,5,2,0,Employees,technoweenie,2015-08-14T16:00:34Z
583,5,2,0,Volunteers,sinbad,2015-08-17T19:59:54Z
581,8,9,2,Volunteers,sinbad,2015-08-14T14:52:42Z
579,1,2,0,Employees,technoweenie,2015-08-11T20:30:46Z
578,1,6,3,Volunteers,billygor,2015-08-17T20:01:21Z
577,1,1,0,Volunteers,sinbad,2015-08-11T16:51:49Z
573,5,5,2,Volunteers,sinbad,2015-08-17T19:59:24Z
572,1,1,0,Volunteers,billygor,2015-08-10T21:54:19Z
570,2,4,0,Employees,rubyist,2015-08-14T13:25:51Z
569,1,1,0,Volunteers,sinbad,2015-08-07T15:29:12Z
566,1,5,0,Volunteers,sinbad,2015-08-07T14:56:01Z
565,1,1,0,Volunteers,sinbad,2015-08-06T14:40:08Z
563,2,3,0,Employees,hoolio,2015-08-05T13:18:02Z
562,7,0,0,Employees,technoweenie,2015-08-04T19:19:47Z
561,12,0,0,Employees,technoweenie,2015-08-04T19:20:39Z
560,1,1,0,Employees,technoweenie,2015-08-04T21:24:01Z
559,5,19,5,Volunteers,sinbad,2015-08-07T14:53:54Z
555,21,2,8,Volunteers,andyneff,2015-08-06T14:41:03Z
554,3,6,0,Volunteers,clareliguori,2015-08-04T19:20:40Z
553,5,3,0,Employees,rubyist,2015-08-07T16:00:07Z
552,1,1,0,Employees,technoweenie,2015-08-03T15:26:28Z
551,2,4,2,Volunteers,sinbad,2015-08-04T20:09:14Z
550,1,0,0,Employees,technoweenie,2015-07-31T15:17:36Z
549,2,1,0,Employees,rubyist,2015-07-31T15:02:09Z
547,1,1,0,Employees,rubyist,2015-07-31T15:12:44Z
546,7,1,5,Volunteers,sinbad,2015-07-31T15:58:26Z
544,4,1,0,Employees,rubyist,2015-07-30T14:54:09Z
543,3,0,6,Volunteers,sinbad,2015-07-30T15:08:28Z
542,1,1,0,Volunteers,sinbad,2015-07-30T12:46:42Z
541,1,1,0,Volunteers,sinbad,2015-07-30T12:30:30Z
540,7,4,0,Employees,technoweenie,2015-07-30T14:43:56Z
539,7,1,2,Employees,technoweenie,2015-07-29T21:11:27Z
538,1,1,0,Volunteers,sinbad,2015-07-29T16:32:09Z
537,2,1,0,Employees,technoweenie,2015-07-29T16:41:36Z
536,4,1,0,Employees,technoweenie,2015-07-29T16:40:16Z
534,2,4,1,Employees,technoweenie,2015-07-29T14:02:00Z
532,2,0,0,Employees,technoweenie,2015-07-29T16:42:06Z
530,1,1,0,Employees,technoweenie,2015-07-29T16:39:34Z
527,31,14,24,Volunteers,sinbad,2015-07-30T01:19:49Z
526,2,1,0,Volunteers,andyneff,2015-07-27T16:07:38Z
522,1,1,0,Volunteers,ssgelm,2015-07-24T21:37:19Z
521,1,2,0,Volunteers,ssgelm,2015-07-24T21:34:37Z
520,3,3,3,Volunteers,sinbad,2015-07-24T16:28:35Z
519,1,4,0,Volunteers,seiyanuta,2015-07-24T15:59:44Z
518,2,7,0,Volunteers,sinbad,2015-07-27T20:31:59Z
511,27,2,2,Volunteers,andyneff,2015-07-28T19:59:44Z
510,1,1,0,Volunteers,andyneff,2015-07-23T16:43:28Z
509,1,1,0,Employees,technoweenie,2015-07-23T16:42:42Z
508,1,0,0,Employees,technoweenie,2015-07-23T20:37:57Z
507,2,0,0,Employees,technoweenie,2015-07-22T21:03:23Z
506,1,0,0,Employees,technoweenie,2015-07-22T20:51:45Z
505,2,0,0,Employees,technoweenie,2015-07-22T20:49:11Z
504,1,0,0,Employees,technoweenie,2015-07-22T20:45:39Z
503,1,0,0,Employees,technoweenie,2015-07-22T20:44:08Z
502,1,0,0,Employees,technoweenie,2015-07-22T20:42:05Z
501,1,0,0,Employees,technoweenie,2015-07-22T20:39:21Z
499,1,0,0,Employees,technoweenie,2015-07-22T20:25:41Z
498,1,0,0,Employees,technoweenie,2015-07-22T20:23:54Z
497,1,0,0,Employees,technoweenie,2015-07-22T20:20:42Z
496,3,0,0,Employees,technoweenie,2015-07-22T20:15:23Z
495,1,0,0,Employees,technoweenie,2015-07-22T19:34:51Z
494,2,0,0,Employees,technoweenie,2015-07-22T19:31:46Z
493,1,0,0,Employees,technoweenie,2015-07-22T19:26:54Z
492,2,0,0,Employees,technoweenie,2015-07-22T19:24:11Z
491,3,1,0,Employees,technoweenie,2015-07-23T17:50:28Z
489,3,2,0,Employees,technoweenie,2015-07-22T19:19:50Z
488,1,0,0,Employees,technoweenie,2015-07-22T19:18:01Z
486,5,4,21,Volunteers,ryansimmen,2015-08-04T14:45:39Z
485,4,5,0,Employees,rubyist,2015-07-21T19:45:26Z
484,1,1,0,Volunteers,michael-k,2015-07-21T15:33:41Z
483,3,1,0,Employees,technoweenie,2015-07-21T19:43:31Z
480,8,1,0,Volunteers,andyneff,2015-07-16T15:50:19Z
476,25,5,1,Employees,rubyist,2015-07-29T15:08:27Z
475,1,4,0,Employees,technoweenie,2015-07-10T14:09:03Z
472,1,1,0,Employees,rubyist,2015-07-09T13:50:21Z
471,2,7,0,Employees,bkeepers,2015-07-09T16:41:04Z
469,1,1,0,Volunteers,ssgelm,2015-07-09T16:56:16Z
468,3,0,3,Employees,rubyist,2015-07-09T13:48:02Z
467,1,1,0,Employees,MikeMcQuaid,2015-07-07T14:53:03Z
465,13,2,3,Employees,technoweenie,2015-07-20T17:06:05Z
464,1,1,0,Employees,technoweenie,2015-07-07T14:29:48Z
463,4,0,0,Employees,technoweenie,2015-07-06T21:06:37Z
461,10,3,0,Employees,technoweenie,2015-07-06T21:10:28Z
458,4,8,0,Employees,MikeMcQuaid,2015-07-07T14:30:10Z
452,2,0,0,Employees,rubyist,2015-06-29T19:37:09Z
451,2,0,0,Employees,rubyist,2015-06-29T19:39:52Z
450,1,0,0,Employees,rubyist,2015-06-29T15:54:18Z
449,13,6,18,Volunteers,larsxschneider,2015-07-06T16:54:23Z
447,8,1,1,Employees,technoweenie,2015-07-06T17:00:01Z
446,1,1,0,Employees,technoweenie,2015-06-29T16:03:32Z
444,3,3,5,Volunteers,sanoursa,2015-07-20T16:40:44Z
442,2,3,1,Volunteers,sinbad,2015-06-29T16:07:04Z
441,1,1,0,Volunteers,devcurmudgeon,2015-06-27T23:30:50Z
437,7,22,0,Employees,technoweenie,2015-07-28T15:38:44Z
429,2,1,0,Employees,rubyist,2015-06-23T20:42:55Z
428,4,2,8,Volunteers,andyneff,2015-06-24T18:53:09Z
424,2,2,0,Employees,technoweenie,2015-06-19T20:49:18Z
423,6,0,2,Employees,rubyist,2015-06-19T19:40:18Z
422,1,1,0,Employees,rubyist,2015-06-19T18:47:19Z
421,3,1,0,Employees,technoweenie,2015-06-29T16:12:15Z
420,2,0,0,Employees,technoweenie,2015-06-19T21:27:38Z
415,14,2,2,Employees,rubyist,2015-06-29T16:13:11Z
413,6,1,0,Employees,technoweenie,2015-06-19T16:08:55Z
412,3,0,0,Employees,technoweenie,2015-06-19T15:45:05Z
408,2,0,0,Employees,technoweenie,2015-06-19T15:38:05Z
406,2,2,0,Employees,technoweenie,2015-06-18T13:27:52Z
405,1,1,0,Employees,technoweenie,2015-06-17T16:27:57Z
404,2,13,11,Volunteers,sinbad,2015-07-06T21:26:48Z
403,1,9,1,Volunteers,sinbad,2015-06-17T20:34:51Z
402,1,2,0,Volunteers,sinbad,2015-06-17T16:22:58Z
401,1,0,0,Volunteers,michael-k,2015-06-17T16:24:55Z
400,1,0,0,Employees,rubyist,2015-06-16T22:38:53Z
399,6,1,1,Employees,technoweenie,2015-06-16T22:27:13Z
398,6,1,2,Volunteers,michael-k,2015-06-16T14:51:26Z
396,1,3,0,Volunteers,michael-k,2015-06-15T22:13:24Z
393,1,2,0,Volunteers,sinbad,2015-06-17T21:28:32Z
392,2,5,0,Volunteers,michael-k,2015-06-15T16:52:09Z
391,1,4,0,Volunteers,bozaro,2015-06-15T20:10:25Z
387,5,0,0,Volunteers,michael-k,2015-06-16T22:27:15Z
386,1,4,0,Volunteers,ryansimmen,2015-07-01T20:09:57Z
384,1,1,0,Volunteers,michael-k,2015-06-15T20:04:44Z
383,1,2,0,Volunteers,ssgelm,2015-06-17T21:30:09Z
382,1,1,0,Volunteers,bozaro,2015-06-17T17:01:08Z
381,1,8,1,Volunteers,bozaro,2015-06-17T16:59:18Z
377,1,1,0,Volunteers,bozaro,2015-06-10T15:26:29Z
374,1,0,0,Volunteers,michael-k,2015-06-08T15:49:49Z
373,12,9,0,Volunteers,michael-k,2015-06-18T13:19:52Z
372,1,1,0,Volunteers,michael-k,2015-06-08T15:48:26Z
370,3,4,0,Volunteers,michael-k,2015-06-17T16:56:42Z
366,11,3,4,Employees,rubyist,2015-06-16T14:43:08Z
365,3,3,1,Volunteers,thpang67,2015-06-17T21:35:36Z
364,1,1,0,Volunteers,michael-k,2015-06-02T21:15:21Z
361,4,1,0,Volunteers,michael-k,2015-06-03T15:52:35Z
358,5,1,7,Employees,rubyist,2015-06-15T20:15:16Z
356,13,1,0,Volunteers,michael-k,2015-06-01T14:54:12Z
354,6,1,0,Volunteers,michael-k,2015-06-01T14:53:11Z
352,2,1,0,Volunteers,michael-k,2015-05-29T23:44:12Z
351,3,0,3,Volunteers,michael-k,2015-05-29T23:49:10Z
349,1,1,0,Employees,rubyist,2015-05-29T16:15:41Z
348,1,0,0,Employees,rubyist,2015-05-29T15:24:34Z
346,2,1,0,Employees,technoweenie,2015-05-29T16:41:24Z
342,3,0,0,Employees,technoweenie,2015-05-27T20:04:45Z
340,1,2,0,Employees,rubyist,2015-05-28T15:55:48Z
339,3,1,0,Employees,rubyist,2015-05-28T15:56:07Z
336,14,4,0,Employees,technoweenie,2015-05-27T19:57:22Z
335,2,0,0,Employees,technoweenie,2015-05-26T15:56:36Z
332,4,5,0,Volunteers,andyneff,2015-06-17T21:26:56Z
331,15,7,0,Employees,technoweenie,2015-05-28T20:42:22Z
329,1,3,0,Volunteers,joerg,2015-05-25T14:05:40Z
327,2,0,0,Employees,technoweenie,2015-05-22T22:19:06Z
323,6,0,2,Employees,technoweenie,2015-05-22T21:54:39Z
321,3,0,0,Employees,technoweenie,2015-05-21T21:26:03Z
319,4,0,0,Employees,technoweenie,2015-05-21T17:55:14Z
315,1,2,0,Volunteers,sinbad,2015-05-19T14:16:27Z
313,10,9,0,Volunteers,andyneff,2015-06-17T21:26:37Z
312,1,3,0,Volunteers,michael-k,2015-05-21T17:55:16Z
311,1,1,0,Volunteers,michael-k,2015-05-16T13:28:00Z
309,2,9,0,Volunteers,ssgelm,2015-05-21T20:14:09Z
306,30,12,5,Employees,technoweenie,2015-05-21T17:15:34Z
305,7,1,0,Volunteers,michael-k,2015-05-15T14:47:31Z
303,3,1,0,Employees,technoweenie,2015-05-14T14:41:20Z
300,14,8,1,Volunteers,michael-k,2015-05-13T19:25:02Z
299,5,1,1,Volunteers,jsh,2015-05-13T16:48:49Z
285,38,12,7,Employees,rubyist,2015-05-28T16:50:32Z
283,1,2,0,Volunteers,catphish,2015-05-05T15:31:38Z
277,2,1,0,Volunteers,ddanier,2015-05-22T22:22:11Z
274,3,2,0,Employees,technoweenie,2015-04-30T16:03:11Z
271,2,2,0,Employees,technoweenie,2015-04-29T15:32:48Z
267,1,0,0,Employees,technoweenie,2015-04-28T23:37:00Z
265,1,1,0,Employees,technoweenie,2015-04-28T19:04:38Z
264,1,1,0,Employees,technoweenie,2015-04-24T21:32:27Z
263,10,1,0,Employees,technoweenie,2015-04-28T22:02:09Z
258,21,11,6,Employees,rubyist,2015-04-30T15:53:19Z
257,1,1,0,Employees,technoweenie,2015-04-22T21:57:05Z
252,1,3,0,Employees,bkeepers,2015-04-22T19:46:37Z
247,3,1,0,Employees,technoweenie,2015-04-24T17:58:35Z
246,16,3,9,Employees,technoweenie,2015-04-24T17:58:00Z
245,2,0,0,Employees,technoweenie,2015-04-20T16:45:45Z
244,1,0,0,Employees,technoweenie,2015-04-20T16:33:51Z
241,1,0,0,Employees,rubyist,2015-04-17T13:30:13Z
240,1,1,0,Employees,rubyist,2015-04-17T13:13:45Z
237,1,1,0,Employees,technoweenie,2015-04-16T16:08:42Z
235,1,1,0,Employees,mhagger,2015-04-15T12:35:50Z
232,2,2,0,Employees,technoweenie,2015-04-16T15:34:54Z
228,13,4,0,Employees,mhagger,2015-04-20T17:42:22Z
225,5,1,0,Volunteers,thekafkaf,2015-04-15T12:47:30Z
223,1,2,0,Volunteers,PeterDaveHello,2015-04-10T23:47:00Z
221,1,0,0,Employees,rubyist,2015-04-10T23:35:51Z
218,2,1,0,Volunteers,thekafkaf,2015-04-10T19:33:47Z
215,1,3,0,Volunteers,Mistobaan,2015-04-28T23:34:08Z
213,2,3,0,Employees,rubyist,2015-04-14T23:54:35Z
212,2,7,0,Volunteers,rtyley,2015-04-15T12:40:32Z
205,1,3,0,Volunteers,PeterDaveHello,2015-04-10T15:48:51Z
194,3,2,0,Volunteers,mattn,2015-04-09T15:52:26Z
192,1,3,1,Volunteers,pborreli,2015-04-08T23:59:39Z
191,1,1,0,Employees,bkeepers,2015-04-08T20:59:13Z
189,1,2,0,Volunteers,lucaswerkmeister,2015-04-08T19:35:52Z
188,1,2,0,Volunteers,fj,2015-04-08T21:02:08Z
187,1,1,0,Employees,leereilly,2015-04-08T18:16:30Z
186,4,6,0,Volunteers,chrissiebrodigan,2015-04-08T16:49:52Z
185,2,1,0,Employees,technoweenie,2015-04-15T12:49:19Z
184,4,1,0,Employees,leereilly,2015-04-07T16:47:53Z
183,7,0,0,Employees,technoweenie,2015-04-08T03:37:19Z
181,5,3,0,Employees,bkeepers,2015-04-08T20:34:11Z
180,3,2,0,Employees,technoweenie,2015-03-22T16:11:13Z
176,2,0,0,Employees,technoweenie,2015-03-19T17:43:47Z
175,13,3,0,Employees,technoweenie,2015-03-05T21:46:48Z
174,13,17,8,Employees,technoweenie,2015-03-19T17:39:52Z
173,5,1,0,Employees,technoweenie,2015-03-05T18:30:40Z
168,2,1,0,Employees,technoweenie,2015-02-18T15:44:06Z
166,3,2,0,Employees,technoweenie,2015-02-17T19:55:26Z
165,5,0,0,Employees,technoweenie,2015-02-17T19:56:18Z
163,4,4,0,Employees,technoweenie,2015-02-17T16:39:32Z
162,3,1,0,Employees,technoweenie,2015-02-13T23:22:32Z
161,5,2,4,Employees,technoweenie,2015-02-13T16:40:17Z
160,9,1,0,Employees,technoweenie,2015-02-12T16:16:50Z
158,12,20,24,Employees,joshvera,2015-02-11T21:36:05Z
155,1,0,0,Employees,bkeepers,2015-02-03T18:12:43Z
154,1,4,0,Employees,technoweenie,2015-02-17T16:38:08Z
153,1,2,0,Employees,technoweenie,2015-02-02T16:09:29Z
152,1,6,0,Employees,technoweenie,2015-02-02T16:09:29Z
151,25,0,2,Employees,rubyist,2015-02-01T00:18:47Z
150,5,1,2,Employees,rubyist,2015-01-30T15:18:57Z
149,2,1,0,Volunteers,eanakashima,2015-01-16T16:33:25Z
147,1,0,0,Employees,leereilly,2015-01-12T19:51:35Z
146,1,0,0,Employees,mhagger,2015-01-12T14:29:44Z
145,2,0,0,Employees,technoweenie,2015-01-12T00:53:46Z
140,11,16,15,Employees,technoweenie,2015-01-30T15:20:53Z
139,1,0,0,Employees,rubyist,2015-01-30T15:19:51Z
137,14,12,1,Employees,rubyist,2014-10-29T14:17:07Z
136,2,1,5,Employees,rubyist,2014-10-20T22:03:09Z
134,1,8,0,Employees,rubyist,2014-10-06T22:52:54Z
132,2,0,0,Employees,rubyist,2014-10-02T20:29:37Z
130,26,11,9,Employees,rubyist,2014-10-13T15:33:15Z
129,3,1,0,Employees,rubyist,2014-10-01T20:11:50Z
122,37,20,0,Employees,rubyist,2014-10-01T14:52:28Z
120,3,5,0,Employees,rubyist,2014-09-15T22:55:16Z
119,1,1,0,Employees,rubyist,2014-09-15T15:30:02Z
118,2,1,0,Employees,rubyist,2014-09-15T14:56:02Z
115,1,1,0,Employees,technoweenie,2014-09-09T17:24:34Z
114,3,6,0,Employees,technoweenie,2014-09-09T17:24:38Z
113,4,0,0,Employees,technoweenie,2014-09-08T16:04:31Z
112,2,0,1,Employees,rubyist,2014-09-05T17:28:56Z
111,1,2,3,Employees,shiftkey,2014-09-03T22:39:08Z
106,1,0,0,Employees,rubyist,2014-08-19T21:49:01Z
105,3,0,0,Employees,technoweenie,2014-08-18T20:30:59Z
101,3,0,0,Employees,technoweenie,2014-08-18T16:20:24Z
100,3,9,0,Employees,technoweenie,2014-08-18T16:21:20Z
98,19,2,0,Employees,technoweenie,2014-08-08T22:19:26Z
97,18,13,2,Employees,technoweenie,2014-08-07T19:50:23Z
96,1,0,0,Employees,technoweenie,2014-08-06T20:43:56Z
94,17,21,0,Employees,technoweenie,2014-08-05T16:44:55Z
93,5,2,0,Employees,technoweenie,2014-07-25T22:44:11Z
91,4,0,0,Employees,technoweenie,2014-07-24T20:14:41Z
87,12,3,3,Employees,technoweenie,2014-07-25T17:33:44Z
84,20,2,3,Employees,technoweenie,2014-07-24T18:05:46Z
81,2,2,0,Employees,skalnik,2014-07-24T18:06:03Z
80,4,1,0,Employees,technoweenie,2014-06-25T17:20:29Z
79,2,1,0,Employees,rubyist,2014-06-24T15:04:47Z
78,3,5,3,Employees,rubiojr,2014-06-16T15:02:09Z
77,2,2,0,Employees,rubiojr,2014-06-14T15:43:12Z
76,7,3,3,Employees,rubyist,2014-06-16T16:52:26Z
72,1,1,0,Employees,technoweenie,2014-06-12T17:37:17Z
71,2,0,0,Employees,technoweenie,2014-06-05T23:18:32Z
70,1,0,0,Employees,technoweenie,2014-06-05T21:46:21Z
69,18,0,0,Employees,technoweenie,2014-06-09T13:38:57Z
68,4,0,4,Employees,technoweenie,2014-06-05T21:26:57Z
67,1,0,0,Employees,technoweenie,2014-06-05T17:26:58Z
66,1,0,0,Employees,technoweenie,2014-06-05T17:20:11Z
65,2,0,3,Employees,technoweenie,2014-06-05T14:51:51Z
64,2,0,0,Employees,technoweenie,2014-06-04T18:27:04Z
63,11,0,1,Employees,rubyist,2014-06-09T13:39:15Z
62,1,0,0,Employees,rubyist,2014-06-04T16:04:27Z
61,7,3,3,Employees,rubyist,2014-06-04T13:27:09Z
59,7,1,2,Employees,rubyist,2014-06-03T18:37:06Z
58,9,2,0,Employees,technoweenie,2014-06-03T18:32:12Z
