pull_request,number_of_commits,number_of_comments,number_of_reviews,user_type,user_login,merged_at,number_of_additions,number_of_deletions,number_of_files_changed
2809,5,0,5,Employees,technoweenie,2018-01-08T20:52:07Z,692,299,34
2806,12,0,4,Employees,technoweenie,2018-01-05T01:34:08Z,232,101,20
2797,1,0,0,Employees,b4mboo,2017-12-21T03:20:45Z,1,0,1
2796,7,1,0,Employees,ttaylorr,2018-01-03T23:37:05Z,112,9,10
2795,6,0,0,Employees,ttaylorr,2017-12-19T22:36:05Z,128,13,8
2794,4,0,0,Employees,ttaylorr,2017-12-19T22:35:26Z,76,26,6
2793,1,0,0,Employees,ttaylorr,2017-12-19T22:34:29Z,58,1,3
2788,7,0,0,Employees,ttaylorr,2017-12-18T19:26:57Z,155,54,8
2786,1,0,0,Employees,ttaylorr,2017-12-14T17:29:05Z,28,1,2
2785,1,0,0,Employees,ttaylorr,2017-12-14T17:28:54Z,75,1,4
2784,3,0,0,Employees,ttaylorr,2017-12-14T18:06:51Z,566,21,42
2780,9,0,0,Employees,ttaylorr,2017-12-14T17:28:44Z,447,0,35
2779,1,0,0,Employees,ttaylorr,2017-12-14T17:28:30Z,7,0,3
2778,3,0,0,Employees,ttaylorr,2017-12-14T17:28:20Z,262,0,6
2773,8,1,0,Employees,technoweenie,2017-12-14T21:41:55Z,1172,390,78
2770,1,0,0,Volunteers,sschuberth,2017-12-05T19:48:28Z,3,2,2
2769,2,1,6,Employees,ttaylorr,2017-12-05T23:33:12Z,36,9,4
2767,1,0,0,Employees,ttaylorr,2017-12-05T23:29:29Z,8,0,1
2764,4,0,6,Employees,ttaylorr,2017-12-04T16:54:28Z,236,57,12
2762,12,2,2,Employees,ttaylorr,2017-12-08T17:42:08Z,640,499,55
2759,5,1,0,Employees,ttaylorr,2017-12-05T23:29:04Z,191,165,19
2758,5,0,4,Employees,ttaylorr,2017-12-05T22:05:47Z,139,21,6
2757,18,3,10,Employees,ttaylorr,2017-12-05T01:29:13Z,210,164,23
2756,2,0,0,Employees,ttaylorr,2017-12-01T17:40:23Z,127,8,3
2755,1,1,0,Employees,ttaylorr,2017-12-01T17:40:14Z,1,8,1
2751,2,0,0,Volunteers,wsprent,2017-11-27T21:42:32Z,36,2,2
2750,4,0,2,Employees,ttaylorr,2017-12-01T18:03:40Z,65,42,6
2749,3,1,0,Employees,ttaylorr,2017-11-22T22:25:54Z,177,182,60
2747,2,1,0,Employees,ttaylorr,2017-11-22T22:25:39Z,149,149,48
2746,2,2,0,Employees,ttaylorr,2017-11-22T18:47:05Z,36,1,2
2739,1,0,0,Employees,ttaylorr,2017-11-20T17:44:56Z,29,22,2
2738,5,1,0,Employees,ttaylorr,2017-11-20T18:55:42Z,104,17,8
2737,5,1,0,Employees,technoweenie,2017-11-21T00:04:15Z,387,173,24
2736,1,0,0,Employees,ttaylorr,2017-11-20T18:55:29Z,27,0,1
2735,1,2,0,Employees,technoweenie,2017-11-20T18:52:52Z,10,16,1
2734,9,2,1,Employees,ttaylorr,2017-11-20T18:55:09Z,202,130,27
2733,4,0,7,Employees,ttaylorr,2017-11-16T22:51:50Z,60,16,7
2732,14,0,7,Employees,ttaylorr,2017-11-21T00:08:29Z,633,315,41
2730,2,0,0,Volunteers,dpursehouse,2017-11-16T02:00:19Z,8,0,2
2722,5,1,5,Employees,technoweenie,2017-11-20T18:53:27Z,163,112,22
2719,1,4,0,Volunteers,bilke,2017-11-08T20:16:52Z,1,0,1
2716,2,6,0,Volunteers,QuLogic,2017-11-08T20:39:48Z,8,2,2
2715,1,0,0,Employees,technoweenie,2017-11-03T17:06:10Z,86,10,8
2709,2,5,0,Volunteers,mathstuf,2017-11-16T21:08:50Z,820,293,22
2708,2,7,2,Volunteers,mathstuf,2017-11-17T16:16:51Z,6,2,2
2706,11,2,1,Employees,technoweenie,2017-11-03T16:32:22Z,837,396,39
2704,2,1,0,Employees,technoweenie,2017-11-20T23:50:47Z,2032,1047,64
2700,17,0,0,Employees,technoweenie,2017-10-30T21:12:56Z,940,726,63
2699,1,0,0,Employees,technoweenie,2017-10-27T21:29:08Z,0,2,1
2698,1,0,0,Employees,technoweenie,2017-10-27T15:35:46Z,2,2,1
2695,16,2,0,Employees,technoweenie,2017-10-30T20:25:35Z,853,658,33
2692,10,0,0,Employees,technoweenie,2017-10-26T17:09:32Z,620,586,75
2689,18,0,0,Employees,technoweenie,2017-10-26T16:46:07Z,572,755,106
2687,7,0,0,Employees,technoweenie,2017-10-25T00:35:34Z,150,103,26
2678,2,0,0,Employees,technoweenie,2017-10-24T17:25:29Z,790,965,44
2676,23,1,0,Employees,technoweenie,2017-10-19T19:35:36Z,1168,1162,108
2674,1,0,0,Employees,technoweenie,2017-10-18T16:21:40Z,21,4,5
2673,4,0,0,Employees,technoweenie,2017-10-17T21:32:57Z,107,81,7
2672,2,0,0,Employees,technoweenie,2017-10-17T20:12:56Z,82,54,3
2659,4,4,5,Employees,shiftkey,2017-10-11T20:00:14Z,44,32,12
2657,3,1,0,Employees,technoweenie,2017-10-09T16:55:46Z,46,16,7
2651,3,0,0,Employees,technoweenie,2017-10-18T22:55:37Z,434,156,26
2648,1,0,0,Employees,technoweenie,2017-10-04T20:05:13Z,7,4,1
2647,4,4,2,Employees,technoweenie,2017-10-05T22:42:44Z,36,21,5
2643,1,0,0,Employees,technoweenie,2017-10-03T18:53:52Z,28,3,5
2642,2,0,0,Employees,technoweenie,2017-10-03T17:46:19Z,72,32,7
2641,2,0,0,Employees,technoweenie,2017-10-03T17:33:17Z,55,12,4
2637,1,1,0,Employees,technoweenie,2017-10-03T15:45:21Z,7,2,2
2633,3,0,0,Employees,technoweenie,2017-10-03T16:12:50Z,26,11,8
2632,2,0,0,Employees,technoweenie,2017-10-03T15:59:04Z,9,4,4
2626,3,0,2,Employees,technoweenie,2017-10-18T22:32:38Z,538,186,38
2625,1,0,0,Employees,technoweenie,2017-09-28T15:20:54Z,6,3,2
2622,2,0,0,Employees,technoweenie,2017-10-03T16:48:33Z,44,21,14
2621,2,0,0,Employees,technoweenie,2017-10-18T22:18:00Z,358,175,34
2620,1,0,0,Employees,rubyist,2017-09-27T20:59:16Z,6,6,3
2617,1,0,0,Employees,technoweenie,2017-09-26T23:04:58Z,3,3,1
2615,1,0,0,Employees,technoweenie,2017-09-26T22:28:38Z,33,3,5
2614,3,0,0,Employees,technoweenie,2017-09-26T18:58:07Z,23,5,5
2610,8,0,0,Employees,technoweenie,2017-09-26T17:01:49Z,337,74,28
2609,4,0,0,Employees,technoweenie,2017-09-26T17:39:02Z,375,77,26
2608,3,0,0,Employees,technoweenie,2017-09-26T16:35:20Z,251,42,17
2607,2,0,0,Employees,technoweenie,2017-09-22T17:31:53Z,8,5,4
2600,4,0,0,Employees,technoweenie,2017-09-20T21:44:49Z,155,618,27
2598,7,3,2,Employees,shiftkey,2017-09-20T17:23:48Z,52,18,7
2596,3,2,0,Employees,technoweenie,2017-09-22T16:32:54Z,159,621,29
2590,5,1,3,Volunteers,sprohaska,2017-09-22T22:53:34Z,338,648,45
2588,1,0,0,Volunteers,sschuberth,2017-09-15T16:22:22Z,13,3,1
2586,3,0,0,Volunteers,sschuberth,2017-09-15T14:29:10Z,3,3,3
2585,3,6,3,Employees,shiftkey,2017-09-22T20:22:46Z,165,624,33
2584,1,1,0,Employees,ttaylorr,2017-09-14T17:00:23Z,25,1,2
2583,1,0,2,Employees,ttaylorr,2017-09-14T17:21:02Z,121,4,5
2580,3,0,6,Employees,technoweenie,2017-09-14T15:42:20Z,75,14,3
2579,4,0,0,Employees,technoweenie,2017-09-13T21:25:51Z,76,13,5
2578,4,1,0,Employees,ttaylorr,2017-09-13T22:23:35Z,95,42,6
2577,1,0,0,Employees,ttaylorr,2017-09-13T15:49:39Z,6,1,1
2574,6,0,0,Employees,technoweenie,2017-09-12T15:34:15Z,176,68,13
2572,1,0,0,Employees,ttaylorr,2017-09-11T19:10:35Z,2,2,1
2571,1,0,3,Volunteers,larsxschneider,2017-09-11T15:53:41Z,3,0,1
2570,2,1,6,Volunteers,larsxschneider,2017-09-11T18:15:20Z,48,1,2
2567,3,0,0,Employees,ttaylorr,2017-09-08T20:50:47Z,20,20,3
2566,1,1,0,Employees,ttaylorr,2017-09-08T20:28:25Z,12,0,1
2562,1,0,0,Employees,ttaylorr,2017-09-08T20:39:38Z,2,2,1
2559,1,0,0,Employees,ttaylorr,2017-09-07T20:38:20Z,21,2,1
2558,1,0,0,Employees,ttaylorr,2017-09-07T20:38:10Z,145,1,4
2554,5,0,0,Employees,ttaylorr,2017-09-12T19:47:24Z,380,72,17
2553,10,0,0,Employees,ttaylorr,2017-09-12T19:47:10Z,1604,32,20
2552,3,0,0,Employees,ttaylorr,2017-09-12T19:46:57Z,291,4,4
2551,2,0,0,Employees,ttaylorr,2017-09-12T19:46:41Z,189,0,4
2550,3,0,0,Employees,ttaylorr,2017-09-12T19:46:24Z,217,0,6
2546,2,0,0,Volunteers,larsxschneider,2017-09-05T17:31:29Z,2,2,2
2541,6,0,2,Employees,ttaylorr,2017-09-07T20:47:18Z,399,12,9
2540,2,0,7,Volunteers,larsxschneider,2017-08-31T02:02:26Z,41,4,4
2539,1,0,0,Volunteers,larsxschneider,2017-08-29T22:22:16Z,0,4,1
2538,5,0,0,Employees,ttaylorr,2017-08-30T18:29:17Z,112,30,15
2537,2,0,0,Employees,ttaylorr,2017-08-30T16:45:42Z,23,11,4
2536,1,0,0,Employees,ttaylorr,2017-08-30T16:45:27Z,6,0,1
2535,1,0,0,Employees,ttaylorr,2017-08-30T16:45:18Z,24,6,2
2531,1,0,0,Volunteers,larsxschneider,2017-08-26T17:42:29Z,11,12,2
2530,1,1,0,Employees,ttaylorr,2017-08-28T21:38:08Z,8,6,1
2529,4,0,0,Employees,ttaylorr,2017-08-30T16:45:09Z,18,5,5
2528,3,1,0,Employees,ttaylorr,2017-08-30T16:57:13Z,76,24,7
2526,7,10,5,Employees,ttaylorr,2017-08-30T16:44:40Z,46,13,8
2525,2,0,0,Employees,ttaylorr,2017-08-25T15:49:38Z,42,9,3
2524,1,2,0,Employees,ttaylorr,2017-08-25T15:48:56Z,0,14,2
2516,15,9,10,Employees,ttaylorr,2017-09-13T21:27:38Z,1659,390,85
2515,2,0,0,Employees,ttaylorr,2017-08-18T16:06:27Z,48,48,10
2514,4,0,0,Employees,ttaylorr,2017-09-07T20:37:44Z,787,307,50
2511,20,18,27,Employees,ttaylorr,2017-08-24T22:28:17Z,687,328,51
2510,5,1,5,Employees,ttaylorr,2017-08-16T15:49:53Z,62,51,19
2509,1,0,0,Volunteers,andyneff,2017-08-14T20:40:16Z,1,0,1
2508,1,0,0,Employees,ttaylorr,2017-08-14T20:23:31Z,2,2,2
2507,1,1,0,Employees,ttaylorr,2017-08-15T15:50:39Z,1,2,1
2506,1,2,0,Employees,ttaylorr,2017-08-14T20:23:20Z,3,3,3
2505,4,0,0,Employees,ttaylorr,2017-08-11T20:37:38Z,52,3,5
2502,3,0,0,Employees,ttaylorr,2017-08-11T16:20:19Z,48,1,4
2501,4,0,0,Employees,ttaylorr,2017-08-10T23:35:14Z,12,1558,32
2500,10,1,0,Employees,ttaylorr,2017-08-11T18:11:42Z,336,1559,42
2499,1,2,1,Volunteers,aleb,2017-08-10T16:14:04Z,8,0,2
2495,2,0,0,Employees,ttaylorr,2017-08-10T15:39:31Z,109,68,10
2493,1,0,0,Employees,ttaylorr,2017-08-09T20:59:58Z,13,0,1
2488,1,0,0,Employees,ttaylorr,2017-08-09T16:21:10Z,32,1,2
2485,13,0,0,Employees,ttaylorr,2017-08-08T21:11:53Z,233,50,14
2483,3,0,0,Employees,ttaylorr,2017-08-07T20:52:25Z,83,27,3
2476,2,0,0,Employees,ttaylorr,2017-08-04T17:12:52Z,97,18,2
2475,1,0,0,Employees,ttaylorr,2017-08-03T17:58:01Z,12,3,1
2471,1,0,0,Employees,ttaylorr,2017-08-04T15:10:28Z,16,0,2
2470,3,0,6,Employees,ttaylorr,2017-08-03T19:50:47Z,27,4,4
2469,1,0,0,Employees,ttaylorr,2017-08-03T20:23:15Z,15,14,4
2468,4,0,4,Employees,ttaylorr,2017-08-03T22:36:19Z,42,14,7
2467,1,0,0,Employees,ttaylorr,2017-08-04T15:10:45Z,8,0,2
2465,4,0,0,Employees,ttaylorr,2017-08-01T20:47:19Z,22,3,5
2463,1,0,0,Employees,ttaylorr,2017-07-31T21:54:14Z,26,0,2
2462,2,0,0,Employees,ttaylorr,2017-07-31T21:00:31Z,16,7,2
2461,1,0,0,Employees,ttaylorr,2017-07-31T21:00:24Z,83,171,10
2460,3,0,0,Employees,ttaylorr,2017-07-31T19:24:05Z,27,22,5
2459,3,0,0,Employees,ttaylorr,2017-07-31T19:24:14Z,76,45,8
2458,1,0,0,Employees,ttaylorr,2017-07-31T19:29:17Z,4,0,1
2457,1,0,0,Employees,ttaylorr,2017-07-31T18:53:58Z,9,0,2
2455,2,0,0,Employees,ttaylorr,2017-07-31T18:49:05Z,33,2,4
2453,12,4,15,Volunteers,larsxschneider,2017-08-24T20:24:40Z,233,175,23
2449,1,0,0,Volunteers,mathstuf,2017-07-31T18:53:32Z,3,0,1
2443,1,1,0,Volunteers,rudineirk,2017-07-28T02:00:11Z,1,0,1
2441,1,1,0,Employees,ttaylorr,2017-07-28T01:26:51Z,1,1,1
2440,1,0,0,Employees,ttaylorr,2017-07-25T19:07:35Z,531,2,17
2438,6,0,0,Employees,ttaylorr,2017-08-10T15:42:19Z,2638,597,92
2437,2,0,0,Employees,ttaylorr,2017-07-24T19:48:06Z,33,11,4
2436,3,0,0,Employees,ttaylorr,2017-07-24T19:48:12Z,78,74,15
2429,1,7,7,Volunteers,aleb,2017-07-31T21:51:00Z,400,44,11
2426,2,0,0,Volunteers,ssgelm,2017-07-24T21:28:39Z,799,138,13
2425,1,0,0,Volunteers,ssgelm,2017-07-17T20:00:56Z,3,0,1
2423,3,2,1,Employees,ttaylorr,2017-07-24T17:59:44Z,592,4,12
2422,4,0,0,Employees,ttaylorr,2017-07-24T17:44:35Z,471,8,16
2421,3,0,0,Employees,ttaylorr,2017-07-24T17:18:31Z,231,1,8
2420,3,1,0,Employees,ttaylorr,2017-07-24T17:02:15Z,240,0,9
2410,1,0,0,Employees,ttaylorr,2017-07-11T18:00:50Z,17,0,2
2404,1,0,0,Employees,ttaylorr,2017-07-10T18:54:48Z,11,1,1
2403,1,0,0,Employees,ttaylorr,2017-07-10T19:08:58Z,3,3,3
2402,2,0,0,Employees,ttaylorr,2017-07-10T19:08:42Z,139,814,33
2401,1,0,0,Employees,ttaylorr,2017-07-10T16:59:01Z,48,2,4
2400,1,0,0,Employees,ttaylorr,2017-07-10T16:58:50Z,2,2,1
2399,2,1,0,Employees,ttaylorr,2017-07-10T17:50:59Z,101,809,27
2397,1,0,0,Employees,ttaylorr,2017-07-10T16:58:43Z,16,4,2
2396,1,0,0,Employees,ttaylorr,2017-07-10T16:58:36Z,5,4,2
2395,1,0,0,Employees,ttaylorr,2017-07-10T16:58:29Z,2,2,1
2394,1,0,0,Employees,ttaylorr,2017-07-10T16:58:21Z,26,9,2
2393,10,3,0,Employees,ttaylorr,2017-07-10T18:01:25Z,45,35,10
2392,10,4,0,Employees,ttaylorr,2017-07-12T15:30:09Z,145,35,20
2389,7,1,0,Employees,ttaylorr,2017-07-05T20:45:44Z,58,12,8
2388,2,0,0,Employees,ttaylorr,2017-07-05T20:46:44Z,3,3,2
2386,1,0,0,Employees,ttaylorr,2017-07-05T20:46:55Z,2,786,16
2385,1,0,0,Employees,ttaylorr,2017-07-05T15:23:22Z,3,3,3
2384,1,0,0,Employees,ttaylorr,2017-07-05T15:23:39Z,3,3,3
2383,3,3,0,Employees,ttaylorr,2017-07-05T20:46:21Z,23,11,4
2382,2,0,0,Employees,ttaylorr,2017-07-05T15:23:30Z,5,4,2
2377,1,0,0,Volunteers,ssgelm,2017-07-05T15:10:42Z,2,2,1
2374,1,3,2,Volunteers,asottile,2017-07-05T21:00:03Z,26,9,2
2371,2,0,0,Employees,technoweenie,2017-06-29T21:47:29Z,107,5,7
2369,1,2,0,Employees,technoweenie,2017-06-29T21:14:16Z,1,1,1
2362,3,0,0,Employees,technoweenie,2017-06-27T16:29:06Z,106,4,7
2358,1,0,0,Employees,ttaylorr,2017-06-26T17:36:16Z,1,1,1
2356,1,0,0,Employees,ttaylorr,2017-06-26T18:03:13Z,40,3,3
2355,1,0,0,Employees,ttaylorr,2017-06-26T17:46:38Z,8,6,2
2353,19,1,0,Employees,ttaylorr,2017-06-26T21:56:01Z,714,104,33
2348,4,0,0,Employees,ttaylorr,2017-06-22T00:17:29Z,36,31,7
2347,1,0,0,Employees,ttaylorr,2017-06-22T00:05:52Z,18,0,2
2346,1,1,3,Employees,ttaylorr,2017-06-22T00:10:06Z,434,0,2
2345,2,0,2,Employees,ttaylorr,2017-06-22T00:43:17Z,103,2,3
2344,4,0,2,Employees,ttaylorr,2017-06-22T00:43:00Z,96,4,7
2343,1,0,0,Employees,ttaylorr,2017-06-21T23:16:46Z,68,41,4
2341,12,1,0,Employees,ttaylorr,2017-06-21T23:09:41Z,137,59,13
2340,8,0,0,Employees,ttaylorr,2017-06-22T00:55:26Z,895,122,20
2339,1,0,0,Employees,ttaylorr,2017-06-19T20:21:53Z,11,2,1
2338,5,0,1,Employees,ttaylorr,2017-06-19T20:21:40Z,65,18,5
2335,10,1,1,Employees,ttaylorr,2017-06-19T21:40:26Z,213,38,19
2334,8,5,0,Employees,ttaylorr,2017-06-19T21:16:49Z,99,27,15
2333,5,0,0,Employees,ttaylorr,2017-06-16T16:46:37Z,211,19,10
2332,1,0,0,Employees,ttaylorr,2017-06-16T16:46:19Z,9,9,2
2331,1,0,0,Employees,ttaylorr,2017-06-16T16:45:56Z,25,1,2
2329,15,0,4,Employees,ttaylorr,2017-06-19T21:16:28Z,922,71,32
2327,1,1,0,Volunteers,gurugray,2017-06-14T15:32:56Z,2,2,2
2324,5,3,0,Employees,ttaylorr,2017-06-13T20:39:51Z,229,23,7
2322,1,0,0,Employees,ttaylorr,2017-06-12T17:11:43Z,31,10,1
2313,42,6,14,Employees,ttaylorr,2017-06-16T16:45:15Z,1496,172,62
2312,4,0,8,Volunteers,jakub-m,2017-06-14T15:37:44Z,390,42,12
2311,1,0,10,Volunteers,asottile,2017-06-09T20:40:25Z,72,1,3
2310,2,0,0,Employees,ttaylorr,2017-06-08T21:24:54Z,71,7,18
2308,1,0,0,Employees,ttaylorr,2017-06-08T20:13:04Z,91,58,5
2303,2,0,0,Employees,ttaylorr,2017-06-07T00:04:24Z,60,12,4
2302,2,0,0,Employees,ttaylorr,2017-06-06T22:59:54Z,50,25,3
2301,1,0,0,Employees,ttaylorr,2017-06-06T20:09:17Z,21,25,3
2300,6,3,2,Employees,ttaylorr,2017-06-06T21:00:24Z,182,37,9
2299,3,0,0,Employees,technoweenie,2017-06-16T15:21:55Z,662,144,43
2297,3,0,0,Employees,ttaylorr,2017-06-05T22:12:18Z,125,5,4
2296,1,1,0,Employees,ttaylorr,2017-06-05T21:32:15Z,21,11,2
2295,4,0,0,Employees,ttaylorr,2017-06-05T19:31:18Z,74,4,17
2294,2,0,0,Employees,ttaylorr,2017-06-05T19:30:57Z,58,56,65
2292,13,1,4,Employees,ttaylorr,2017-06-05T15:37:35Z,2843,2108,163
2287,1,0,0,Employees,ttaylorr,2017-06-02T15:37:29Z,37,0,3
2286,2,0,0,Employees,ttaylorr,2017-06-02T15:37:21Z,21,0,3
2283,7,1,2,Employees,ttaylorr,2017-05-31T22:25:46Z,169,41,11
2278,1,0,0,Employees,ttaylorr,2017-05-30T21:58:04Z,3,0,1
2277,1,1,0,Volunteers,raleksandar,2017-05-30T15:12:56Z,1,1,1
2272,1,0,0,Employees,ttaylorr,2017-05-26T20:55:57Z,23,0,1
2268,3,0,0,Employees,ttaylorr,2017-05-25T22:05:30Z,85,8,4
2267,4,1,4,Employees,ttaylorr,2017-05-25T21:04:19Z,21,13,4
2266,1,0,0,Employees,ttaylorr,2017-05-25T20:57:46Z,3,0,1
2265,1,0,0,Employees,ttaylorr,2017-05-25T20:57:36Z,15,1,2
2263,5,0,0,Employees,ttaylorr,2017-05-24T23:21:55Z,78,7,8
2262,2,3,0,Employees,ttaylorr,2017-05-25T14:47:35Z,73,2,4
2261,4,1,4,Employees,ttaylorr,2017-05-24T20:24:28Z,503,125,8
2252,6,1,0,Employees,ttaylorr,2017-05-22T19:26:21Z,36,0,12
2251,2,2,0,Employees,ttaylorr,2017-05-22T19:26:10Z,2,2,2
2248,1,0,0,Volunteers,dpursehouse,2017-05-21T04:49:53Z,5,5,1
2246,1,1,2,Employees,ttaylorr,2017-05-19T21:00:37Z,34,4,5
2245,1,0,0,Employees,ttaylorr,2017-05-19T19:34:31Z,37,2,3
2244,4,0,0,Employees,ttaylorr,2017-05-19T18:55:21Z,18,6,5
2243,1,0,0,Employees,ttaylorr,2017-05-19T18:15:56Z,96,3,2
2242,1,0,0,Employees,ttaylorr,2017-05-19T16:59:42Z,221,18,7
2241,1,3,0,Employees,technoweenie,2017-05-19T16:32:05Z,221,18,7
2240,1,0,0,Employees,ttaylorr,2017-05-19T16:19:14Z,6,0,1
2238,1,0,0,Employees,technoweenie,2017-05-19T14:15:50Z,246,48,5
2237,6,4,0,Volunteers,seth2810,2017-05-19T19:33:43Z,617,82,21
2235,7,1,5,Employees,ttaylorr,2017-05-19T17:08:36Z,575,75,19
2233,10,2,0,Employees,technoweenie,2017-05-19T13:56:18Z,270,72,14
2232,3,3,0,Volunteers,dpursehouse,2017-05-19T13:59:53Z,252,48,7
2230,1,0,0,Employees,ttaylorr,2017-05-18T16:42:06Z,2,2,1
2229,1,0,0,Employees,ttaylorr,2017-05-18T16:42:12Z,1,1,1
2228,2,1,0,Employees,ttaylorr,2017-05-17T22:43:05Z,3,3,2
2227,1,0,0,Employees,ttaylorr,2017-05-17T21:19:54Z,1,1,1
2224,1,0,0,Employees,ttaylorr,2017-05-17T17:56:45Z,101,33,2
2220,37,2,42,Employees,ttaylorr,2017-05-22T21:55:52Z,2880,366,99
2216,3,0,2,Employees,ttaylorr,2017-05-16T20:58:28Z,114,45,4
2212,1,0,0,Volunteers,andyneff,2017-05-10T15:18:31Z,3,3,1
2211,2,0,0,Employees,ttaylorr,2017-05-11T15:06:12Z,4,3,2
2210,2,0,0,Employees,ttaylorr,2017-05-09T17:39:09Z,6,6,3
2206,2,1,0,Employees,technoweenie,2017-05-09T15:35:20Z,4,4,2
2205,4,2,0,Employees,ttaylorr,2017-05-09T20:49:03Z,17,11,6
2203,1,1,0,Volunteers,ssgelm,2017-05-08T15:47:03Z,5,0,1
2199,7,1,4,Employees,ttaylorr,2017-05-04T19:14:17Z,151,37,9
2198,3,3,0,Volunteers,jiangxin,2017-05-04T22:58:48Z,140,16,6
2192,1,1,0,Employees,technoweenie,2017-05-01T22:50:33Z,87,20,3
2188,1,0,0,Employees,ttaylorr,2017-05-01T18:03:13Z,3,3,3
2187,1,1,0,Employees,ttaylorr,2017-04-28T16:30:51Z,95,4,5
2184,24,2,0,Employees,technoweenie,2017-04-28T15:43:57Z,634,431,61
2183,4,0,0,Employees,ttaylorr,2017-04-27T22:35:22Z,82,27,7
2181,2,0,0,Employees,ttaylorr,2017-04-27T16:22:05Z,27,7,4
2180,2,0,0,Employees,ttaylorr,2017-04-26T23:28:28Z,26,6,4
2179,6,0,0,Employees,ttaylorr,2017-04-26T16:06:57Z,11,6,6
2178,2,0,0,Employees,ttaylorr,2017-04-25T19:51:02Z,18,17,2
2175,3,1,0,Employees,ttaylorr,2017-04-25T21:13:08Z,143,89,6
2171,7,0,0,Volunteers,sprohaska,2017-04-24T01:17:20Z,47,50,7
2170,1,0,0,Volunteers,sprohaska,2017-04-24T01:17:02Z,1,1,1
2168,11,3,8,Employees,technoweenie,2017-04-27T22:19:40Z,282,175,26
2162,11,0,8,Employees,ttaylorr,2017-04-18T17:28:49Z,132,58,11
2161,4,0,0,Employees,ttaylorr,2017-04-18T15:07:12Z,17,23,4
2160,1,0,0,Employees,ttaylorr,2017-04-17T20:55:12Z,8,16,1
2159,12,1,7,Employees,ttaylorr,2017-04-17T19:45:25Z,79,9,11
2158,4,0,2,Employees,ttaylorr,2017-04-17T15:25:44Z,15,11,4
2156,18,0,1,Employees,ttaylorr,2017-04-17T15:10:51Z,451,361,53
2154,9,1,1,Employees,ttaylorr,2017-04-14T19:20:02Z,101,64,12
2152,4,1,9,Employees,ttaylorr,2017-04-14T17:55:28Z,330,186,37
2145,1,1,0,Employees,ttaylorr,2017-04-10T18:26:53Z,4,2,3
2140,3,0,0,Employees,ttaylorr,2017-04-10T17:30:35Z,47,10,5
2139,3,0,0,Employees,ttaylorr,2017-04-09T21:10:33Z,39,3,3
2130,13,1,8,Employees,ttaylorr,2017-04-06T20:16:54Z,431,88,37
2127,4,1,1,Employees,ttaylorr,2017-04-05T14:58:22Z,262,80,8
2112,1,0,0,Employees,ttaylorr,2017-03-29T23:09:10Z,36,4,5
2111,1,0,0,Employees,ttaylorr,2017-03-29T22:38:36Z,92,3,4
2110,3,0,0,Employees,ttaylorr,2017-03-29T22:17:33Z,92,3,5
2109,1,0,0,Employees,ttaylorr,2017-03-29T21:54:56Z,2,3,2
2107,2,0,0,Employees,ttaylorr,2017-03-29T21:39:24Z,2,3,2
2102,1,0,0,Employees,ttaylorr,2017-03-29T00:04:12Z,6,0,1
2101,1,0,0,Employees,ttaylorr,2017-03-28T23:46:56Z,2,2,1
2100,1,0,0,Employees,ttaylorr,2017-03-28T23:31:15Z,9,7,1
2099,1,0,0,Employees,ttaylorr,2017-03-28T22:59:52Z,3,3,1
2098,1,0,0,Employees,ttaylorr,2017-03-28T22:49:58Z,1,1,1
2097,1,0,0,Employees,ttaylorr,2017-03-28T22:44:20Z,5,0,1
2096,1,0,0,Employees,ttaylorr,2017-03-28T22:43:19Z,1,1,1
2095,2,0,0,Employees,ttaylorr,2017-03-28T23:00:15Z,14,14,8
2094,1,0,0,Employees,ttaylorr,2017-03-28T22:32:49Z,523,14,7
2092,1,0,0,Employees,ttaylorr,2017-03-28T17:19:23Z,67,1,2
2090,2,0,0,Employees,ttaylorr,2017-03-28T16:53:45Z,67,1,2
2089,1,0,0,Employees,ttaylorr,2017-03-27T16:30:54Z,4,0,1
2088,1,3,0,Volunteers,p12tic,2017-03-27T15:48:10Z,4,0,1
2087,1,1,0,Volunteers,ZaninAndrea,2017-03-27T15:47:29Z,1,1,1
2085,1,0,0,Employees,ttaylorr,2017-03-25T04:38:38Z,179,6,7
2084,1,0,0,Employees,ttaylorr,2017-03-25T04:14:05Z,21,10,6
2083,4,0,0,Employees,ttaylorr,2017-03-24T22:07:41Z,22,11,8
2082,9,1,2,Employees,ttaylorr,2017-03-25T04:13:50Z,206,22,18
2081,2,0,1,Employees,technoweenie,2017-03-24T21:47:20Z,2,2,2
2080,12,0,3,Employees,technoweenie,2017-03-28T22:15:53Z,967,139,63
2079,1,0,0,Employees,ttaylorr,2017-03-24T18:06:49Z,154,89,26
2077,8,2,1,Employees,ttaylorr,2017-03-24T17:34:43Z,164,99,37
2075,1,0,0,Employees,ttaylorr,2017-03-24T17:13:27Z,3,3,3
2074,1,0,0,Employees,ttaylorr,2017-03-23T19:01:37Z,58,0,4
2073,1,0,1,Employees,ttaylorr,2017-03-23T18:43:09Z,58,0,4
2072,3,0,0,Employees,technoweenie,2017-03-23T19:36:30Z,490,95,15
2070,10,0,6,Employees,ttaylorr,2017-03-23T19:06:24Z,467,85,21
2067,2,0,0,Employees,ttaylorr,2017-03-22T20:15:32Z,98,36,3
2049,1,0,0,Volunteers,TheJare,2017-09-07T19:13:21Z,1,1,1
2048,2,1,0,Employees,ttaylorr,2017-03-24T17:34:29Z,72,11,8
2047,4,1,0,Employees,ttaylorr,2017-03-17T19:37:19Z,14,11,4
2042,6,0,2,Employees,ttaylorr,2017-03-22T16:56:33Z,202,146,11
2035,10,5,14,Employees,ttaylorr,2017-03-16T18:46:38Z,256,82,12
2033,2,0,0,Volunteers,dpursehouse,2017-03-15T16:21:24Z,2,2,2
2028,3,1,0,Volunteers,dpursehouse,2017-03-14T15:08:13Z,3,3,3
2023,2,16,3,Volunteers,bozaro,2017-07-12T15:44:34Z,93,21,10
2021,3,6,0,Volunteers,grimreaper,2017-03-09T23:53:19Z,1,1,1
2020,3,0,0,Employees,terrorobe,2017-03-10T17:38:41Z,16,8,3
2019,2,0,0,Employees,terrorobe,2017-03-10T17:32:38Z,10,8,2
2008,1,0,1,Employees,ttaylorr,2017-03-06T23:30:28Z,16,4,5
2007,1,0,0,Employees,ttaylorr,2017-03-06T22:50:08Z,114,58,11
2004,10,1,12,Employees,ttaylorr,2017-03-06T22:20:12Z,170,114,34
1999,1,2,3,Employees,terrorobe,2017-03-03T19:02:15Z,5,0,1
1990,2,1,3,Employees,technoweenie,2017-03-01T16:27:39Z,181,7,6
1989,1,0,0,Employees,technoweenie,2017-03-01T01:29:00Z,59,57,5
1987,3,1,0,Employees,technoweenie,2017-02-28T00:00:25Z,51,51,5
1986,1,0,0,Employees,technoweenie,2017-02-27T18:49:14Z,2,11,1
1983,5,2,0,Employees,technoweenie,2017-02-27T16:40:09Z,60,15,9
1982,1,0,0,Volunteers,sschuberth,2017-02-24T20:54:33Z,1,0,1
1980,1,0,0,Volunteers,sschuberth,2017-02-24T16:41:06Z,2,0,1
1979,3,0,0,Volunteers,sschuberth,2017-02-24T17:07:01Z,9,7,4
1978,4,0,1,Employees,technoweenie,2017-02-24T00:21:02Z,90,78,11
1971,7,7,2,Employees,ttaylorr,2017-02-22T23:00:06Z,211,12,8
1968,1,0,0,Volunteers,sschuberth,2017-02-21T20:38:51Z,1,1,1
1966,5,18,2,Volunteers,sschuberth,2017-02-23T18:22:37Z,373,30,16
1965,7,10,0,Employees,ttaylorr,2017-02-28T22:46:57Z,700,213,39
1962,8,1,0,Employees,ttaylorr,2017-02-21T21:23:30Z,212,81,12
1961,1,1,0,Employees,ttaylorr,2017-02-21T17:30:04Z,9,8,4
1959,2,4,0,Volunteers,sschuberth,2017-02-19T07:02:26Z,6,3,3
1958,4,1,8,Employees,ttaylorr,2017-02-18T00:49:48Z,205,144,9
1957,1,0,0,Employees,technoweenie,2017-02-17T19:15:50Z,28,22,5
1955,5,1,0,Employees,ttaylorr,2017-02-17T17:30:07Z,154,16,6
1954,1,0,0,Employees,ttaylorr,2017-02-17T01:54:18Z,42,5,2
1953,6,0,0,Employees,technoweenie,2017-02-17T17:29:52Z,651,398,30
1952,1,2,0,Employees,ttaylorr,2017-02-17T00:06:49Z,5,2,2
1951,9,1,6,Employees,ttaylorr,2017-02-17T00:13:37Z,313,62,12
1950,1,0,0,Employees,technoweenie,2017-02-16T16:41:04Z,16,4,6
1947,1,0,0,Employees,ttaylorr,2017-02-16T17:22:44Z,0,199,2
1946,2,0,0,Employees,technoweenie,2017-02-15T20:29:34Z,46,83,11
1940,2,1,0,Employees,technoweenie,2017-02-14T23:11:04Z,73,8,5
1938,2,0,0,Volunteers,sschuberth,2017-02-14T16:34:15Z,2,6,2
1937,5,11,5,Employees,ttaylorr,2017-02-14T18:13:00Z,2278,1092,72
1936,5,0,8,Employees,technoweenie,2017-02-15T21:04:03Z,210,172,31
1932,8,7,7,Employees,ttaylorr,2017-02-13T21:07:48Z,1291,921,51
1931,8,0,0,Employees,technoweenie,2017-02-13T20:52:34Z,1508,1195,656
1930,4,5,0,Volunteers,sschuberth,2017-02-11T12:14:33Z,16,8,4
1927,4,0,7,Employees,technoweenie,2017-02-13T18:26:32Z,36,10,6
1924,1,2,0,Employees,technoweenie,2017-02-09T17:20:19Z,4,1,2
1921,2,1,0,Employees,technoweenie,2017-02-07T20:46:00Z,23,7,3
1914,12,0,1,Employees,technoweenie,2017-02-13T21:19:57Z,2224,1105,83
1913,1,0,0,Employees,technoweenie,2017-02-06T14:47:57Z,1,1,1
1912,5,13,1,Employees,technoweenie,2017-04-12T20:23:20Z,6882,2233,190
1910,2,0,0,Employees,technoweenie,2017-02-06T15:04:51Z,9,9,2
1909,10,3,18,Employees,technoweenie,2017-02-09T16:17:23Z,818,209,33
1905,4,1,6,Employees,technoweenie,2017-02-02T15:39:59Z,469,139,11
1904,4,0,5,Employees,technoweenie,2017-02-01T15:27:56Z,90,89,10
1896,9,2,13,Volunteers,sinbad,2017-02-06T20:52:06Z,659,161,19
1893,11,1,4,Employees,technoweenie,2017-01-26T19:53:10Z,2290,262,80
1890,4,0,1,Employees,technoweenie,2017-01-26T19:01:58Z,211,48,19
1887,3,0,2,Employees,technoweenie,2017-01-25T16:19:09Z,87,30,8
1886,4,3,4,Employees,technoweenie,2017-01-26T16:52:01Z,98,32,11
1885,3,1,2,Employees,ttaylorr,2017-01-23T23:14:02Z,10,17,4
1877,3,0,0,Employees,ttaylorr,2017-01-23T18:34:45Z,133,20,11
1870,36,0,0,Volunteers,sinbad,2017-01-19T12:08:45Z,11314,8568,306
1868,2,1,0,Volunteers,sinbad,2017-01-19T11:41:45Z,29,2,4
1863,2,0,2,Employees,ttaylorr,2017-01-13T20:49:56Z,25,20,6
1861,4,9,10,Volunteers,monitorjbl,2017-01-23T18:15:36Z,1552,171,41
1857,1,2,0,Employees,ttaylorr,2017-01-12T20:45:38Z,16,4,6
1856,1,0,0,Employees,ttaylorr,2017-01-12T18:10:58Z,5,2,1
1852,2,0,0,Employees,ttaylorr,2017-01-12T17:19:11Z,35,2,2
1850,1,0,0,Employees,technoweenie,2017-01-10T20:46:20Z,0,56,6
1849,4,0,2,Employees,ttaylorr,2017-01-10T21:50:04Z,298,14,11
1847,3,0,0,Volunteers,sinbad,2017-01-10T16:19:07Z,7,3,3
1846,4,6,0,Employees,technoweenie,2017-01-10T20:14:42Z,35,6014,54
1841,11,4,3,Employees,technoweenie,2017-01-09T23:26:13Z,328,224,34
1840,1,0,0,Employees,technoweenie,2017-01-07T03:23:34Z,83,7,3
1839,117,0,0,Employees,technoweenie,2017-01-06T21:56:33Z,17401,5527,590
1838,7,0,0,Employees,technoweenie,2017-01-06T21:28:28Z,1037,154,28
1837,4,0,1,Employees,technoweenie,2017-01-06T21:04:05Z,428,18,10
1835,1,0,0,Employees,ttaylorr,2017-01-06T16:53:19Z,10,7,3
1832,1,0,0,Employees,ttaylorr,2017-01-05T18:38:10Z,11,0,1
1827,24,1,7,Employees,technoweenie,2017-01-06T18:48:07Z,756,442,102
1825,3,1,0,Employees,technoweenie,2017-01-05T15:48:31Z,62,2,6
1824,14,1,18,Employees,technoweenie,2017-01-06T18:15:07Z,699,262,44
1822,32,11,32,Volunteers,sinbad,2017-01-16T11:32:57Z,3506,1698,116
1820,3,4,6,Volunteers,creste,2017-01-12T16:01:09Z,39,9,3
1818,9,0,0,Employees,ttaylorr,2017-01-05T18:07:55Z,127,42,20
1815,17,2,10,Employees,ttaylorr,2017-01-13T23:22:50Z,6463,6795,172
1814,5,3,0,Employees,ttaylorr,2017-01-05T18:18:54Z,89,9,7
1812,13,6,0,Employees,ttaylorr,2017-01-11T22:47:45Z,181,212,23
1811,1,0,0,Employees,ttaylorr,2016-12-27T22:34:55Z,1,1,1
1810,1,2,0,Employees,ttaylorr,2016-12-27T22:22:19Z,1,1,1
1809,1,0,0,Employees,ttaylorr,2016-12-27T20:33:44Z,22,4,6
1807,1,0,0,Employees,ttaylorr,2016-12-27T20:11:45Z,37,27,2
1806,3,1,0,Employees,ttaylorr,2016-12-27T20:00:17Z,51,41,4
1805,1,0,0,Employees,ttaylorr,2016-12-27T20:04:59Z,183,89,7
1801,2,2,0,Employees,ttaylorr,2017-01-05T18:23:04Z,74,38,10
1799,4,0,1,Employees,technoweenie,2017-01-03T18:23:41Z,303,216,7
1798,1,0,0,Employees,ttaylorr,2016-12-26T23:02:27Z,1,0,1
1797,1,0,0,Employees,ttaylorr,2016-12-23T18:14:08Z,1,0,1
1796,10,4,2,Employees,ttaylorr,2016-12-26T23:02:03Z,193,101,18
1794,10,1,0,Employees,technoweenie,2017-01-03T18:28:02Z,798,104,25
1793,1,0,0,Employees,technoweenie,2016-12-21T17:25:33Z,6,4,1
1791,3,2,12,Employees,technoweenie,2016-12-21T17:32:14Z,270,111,8
1788,2,0,0,Employees,technoweenie,2016-12-20T21:40:48Z,74,18,7
1787,8,0,0,Employees,technoweenie,2016-12-20T21:52:44Z,1061,111,26
1784,5,0,0,Employees,technoweenie,2016-12-20T19:21:43Z,990,31,20
1782,2,4,0,Employees,technoweenie,2016-12-26T23:02:19Z,521,334,14
1780,50,1,0,Employees,technoweenie,2016-12-16T17:28:11Z,4336,2641,252
1779,1,0,0,Employees,ttaylorr,2016-12-16T16:44:06Z,4,3,2
1777,2,1,0,Employees,ttaylorr,2016-12-15T21:24:10Z,11,16,3
1776,3,1,2,Employees,ttaylorr,2016-12-15T21:26:47Z,140,135,10
1775,1,0,0,Employees,technoweenie,2016-12-15T17:37:03Z,13,27,1
1774,2,0,0,Employees,technoweenie,2016-12-15T18:39:22Z,41,53,8
1772,5,1,0,Employees,ttaylorr,2016-12-15T17:35:42Z,494,431,20
1771,14,2,0,Employees,technoweenie,2016-12-16T17:45:41Z,3137,1762,83
1770,15,0,3,Employees,technoweenie,2016-12-19T20:00:13Z,3693,2016,119
1769,40,2,0,Volunteers,sinbad,2016-12-16T17:08:59Z,3916,1676,152
1768,1,0,0,Volunteers,sinbad,2016-12-14T16:05:24Z,2,0,1
1767,11,2,0,Employees,technoweenie,2016-12-14T17:06:26Z,323,253,42
1760,11,1,23,Volunteers,sinbad,2016-12-14T10:02:36Z,588,207,25
1758,18,5,14,Employees,ttaylorr,2016-12-13T01:06:53Z,660,393,69
1754,1,0,0,Employees,ttaylorr,2016-12-10T17:24:41Z,1,1,1
1752,4,8,10,Volunteers,sschuberth,2016-12-15T21:04:56Z,44,30,10
1747,17,1,14,Employees,technoweenie,2016-12-09T14:54:13Z,383,258,68
1746,3,1,3,Employees,technoweenie,2016-12-07T20:13:29Z,92,73,13
1745,3,1,2,Employees,technoweenie,2016-12-07T02:24:18Z,77,78,10
1743,11,0,0,Employees,technoweenie,2016-12-06T23:13:58Z,736,484,62
1742,3,0,2,Employees,ttaylorr,2016-12-07T20:35:35Z,234,16,5
1741,1,0,0,Employees,ttaylorr,2016-12-06T00:21:02Z,6,1,2
1739,1,0,0,Employees,ttaylorr,2016-12-05T23:40:28Z,18,4,6
1738,1,0,0,Employees,technoweenie,2016-12-05T21:21:35Z,5,5,1
1737,1,0,0,Employees,technoweenie,2016-12-05T20:30:38Z,5,5,1
1736,7,1,17,Volunteers,sinbad,2016-12-08T14:18:42Z,164,146,18
1734,3,1,0,Employees,ttaylorr,2016-12-05T21:55:08Z,11,6,3
1733,2,0,0,Employees,ttaylorr,2016-12-05T21:35:19Z,8,7,3
1732,2,0,0,Employees,ttaylorr,2016-12-05T21:54:51Z,96,12,9
1731,1,1,0,Volunteers,larsxschneider,2016-12-02T15:52:35Z,3,2,2
1727,2,0,0,Employees,technoweenie,2016-12-02T15:52:29Z,88,5,6
1725,10,2,16,Employees,technoweenie,2016-12-06T16:25:56Z,629,466,48
1723,4,1,0,Volunteers,sinbad,2016-11-30T10:16:17Z,366,216,12
1721,1,0,0,Volunteers,myint,2016-11-28T16:19:46Z,1,1,1
1713,1,0,0,Employees,benbalter,2016-11-23T17:56:03Z,1,1,1
1712,1,2,0,Employees,benbalter,2016-11-23T17:06:32Z,1,1,1
1711,3,1,0,Volunteers,larsxschneider,2016-11-23T17:10:46Z,3,3,3
1710,8,7,1,Employees,technoweenie,2016-12-05T22:15:54Z,371,248,26
1709,1,0,3,Employees,ttaylorr,2016-11-22T23:01:41Z,26,4,6
1708,2,0,0,Employees,ttaylorr,2016-11-22T21:18:33Z,102,445,24
1707,1,0,0,Employees,ttaylorr,2016-11-22T20:47:44Z,1,3,1
1706,1,0,0,Employees,technoweenie,2016-11-22T20:26:33Z,10,415,9
1705,17,3,0,Employees,technoweenie,2016-11-22T21:40:52Z,473,603,128
1703,1,0,0,Employees,technoweenie,2016-11-22T20:10:33Z,10,415,9
1699,6,7,2,Volunteers,larsxschneider,2016-11-22T20:18:14Z,25,21,7
1698,2,1,0,Volunteers,larsxschneider,2016-11-22T17:58:34Z,2,4,2
1696,26,5,1,Employees,technoweenie,2016-11-22T21:49:36Z,1066,1943,77
1695,20,1,0,Employees,technoweenie,2016-11-22T22:06:19Z,1518,1855,75
1694,12,5,25,Volunteers,sinbad,2016-11-28T15:42:53Z,506,139,14
1689,5,16,12,Volunteers,sschuberth,2016-12-09T14:42:08Z,49,10,8
1688,17,4,13,Employees,technoweenie,2016-11-21T17:32:03Z,1909,1563,58
1687,4,0,2,Employees,technoweenie,2016-11-18T20:57:21Z,1326,1453,40
1686,5,2,0,Employees,ttaylorr,2016-11-18T19:54:54Z,13,347,16
1685,1,4,0,Employees,technoweenie,2016-11-18T21:40:59Z,1,0,1
1684,2,0,0,Employees,technoweenie,2016-11-18T17:38:59Z,58,11,9
1683,1,0,0,Employees,technoweenie,2016-11-18T16:29:39Z,11,1,1
1680,1,0,0,Employees,technoweenie,2016-11-18T16:16:52Z,11,1,1
1679,2,0,0,Employees,technoweenie,2016-11-18T18:34:17Z,14,320,13
1676,1,0,0,Employees,ttaylorr,2016-11-18T00:05:53Z,4,4,1
1675,1,0,0,Employees,ttaylorr,2016-11-17T23:15:29Z,31,0,1
1674,1,0,0,Employees,ttaylorr,2016-11-17T22:46:10Z,34,4,6
1671,3,2,0,Employees,technoweenie,2016-11-17T22:01:58Z,25,22,3
1670,25,5,2,Employees,technoweenie,2016-11-18T20:48:55Z,1793,3328,133
1666,2,0,1,Employees,technoweenie,2016-11-16T17:26:54Z,69,50,2
1659,24,4,0,Employees,technoweenie,2016-11-15T21:13:41Z,88,75,27
1658,3,3,0,Employees,ttaylorr,2016-11-16T18:18:37Z,120,78,6
1657,6,0,0,Employees,technoweenie,2016-11-15T17:59:59Z,347,346,143
1656,1,0,0,Employees,technoweenie,2016-11-15T17:28:56Z,2,4,1
1650,12,3,10,Employees,technoweenie,2016-11-16T23:50:15Z,1593,1007,168
1642,3,0,0,Employees,technoweenie,2016-11-15T21:21:13Z,2091,464,161
1641,5,0,0,Employees,technoweenie,2016-11-15T21:34:26Z,2620,678,167
1638,3,0,0,Employees,technoweenie,2016-11-15T17:02:32Z,1704,91,40
1636,1,0,0,Volunteers,larsxschneider,2016-11-10T13:22:27Z,1,1,1
1634,6,0,7,Employees,technoweenie,2016-11-15T15:55:52Z,1727,117,63
1631,2,1,0,Employees,technoweenie,2016-11-09T00:09:08Z,15,6,3
1629,7,0,0,Employees,technoweenie,2016-11-18T14:36:26Z,3300,2583,200
1627,6,1,2,Volunteers,larsxschneider,2016-11-08T18:10:10Z,29,25,11
1626,1,1,0,Volunteers,larsxschneider,2016-11-08T20:39:18Z,30,5,1
1622,14,1,13,Employees,ttaylorr,2016-11-07T23:24:25Z,351,91,20
1621,25,4,11,Employees,ttaylorr,2016-11-08T00:30:43Z,928,200,39
1620,34,1,6,Employees,ttaylorr,2016-11-08T02:27:41Z,1646,409,69
1619,40,6,15,Employees,ttaylorr,2016-11-08T02:38:31Z,2937,683,89
1618,3,5,1,Employees,ttaylorr,2016-11-03T13:28:50Z,106,4,3
1617,90,12,68,Employees,ttaylorr,2016-11-11T21:08:51Z,7225,1879,233
1616,24,6,21,Volunteers,sinbad,2016-11-08T15:52:08Z,679,272,35
1609,1,0,0,Volunteers,sinbad,2016-10-26T15:25:17Z,56,1,1
1607,1,1,0,Employees,ttaylorr,2016-10-25T16:32:54Z,0,5645,1
1605,1,6,0,Volunteers,chalstrick,2016-10-25T14:48:53Z,5647,15,2
1603,7,1,3,Employees,ttaylorr,2016-10-24T20:36:47Z,75,58,9
1602,1,2,3,Employees,ttaylorr,2016-10-24T21:15:20Z,23,4,6
1600,4,3,0,Employees,ttaylorr,2016-10-21T19:47:27Z,80,7,4
1599,1,3,0,Volunteers,sschuberth,2016-10-20T19:16:50Z,7,7,2
1594,1,1,0,Volunteers,sschuberth,2016-10-18T15:16:54Z,2,0,1
1593,1,4,3,Volunteers,dpursehouse,2016-10-18T07:57:28Z,2,0,1
1591,1,0,2,Employees,ttaylorr,2016-10-17T21:16:37Z,26,4,6
1585,6,1,0,Employees,ttaylorr,2016-10-17T15:18:40Z,154,14,6
1584,4,0,3,Employees,ttaylorr,2016-10-15T16:46:21Z,112,5,5
1583,1,0,0,Employees,ttaylorr,2016-10-14T21:58:18Z,1,1,1
1582,1,0,0,Employees,ttaylorr,2016-10-14T21:58:12Z,2,2,1
1579,1,0,0,Volunteers,sschuberth,2016-10-14T14:15:40Z,2,2,1
1577,1,0,0,Volunteers,sschuberth,2016-10-13T20:33:32Z,18,0,1
1575,2,1,0,Volunteers,sschuberth,2016-10-12T22:17:16Z,1,0,3
1574,2,2,0,Employees,ttaylorr,2016-10-12T16:07:54Z,4,1,2
1571,1,1,0,Employees,ttaylorr,2016-10-10T22:18:11Z,1,1,1
1570,1,0,0,Employees,ttaylorr,2016-10-10T21:28:33Z,7,0,1
1569,1,0,0,Employees,ttaylorr,2016-10-10T22:59:37Z,50,5,7
1568,1,0,0,Employees,ttaylorr,2016-10-10T19:56:44Z,1,17,1
1567,1,6,1,Volunteers,sschuberth,2016-10-10T19:25:42Z,12,3,2
1566,4,5,7,Volunteers,sschuberth,2016-10-10T17:37:40Z,31,18,8
1565,2,4,0,Employees,technoweenie,2016-10-08T00:12:54Z,13,16,3
1564,1,0,0,Employees,ttaylorr,2016-10-10T17:10:09Z,23,4,3
1563,3,3,1,Employees,ttaylorr,2016-10-08T00:11:15Z,238,61,11
1557,1,4,0,Volunteers,sschuberth,2016-10-06T19:35:20Z,2,2,1
1550,3,1,0,Employees,ttaylorr,2016-10-03T14:59:30Z,78,24,3
1545,1,2,6,Employees,ttaylorr,2016-09-29T15:59:18Z,132,17,2
1540,4,0,3,Volunteers,sinbad,2016-09-27T23:15:41Z,70,33,9
1535,2,0,1,Employees,ttaylorr,2016-09-22T19:22:05Z,85,45,2
1528,11,0,8,Employees,ttaylorr,2016-09-20T19:58:39Z,129,80,15
1523,1,1,0,Volunteers,sschuberth,2016-09-13T19:27:12Z,11,1,1
1522,7,8,1,Volunteers,sschuberth,2016-10-04T20:06:17Z,16,53,12
1518,1,1,0,Volunteers,sschuberth,2016-09-12T21:02:52Z,1,5,1
1507,1,5,0,Volunteers,sschuberth,2016-09-06T17:38:10Z,11,6,1
1506,2,11,10,Volunteers,sschuberth,2016-09-06T17:41:32Z,20,55,3
1505,5,3,4,Employees,ttaylorr,2016-09-06T21:37:29Z,79,70,13
1504,1,13,0,Volunteers,sschuberth,2016-09-06T19:16:06Z,2,0,3
1503,1,1,0,Employees,ttaylorr,2016-09-06T19:24:06Z,5,1,1
1499,6,2,0,Employees,technoweenie,2016-09-01T19:04:07Z,216,369,40
1497,1,2,0,Volunteers,sinbad,2016-09-01T16:25:56Z,46,16,3
1495,9,6,0,Employees,technoweenie,2016-09-01T17:25:23Z,307,463,66
1489,2,1,0,Employees,technoweenie,2016-08-26T21:46:28Z,2,0,2
1487,2,0,0,Employees,ttaylorr,2016-08-26T19:36:30Z,22,7,7
1482,4,1,6,Employees,ttaylorr,2016-08-26T18:37:26Z,91,9,4
1478,3,1,5,Employees,ttaylorr,2016-08-23T15:09:15Z,160,75,32
1473,2,6,0,Volunteers,dpursehouse,2016-08-22T16:37:04Z,9,3,3
1471,5,1,0,Employees,ttaylorr,2016-08-19T17:17:56Z,58,26,10
1470,1,1,0,Employees,technoweenie,2016-08-19T16:16:17Z,8,10,1
1469,3,1,0,Employees,ttaylorr,2016-08-19T16:36:19Z,29,12,3
1467,1,1,0,Volunteers,dpursehouse,2016-08-19T14:04:44Z,4,6,2
1466,12,5,2,Employees,technoweenie,2016-08-19T20:13:52Z,781,758,86
1463,6,2,0,Employees,ttaylorr,2016-08-18T17:05:00Z,284,240,25
1462,4,1,2,Employees,technoweenie,2016-08-18T15:30:23Z,39,58,9
1461,4,2,3,Employees,technoweenie,2016-08-18T15:42:15Z,1347,28,26
1460,9,0,0,Employees,technoweenie,2016-08-17T21:48:44Z,399,84,23
1459,2,0,1,Employees,ttaylorr,2016-08-17T22:24:24Z,1288,7,16
1458,7,2,0,Employees,technoweenie,2016-08-18T16:29:32Z,1687,101,38
1455,1,1,0,Volunteers,ralfthewise,2016-08-16T19:23:12Z,3,3,1
1454,3,10,7,Volunteers,larsxschneider,2016-08-24T16:16:02Z,32,10,4
1453,4,1,0,Employees,technoweenie,2016-08-17T17:13:53Z,256,41,20
1452,3,2,2,Employees,technoweenie,2016-08-16T18:01:44Z,274,170,28
1451,5,1,4,Employees,technoweenie,2016-08-16T19:08:55Z,422,174,37
1450,5,3,0,Employees,ttaylorr,2016-08-16T17:33:12Z,207,157,26
1445,1,7,3,Volunteers,dpursehouse,2016-08-17T17:13:54Z,7,2,1
1443,4,1,2,Employees,technoweenie,2016-08-15T16:35:06Z,120,19,9
1441,2,2,0,Employees,ttaylorr,2016-08-16T16:21:48Z,103,2,5
1438,9,6,1,Employees,technoweenie,2016-08-19T16:38:20Z,24,4,9
1436,3,3,0,Employees,ttaylorr,2016-08-16T17:16:38Z,542,434,47
1435,2,2,0,Employees,ttaylorr,2016-08-10T19:54:14Z,0,28,2
1434,6,4,0,Employees,technoweenie,2016-08-11T22:45:22Z,570,549,54
1430,5,3,6,Employees,technoweenie,2016-08-10T18:53:08Z,307,341,22
1429,2,2,0,Employees,ttaylorr,2016-08-09T22:15:28Z,19,20,2
1428,1,2,0,Employees,ttaylorr,2016-08-09T22:13:49Z,2,0,1
1427,7,2,0,Employees,ttaylorr,2016-08-10T19:18:40Z,405,430,34
1426,10,2,0,Employees,ttaylorr,2016-08-09T16:17:34Z,765,582,25
1423,1,4,0,Employees,ttaylorr,2016-08-09T16:17:06Z,34,79,3
1420,10,2,0,Employees,technoweenie,2016-08-09T16:17:13Z,573,646,25
1419,4,4,2,Employees,ttaylorr,2016-08-05T15:19:30Z,242,118,17
1416,5,2,0,Employees,ttaylorr,2016-08-04T16:49:01Z,219,216,12
1415,12,4,7,Employees,ttaylorr,2016-08-04T16:49:14Z,633,506,27
1412,1,1,0,Employees,ttaylorr,2016-08-03T19:56:57Z,49,30,1
1411,6,0,2,Employees,technoweenie,2016-08-02T16:58:18Z,555,301,22
1409,4,0,3,Employees,ttaylorr,2016-08-02T15:57:08Z,80,6,7
1405,1,1,4,Volunteers,dakotahawkins,2016-07-28T20:56:14Z,7,3,1
1404,1,3,0,Volunteers,dakotahawkins,2016-08-01T18:42:42Z,58,40,2
1400,2,2,0,Employees,technoweenie,2016-07-27T22:42:05Z,5,2,2
1399,1,2,0,Volunteers,sinbad,2016-07-27T15:50:02Z,1,1,1
1398,6,2,1,Employees,technoweenie,2016-07-27T19:45:13Z,35,22,7
1397,4,2,0,Volunteers,sinbad,2016-07-27T13:53:30Z,145,43,6
1394,1,1,0,Volunteers,dakotahawkins,2016-07-25T18:27:28Z,1,1,1
1390,10,12,0,Employees,technoweenie,2016-08-01T19:01:07Z,824,589,91
1389,12,12,2,Employees,technoweenie,2016-07-26T15:30:03Z,104,51,16
1388,10,2,8,Employees,ttaylorr,2016-07-26T15:54:55Z,188,56,26
1386,3,0,2,Employees,ttaylorr,2016-07-21T19:27:12Z,74,31,11
1384,1,2,0,Volunteers,andyneff,2016-07-20T21:31:05Z,1,0,1
1379,2,3,8,Volunteers,VladimirKhvostov,2016-07-18T20:04:33Z,131,72,4
1375,10,4,0,Employees,technoweenie,2016-07-17T22:08:51Z,106,84,18
1374,8,4,10,Volunteers,sinbad,2016-07-17T22:16:21Z,125,90,15
1373,3,1,5,Volunteers,sinbad,2016-07-15T10:55:46Z,202,36,11
1372,1,4,0,Volunteers,larsxschneider,2016-07-14T19:50:57Z,1,2,1
1371,6,3,0,Employees,ttaylorr,2016-07-14T19:50:46Z,106,35,10
1369,2,6,3,Employees,ttaylorr,2016-07-13T21:22:42Z,3,3,2
1367,46,11,25,Volunteers,sinbad,2016-07-20T16:03:12Z,2094,572,90
1361,1,5,0,Volunteers,larsxschneider,2016-07-11T19:35:12Z,13,0,1
1360,1,3,0,Volunteers,jasperla,2016-07-11T18:26:18Z,8,0,1
1359,7,4,3,Employees,technoweenie,2016-07-14T19:13:39Z,54,21,8
1358,16,8,2,Employees,technoweenie,2016-07-21T17:34:53Z,2269,385,70
1352,1,4,0,Volunteers,sinbad,2016-07-05T16:33:09Z,3,43,3
1350,13,6,1,Employees,ttaylorr,2016-07-06T14:30:17Z,711,112,27
1349,3,3,0,Employees,ttaylorr,2016-07-05T22:09:18Z,429,66,10
1346,8,5,4,Employees,ttaylorr,2016-07-05T22:34:27Z,557,108,19
1344,7,16,6,Employees,ttaylorr,2016-07-06T15:22:49Z,139,60,13
1335,1,1,0,Employees,ttaylorr,2016-06-29T18:47:55Z,10,8,1
1332,1,1,0,Employees,ttaylorr,2016-06-28T23:03:05Z,3,3,1
1331,1,1,1,Employees,ttaylorr,2016-06-27T16:20:09Z,45,11,5
1324,1,1,0,Volunteers,omonnier,2016-06-23T16:54:07Z,1,1,1
1323,2,6,2,Volunteers,omonnier,2016-06-28T14:36:15Z,33,3,5
1321,3,0,0,Employees,ttaylorr,2016-06-23T19:46:24Z,208,43,4
1312,1,0,0,Employees,ttaylorr,2016-06-21T15:37:26Z,1,1,1
1310,2,1,0,Employees,ttaylorr,2016-06-16T16:26:09Z,11,1,2
1305,3,5,0,Volunteers,GabLeRoux,2016-06-28T17:20:48Z,1080,21,27
1303,6,3,12,Volunteers,sinbad,2016-07-05T16:46:22Z,1574,124,44
1299,3,1,3,Volunteers,sinbad,2016-06-10T08:31:13Z,775,316,20
1298,1,1,0,Volunteers,javabrett,2016-06-28T19:41:55Z,8,18,3
1297,15,0,4,Volunteers,sinbad,2016-06-10T08:15:59Z,640,282,27
1296,4,1,0,Volunteers,sinbad,2016-06-10T07:45:24Z,15,9,5
1292,1,2,3,Volunteers,javabrett,2016-06-28T19:41:49Z,4,0,1
1291,2,4,0,Volunteers,javabrett,2016-06-06T04:53:13Z,6,1,3
1282,1,0,0,Employees,ttaylorr,2016-06-02T17:16:41Z,2,0,1
1281,6,3,0,Employees,ttaylorr,2016-06-02T22:21:31Z,106,16,6
1280,1,2,0,Employees,ttaylorr,2016-06-02T16:02:22Z,0,1,1
1279,11,0,0,Volunteers,sinbad,2016-06-07T09:16:12Z,647,172,43
1278,4,0,0,Employees,ttaylorr,2016-06-02T17:01:52Z,282,102,17
1277,1,3,0,Employees,ttaylorr,2016-06-02T17:16:36Z,8,2,2
1276,1,2,0,Volunteers,sinbad,2016-06-02T15:04:13Z,2,4,2
1274,2,0,0,Volunteers,sinbad,2016-06-02T14:32:13Z,1,1,2
1273,1,1,0,Employees,technoweenie,2016-06-02T14:11:46Z,0,1,1
1271,1,0,0,Employees,ttaylorr,2016-06-02T17:02:17Z,2,0,1
1267,2,1,0,Employees,ttaylorr,2016-05-31T23:28:43Z,8,2,3
1265,37,1,7,Volunteers,sinbad,2016-06-07T08:35:40Z,26287,6841,387
1262,1,6,0,Volunteers,orivej,2016-06-28T19:41:45Z,43,3,3
1260,1,9,0,Volunteers,pdf,2016-06-03T09:10:22Z,127,1,2
1259,2,1,0,Employees,ttaylorr,2016-05-27T22:20:28Z,59,13,6
1258,1,1,0,Employees,ttaylorr,2016-05-27T19:25:43Z,2,2,2
1257,8,8,4,Employees,ttaylorr,2016-06-01T21:02:01Z,278,107,18
1256,28,5,5,Employees,ttaylorr,2016-06-21T15:59:27Z,2782,1582,88
1255,3,1,0,Employees,technoweenie,2016-07-08T19:23:52Z,31658,8969,302
1253,1,0,0,Employees,ttaylorr,2016-05-25T20:16:29Z,44,39,1
1252,1,1,0,Employees,ttaylorr,2016-05-25T19:54:01Z,123,75,7
1250,2,1,0,Employees,ttaylorr,2016-05-25T16:51:53Z,120,294,23
1248,1,3,1,Employees,technoweenie,2016-05-24T23:12:19Z,4,3,2
1243,12,9,0,Employees,ttaylorr,2016-05-24T15:02:58Z,671,4825,348
1236,21,11,9,Employees,ttaylorr,2016-05-24T20:15:48Z,1813,425,63
1234,2,1,0,Employees,technoweenie,2016-05-20T21:50:17Z,6512,0,309
1229,1,3,0,Employees,technoweenie,2016-05-19T01:05:51Z,54,1,2
1228,1,2,0,Employees,technoweenie,2016-05-19T14:24:20Z,15176,0,68
1226,25,3,0,Volunteers,sinbad,2016-05-18T14:33:44Z,3115,2276,203
1223,16,6,24,Employees,ttaylorr,2016-05-17T19:52:29Z,449,64,17
1222,1,6,7,Volunteers,zeldin,2016-07-07T16:43:37Z,102,0,3
1217,1,3,0,Volunteers,sinbad,2016-05-12T16:19:40Z,181,0,3
1215,1,1,0,Volunteers,javabrett,2016-05-11T14:27:22Z,1,1,1
1213,4,1,0,Volunteers,sinbad,2016-05-10T15:26:19Z,162,2,7
1206,1,0,0,Employees,technoweenie,2016-05-06T12:01:33Z,71,4,2
1200,1,5,0,Volunteers,teo-tsirpanis,2016-07-21T16:48:25Z,5,1,1
1198,1,1,0,Volunteers,teo-tsirpanis,2016-05-04T13:59:24Z,1,1,1
1193,1,3,0,Volunteers,javabrett,2016-05-04T12:42:58Z,1,1,1
1186,1,4,0,Volunteers,skymoo,2016-04-28T04:19:10Z,1,1,1
1185,1,1,0,Volunteers,sinbad,2016-04-28T08:13:21Z,13,54,1
1182,1,1,0,Volunteers,sinbad,2016-05-04T13:50:22Z,64,10,5
1179,1,1,0,Employees,technoweenie,2016-05-04T12:46:45Z,9,1,1
1178,5,1,0,Volunteers,sinbad,2016-04-25T14:57:57Z,35,11,7
1177,8,19,0,Volunteers,javabrett,2016-08-17T21:48:47Z,216,58,15
1176,1,4,0,Volunteers,javabrett,2016-07-21T20:40:15Z,20,2,1
1170,1,4,0,Volunteers,graingert,2016-04-22T14:40:55Z,1,0,1
1168,1,1,0,Volunteers,sinbad,2016-04-22T14:16:21Z,1,0,1
1162,1,1,0,Volunteers,larsxschneider,2016-04-20T14:37:49Z,1,1,1
1160,6,7,2,Volunteers,sinbad,2016-04-25T13:57:49Z,257,6,8
1158,2,1,0,Employees,technoweenie,2016-04-22T07:54:05Z,4,1,2
1154,1,1,0,Volunteers,larsxschneider,2016-04-18T13:29:22Z,1,0,1
1149,1,3,0,Volunteers,javabrett,2016-04-18T13:31:49Z,4,0,2
1146,1,1,0,Volunteers,pascalberger,2016-07-08T19:28:08Z,1,1,1
1145,3,0,0,Employees,technoweenie,2016-04-15T19:52:14Z,7,0,3
1144,1,1,0,Employees,technoweenie,2016-04-14T13:30:27Z,95,3,2
1143,1,1,0,Volunteers,strich,2016-04-15T00:09:11Z,13,7,1
1136,7,3,0,Employees,technoweenie,2016-04-12T15:45:23Z,194,87,13
1135,1,2,0,Employees,jonmagic,2016-04-08T18:01:34Z,1,0,1
1134,1,1,0,Volunteers,sinbad,2016-04-11T18:00:53Z,2,3,1
1130,1,1,0,Volunteers,javabrett,2016-04-14T16:59:34Z,41,1,2
1128,7,4,11,Employees,technoweenie,2016-04-08T16:19:12Z,395,319,16
1127,6,2,0,Employees,technoweenie,2016-04-12T15:45:31Z,22,26,6
1122,1,3,0,Volunteers,rjbell4,2016-04-06T14:23:41Z,16,1,2
1118,10,2,3,Volunteers,sinbad,2016-04-05T13:21:11Z,429,88,14
1115,1,1,0,Volunteers,javabrett,2016-03-30T14:17:55Z,1,0,1
1107,1,2,0,Volunteers,sinbad,2016-03-23T10:06:11Z,17,4,3
1105,1,13,0,Volunteers,sschuberth,2016-04-07T23:53:48Z,6,6,1
1104,3,2,1,Volunteers,sinbad,2016-04-05T08:24:06Z,148,1,4
1102,1,1,0,Volunteers,javabrett,2016-03-30T14:34:13Z,4,1,1
1096,1,1,0,Volunteers,epriestley,2016-03-22T14:54:33Z,26,0,2
1094,1,2,0,Volunteers,anatolyborodin,2016-03-22T15:36:26Z,1,1,1
1093,1,4,0,Volunteers,anatolyborodin,2016-03-22T15:38:46Z,2,1,1
1091,2,2,1,Volunteers,sinbad,2016-03-23T09:41:04Z,62,9,4
1087,1,2,0,Volunteers,epriestley,2016-03-18T12:56:37Z,7,6,1
1084,1,1,0,Volunteers,epriestley,2016-03-18T00:20:43Z,1,1,1
1083,2,3,0,Volunteers,epriestley,2016-03-18T00:20:08Z,65,26,6
1082,1,5,0,Volunteers,epriestley,2016-03-17T23:43:04Z,4,1,1
1081,1,1,0,Volunteers,sinbad,2016-03-18T08:54:27Z,59,2,3
1080,1,1,0,Volunteers,sinbad,2016-03-17T16:01:31Z,4,4,4
1078,1,1,0,Volunteers,epriestley,2016-03-15T22:11:38Z,1,1,1
1076,2,9,0,Volunteers,javabrett,2016-04-14T23:25:29Z,4,1,2
1071,16,5,8,Employees,technoweenie,2016-04-06T15:54:06Z,1792,555,87
1070,8,0,0,Volunteers,sinbad,2016-03-16T12:43:51Z,143,27,11
1067,19,5,10,Volunteers,sinbad,2016-03-17T14:56:31Z,841,238,53
1054,1,0,0,Employees,technoweenie,2016-03-03T17:08:20Z,62,0,2
1051,9,2,3,Volunteers,sinbad,2016-03-01T16:09:31Z,263,73,10
1048,2,2,0,Employees,technoweenie,2016-02-25T20:34:44Z,11,0,2
1045,1,1,0,Volunteers,andyneff,2016-02-25T17:28:50Z,1,0,1
1042,1,0,0,Employees,technoweenie,2016-02-24T21:56:44Z,5,1,1
1039,1,0,0,Employees,technoweenie,2016-02-24T20:31:21Z,7,5,2
1030,2,0,0,Employees,technoweenie,2016-02-23T21:11:14Z,36,11,9
1028,1,0,0,Employees,technoweenie,2016-02-23T20:11:15Z,49,15,7
1026,1,2,0,Employees,technoweenie,2016-03-31T18:49:33Z,0,176,2
1025,2,1,0,Employees,technoweenie,2016-02-23T17:20:41Z,26,9,8
1023,4,0,2,Employees,technoweenie,2016-02-23T17:51:22Z,75,24,15
1017,1,1,0,Employees,technoweenie,2016-02-22T16:10:48Z,11,3,1
1016,7,3,0,Employees,technoweenie,2016-02-22T18:04:43Z,133,46,9
1012,3,5,0,Employees,technoweenie,2016-02-18T17:52:30Z,14,6,3
1007,6,10,9,Volunteers,jlehtnie,2016-04-08T16:36:46Z,239,41,16
1006,2,0,0,Employees,technoweenie,2016-02-22T18:25:10Z,160,48,6
990,3,3,0,Volunteers,larsxschneider,2016-02-11T17:13:35Z,46,16,3
989,1,0,0,Employees,technoweenie,2016-02-10T16:07:32Z,7,5,3
988,15,16,9,Volunteers,sinbad,2016-02-22T18:29:53Z,377,67,18
981,2,0,0,Employees,technoweenie,2016-02-05T22:47:13Z,20,9,2
980,2,1,0,Volunteers,larsxschneider,2016-02-05T23:26:38Z,7,1,2
977,3,1,0,Employees,technoweenie,2016-02-04T18:22:13Z,39,3,4
976,1,2,0,Volunteers,andyneff,2016-02-04T16:04:57Z,3,0,1
975,1,1,0,Employees,technoweenie,2016-02-04T15:47:55Z,22,56,2
974,2,4,0,Employees,technoweenie,2016-02-04T15:44:18Z,41,0,5
972,1,1,0,Employees,technoweenie,2016-02-04T15:40:36Z,24,25,1
971,2,0,0,Employees,technoweenie,2016-02-04T15:43:25Z,42,7,6
966,3,5,1,Volunteers,nathanhi,2016-02-02T17:15:32Z,28,12,3
965,4,0,0,Employees,technoweenie,2016-02-01T17:03:56Z,19,9,6
964,3,0,0,Employees,technoweenie,2016-02-02T17:53:55Z,83,15,6
963,3,5,0,Employees,technoweenie,2016-02-02T16:01:28Z,119,92,6
952,2,10,0,Volunteers,bozaro,2016-02-04T20:10:07Z,53,1,4
949,2,1,4,Volunteers,sinbad,2016-01-29T16:57:04Z,201,106,8
933,1,3,0,Volunteers,larsxschneider,2016-01-14T18:14:51Z,3,0,1
909,1,1,0,Volunteers,sinbad,2015-12-24T23:02:29Z,2,0,1
907,1,1,0,Volunteers,wpsmith,2015-12-24T23:00:50Z,1,1,1
900,1,4,0,Volunteers,ro31337,2016-01-05T21:02:22Z,1,0,1
891,4,1,0,Volunteers,andyneff,2016-01-19T21:42:46Z,94,1617,36
883,2,2,0,Employees,technoweenie,2015-12-21T00:49:06Z,7,3,2
882,2,2,0,Employees,technoweenie,2015-12-04T15:22:15Z,109,93,4
879,1,2,0,Volunteers,ssgelm,2015-12-02T19:57:31Z,2,2,1
877,2,3,0,Volunteers,pabloguerrero,2015-12-01T23:32:11Z,2,2,2
875,10,8,3,Volunteers,strich,2016-02-02T22:58:52Z,137,81,12
868,17,5,0,Volunteers,sinbad,2016-02-02T20:42:14Z,743,76,23
863,1,1,0,Volunteers,sinbad,2015-11-25T15:27:57Z,50,50,7
862,10,7,8,Employees,technoweenie,2016-02-23T20:10:47Z,2677,2449,140
861,1,1,0,Employees,technoweenie,2015-12-04T15:22:35Z,10,7,1
860,2,1,0,Employees,technoweenie,2016-01-29T16:37:36Z,9,17,2
851,2,7,0,Volunteers,noamt,2015-11-25T14:48:00Z,5,9,2
843,1,2,0,Employees,technoweenie,2015-11-19T00:08:24Z,46,17,1
842,10,0,0,Employees,technoweenie,2015-11-18T18:24:44Z,192,102,17
838,4,0,0,Employees,technoweenie,2015-11-18T00:25:30Z,245,136,26
837,7,0,2,Employees,technoweenie,2015-11-18T00:24:52Z,189,37,12
831,1,6,0,Volunteers,AndrewJDR,2015-11-16T22:56:27Z,12,9,2
828,1,2,0,Volunteers,jiangxin,2015-11-16T19:17:22Z,2,2,1
821,2,1,3,Employees,technoweenie,2015-11-16T18:48:04Z,215,26,4
820,55,2,0,Employees,technoweenie,2015-11-16T18:50:34Z,20724,1802,334
818,1,2,0,Volunteers,sinbad,2015-11-16T20:49:06Z,24,2,2
812,1,5,0,Volunteers,laurent-barbisan-ullink,2015-11-03T16:17:48Z,2,1,1
807,5,1,0,Volunteers,andyneff,2015-11-17T21:31:22Z,32,29,7
806,1,0,0,Employees,cjs,2015-11-02T18:05:54Z,1,1,1
801,1,0,0,Employees,technoweenie,2015-10-28T16:18:54Z,67,16,4
795,1,1,0,Employees,technoweenie,2015-10-28T16:14:03Z,13,10,3
793,6,0,0,Employees,technoweenie,2015-10-27T18:24:56Z,71,38,6
792,1,0,0,Volunteers,sinbad,2015-10-27T12:49:27Z,1,1,1
790,5,1,0,Employees,technoweenie,2015-10-26T23:25:53Z,169,45,12
788,1,2,0,Employees,technoweenie,2015-10-26T19:58:22Z,16,1,1
784,1,6,0,Volunteers,andyneff,2015-11-17T22:02:30Z,56,0,1
783,1,0,0,Volunteers,andyneff,2015-10-26T23:13:36Z,4,4,1
776,1,0,0,Employees,technoweenie,2015-10-23T16:35:47Z,5,5,1
775,1,0,0,Employees,technoweenie,2015-10-23T16:12:57Z,1,1,1
772,5,0,0,Employees,technoweenie,2015-10-27T12:51:58Z,839,688,45
771,25,10,0,Volunteers,sinbad,2015-10-26T14:25:36Z,447,274,33
770,1,1,0,Volunteers,sinbad,2015-10-22T14:12:49Z,50,2,2
765,1,1,0,Volunteers,sinbad,2015-10-21T15:44:41Z,7,1,2
763,17,12,13,Employees,technoweenie,2015-10-23T02:23:58Z,544,737,47
761,2,2,0,Employees,technoweenie,2015-10-21T18:07:07Z,31,2,3
760,1,4,4,Employees,technoweenie,2015-10-21T19:07:23Z,118,24,3
756,2,0,0,Employees,technoweenie,2015-10-20T15:29:50Z,54,13,7
750,3,6,0,Volunteers,glensc,2015-11-18T18:30:22Z,3,3,3
749,2,7,4,Volunteers,glensc,2015-11-18T00:27:58Z,2,2,2
742,60,3,5,Volunteers,sinbad,2015-11-16T19:27:47Z,5888,1320,164
735,1,1,0,Volunteers,sinbad,2015-10-19T19:49:10Z,2,1,1
734,3,0,0,Volunteers,sinbad,2015-10-20T15:22:41Z,114,27,6
732,3,5,0,Employees,rubyist,2015-10-19T19:55:14Z,4,3,3
718,1,3,3,Volunteers,bozaro,2015-10-19T19:45:35Z,14,3,1
715,10,5,1,Employees,rubyist,2016-03-03T18:03:49Z,17506,3648,322
714,35,8,25,Volunteers,WillHipschman,2015-11-16T18:50:35Z,11425,1605,235
713,7,1,6,Volunteers,sinbad,2015-10-20T15:21:32Z,216,35,16
711,2,4,0,Employees,rubyist,2015-10-21T16:26:25Z,28,0,2
710,2,2,0,Employees,rubyist,2015-10-19T19:20:11Z,4,3,3
704,1,1,0,Volunteers,revi,2015-10-05T16:18:58Z,1,1,1
702,1,1,0,Volunteers,sinbad,2015-10-05T16:52:27Z,5,5,1
692,1,1,0,Volunteers,sinbad,2015-10-19T20:12:38Z,64,42,3
691,1,0,0,Volunteers,sinbad,2015-10-19T19:32:08Z,2,2,1
690,3,7,0,Volunteers,WillHipschman,2015-10-19T19:09:14Z,7,5,3
689,3,1,0,Volunteers,kaleworsley,2015-10-01T20:44:31Z,3,3,3
686,10,0,0,Employees,technoweenie,2015-10-01T01:36:06Z,144,94,18
685,1,1,0,Volunteers,sinbad,2015-09-30T23:13:34Z,6,2,1
684,2,1,0,Employees,technoweenie,2015-09-29T19:28:26Z,57,7,7
682,2,0,1,Employees,technoweenie,2015-09-28T22:48:19Z,35,9,3
681,4,1,0,Employees,technoweenie,2015-09-30T16:47:00Z,100,34,7
679,8,4,0,Employees,technoweenie,2015-09-25T16:45:03Z,241,58,24
677,1,1,0,Employees,rubyist,2015-09-22T17:00:44Z,1,1,1
676,10,5,0,Employees,technoweenie,2015-09-21T21:02:24Z,452,82,28
675,1,0,0,Employees,rubyist,2015-09-21T20:58:37Z,4,2,1
671,4,2,0,Employees,technoweenie,2015-09-23T16:57:42Z,22,16,8
670,6,3,2,Employees,technoweenie,2015-09-23T17:00:07Z,63,89,27
669,1,0,0,Employees,technoweenie,2015-09-17T21:06:30Z,26,4,3
668,2,2,1,Volunteers,Aorjoa,2015-09-17T20:52:33Z,32,0,4
666,1,15,0,Volunteers,sinbad,2016-05-16T20:11:31Z,110,0,1
665,6,7,5,Volunteers,sinbad,2015-09-17T21:37:37Z,183,14,9
659,1,1,0,Employees,technoweenie,2015-09-23T17:18:02Z,50,0,1
658,1,3,0,Employees,technoweenie,2015-09-14T15:23:39Z,0,2,1
657,2,1,0,Volunteers,andyneff,2015-09-11T17:45:39Z,1,2,2
656,1,1,0,Volunteers,sinbad,2015-09-11T15:43:24Z,4,3,1
654,1,1,0,Volunteers,andyneff,2015-09-11T17:05:38Z,66,17,9
652,2,0,0,Employees,technoweenie,2015-09-11T03:04:34Z,50,31,3
651,8,2,5,Employees,technoweenie,2015-09-10T17:15:45Z,297,233,13
650,1,1,0,Employees,technoweenie,2015-09-10T17:11:22Z,3,7,1
647,2,0,0,Volunteers,sinbad,2015-09-09T15:23:42Z,11,8,3
646,12,10,4,Employees,technoweenie,2015-09-10T13:28:28Z,480,162,20
644,9,3,1,Employees,technoweenie,2015-09-08T21:04:54Z,211,70,45
642,5,7,14,Employees,technoweenie,2015-09-10T13:30:05Z,79,11,7
638,1,2,3,Employees,technoweenie,2015-09-04T17:19:54Z,2,1,1
637,1,2,0,Employees,rubyist,2015-09-04T15:34:01Z,5,0,1
636,1,1,0,Employees,rubyist,2015-09-04T14:57:34Z,5,0,1
635,4,5,0,Volunteers,sinbad,2015-09-07T15:05:50Z,180,108,4
634,3,1,0,Employees,rubyist,2015-09-08T14:32:17Z,522,59,19
633,8,5,4,Volunteers,sinbad,2015-09-07T15:05:34Z,261,25,10
631,1,2,0,Volunteers,sinbad,2015-09-03T18:16:03Z,2,2,1
630,1,1,0,Employees,technoweenie,2015-09-02T20:49:43Z,4,0,1
629,5,5,0,Employees,technoweenie,2015-09-07T19:08:02Z,125,28,10
628,2,4,0,Employees,technoweenie,2015-09-03T13:12:59Z,30,25,3
627,2,4,0,Volunteers,sinbad,2015-09-02T16:05:18Z,6,21,3
626,2,7,0,Volunteers,sinbad,2015-09-02T20:20:52Z,26,2,2
624,11,4,8,Employees,technoweenie,2015-09-02T16:53:52Z,714,610,28
620,1,5,0,Volunteers,rtyley,2015-09-08T15:41:15Z,2,1,1
619,5,8,6,Employees,ttaylorr,2015-09-02T20:45:35Z,403,280,17
618,2,2,0,Employees,technoweenie,2015-08-31T23:25:35Z,237,160,7
615,3,3,2,Employees,ttaylorr,2015-09-02T14:07:07Z,122,116,5
613,3,3,5,Employees,ttaylorr,2015-08-27T21:41:34Z,65,27,3
611,17,6,10,Employees,technoweenie,2015-09-01T22:03:12Z,2700,1106,74
610,67,2,5,Volunteers,sinbad,2015-09-01T14:43:39Z,2414,604,119
608,2,3,0,Volunteers,sinbad,2015-08-26T22:21:16Z,47,24,5
607,2,2,9,Volunteers,sinbad,2015-08-26T16:30:17Z,723,3,8
605,1,1,0,Volunteers,nbrew,2015-08-25T15:02:45Z,4,4,1
603,8,1,0,Volunteers,andyneff,2015-08-26T22:20:39Z,227,204,12
600,18,6,2,Employees,rubyist,2015-09-01T17:59:34Z,3069,850,91
599,3,3,6,Employees,technoweenie,2015-09-02T16:36:38Z,186,144,4
595,18,7,21,Employees,rubyist,2015-09-10T11:02:20Z,4960,1741,152
594,5,4,0,Employees,rubyist,2015-08-24T14:40:43Z,79,5,8
589,1,0,0,Employees,technoweenie,2015-08-17T15:23:52Z,3,1,1
587,2,2,0,Employees,technoweenie,2015-08-17T15:19:08Z,4256,2681,75
585,5,2,0,Employees,technoweenie,2015-08-14T16:00:34Z,79,26,12
583,5,2,0,Volunteers,sinbad,2015-08-17T19:59:54Z,320,57,20
581,8,9,2,Volunteers,sinbad,2015-08-14T14:52:42Z,344,163,15
579,1,2,0,Employees,technoweenie,2015-08-11T20:30:46Z,10,2,3
578,1,6,3,Volunteers,billygor,2015-08-17T20:01:21Z,30,10,3
577,1,1,0,Volunteers,sinbad,2015-08-11T16:51:49Z,1,1,1
573,5,5,2,Volunteers,sinbad,2015-08-17T19:59:24Z,281,53,15
572,1,1,0,Volunteers,billygor,2015-08-10T21:54:19Z,3,0,1
570,2,4,0,Employees,rubyist,2015-08-14T13:25:51Z,26,14,2
569,1,1,0,Volunteers,sinbad,2015-08-07T15:29:12Z,6,0,1
566,1,5,0,Volunteers,sinbad,2015-08-07T14:56:01Z,45,11,5
565,1,1,0,Volunteers,sinbad,2015-08-06T14:40:08Z,32,6,2
563,2,3,0,Employees,hoolio,2015-08-05T13:18:02Z,2,0,2
562,7,0,0,Employees,technoweenie,2015-08-04T19:19:47Z,167,25,10
561,12,0,0,Employees,technoweenie,2015-08-04T19:20:39Z,447,49,22
560,1,1,0,Employees,technoweenie,2015-08-04T21:24:01Z,4,7,1
559,5,19,5,Volunteers,sinbad,2015-08-07T14:53:54Z,416,27,8
555,21,2,8,Volunteers,andyneff,2015-08-06T14:41:03Z,901,618,114
554,3,6,0,Volunteers,clareliguori,2015-08-04T19:20:40Z,27,4,4
553,5,3,0,Employees,rubyist,2015-08-07T16:00:07Z,67,42,11
552,1,1,0,Employees,technoweenie,2015-08-03T15:26:28Z,33,7,2
551,2,4,2,Volunteers,sinbad,2015-08-04T20:09:14Z,19,2,2
550,1,0,0,Employees,technoweenie,2015-07-31T15:17:36Z,1,4,1
549,2,1,0,Employees,rubyist,2015-07-31T15:02:09Z,1,4,2
547,1,1,0,Employees,rubyist,2015-07-31T15:12:44Z,12,4,2
546,7,1,5,Volunteers,sinbad,2015-07-31T15:58:26Z,255,97,15
544,4,1,0,Employees,rubyist,2015-07-30T14:54:09Z,33,46,15
543,3,0,6,Volunteers,sinbad,2015-07-30T15:08:28Z,38,9,4
542,1,1,0,Volunteers,sinbad,2015-07-30T12:46:42Z,18,11,3
541,1,1,0,Volunteers,sinbad,2015-07-30T12:30:30Z,50,67,1
540,7,4,0,Employees,technoweenie,2015-07-30T14:43:56Z,89,105,49
539,7,1,2,Employees,technoweenie,2015-07-29T21:11:27Z,86,48,14
538,1,1,0,Volunteers,sinbad,2015-07-29T16:32:09Z,1,1,1
537,2,1,0,Employees,technoweenie,2015-07-29T16:41:36Z,17,7,2
536,4,1,0,Employees,technoweenie,2015-07-29T16:40:16Z,35,24,6
534,2,4,1,Employees,technoweenie,2015-07-29T14:02:00Z,12,18,2
532,2,0,0,Employees,technoweenie,2015-07-29T16:42:06Z,16,3,2
530,1,1,0,Employees,technoweenie,2015-07-29T16:39:34Z,11,6,3
527,31,14,24,Volunteers,sinbad,2015-07-30T01:19:49Z,2881,590,103
526,2,1,0,Volunteers,andyneff,2015-07-27T16:07:38Z,28,15,4
522,1,1,0,Volunteers,ssgelm,2015-07-24T21:37:19Z,2,2,1
521,1,2,0,Volunteers,ssgelm,2015-07-24T21:34:37Z,6,0,1
520,3,3,3,Volunteers,sinbad,2015-07-24T16:28:35Z,36,11,3
519,1,4,0,Volunteers,seiyanuta,2015-07-24T15:59:44Z,3,1,1
518,2,7,0,Volunteers,sinbad,2015-07-27T20:31:59Z,12,2,2
511,27,2,2,Volunteers,andyneff,2015-07-28T19:59:44Z,1625,665,179
510,1,1,0,Volunteers,andyneff,2015-07-23T16:43:28Z,2,2,1
509,1,1,0,Employees,technoweenie,2015-07-23T16:42:42Z,6,1,1
508,1,0,0,Employees,technoweenie,2015-07-23T20:37:57Z,16,2,3
507,2,0,0,Employees,technoweenie,2015-07-22T21:03:23Z,970,51,8
506,1,0,0,Employees,technoweenie,2015-07-22T20:51:45Z,11,11,4
505,2,0,0,Employees,technoweenie,2015-07-22T20:49:11Z,13,10,3
504,1,0,0,Employees,technoweenie,2015-07-22T20:45:39Z,33,2,4
503,1,0,0,Employees,technoweenie,2015-07-22T20:44:08Z,128,87,9
502,1,0,0,Employees,technoweenie,2015-07-22T20:42:05Z,92,19,10
501,1,0,0,Employees,technoweenie,2015-07-22T20:39:21Z,115,33,4
499,1,0,0,Employees,technoweenie,2015-07-22T20:25:41Z,167,3,4
498,1,0,0,Employees,technoweenie,2015-07-22T20:23:54Z,130,30,6
497,1,0,0,Employees,technoweenie,2015-07-22T20:20:42Z,18,2,2
496,3,0,0,Employees,technoweenie,2015-07-22T20:15:23Z,313,20,11
495,1,0,0,Employees,technoweenie,2015-07-22T19:34:51Z,89,1,3
494,2,0,0,Employees,technoweenie,2015-07-22T19:31:46Z,333,78,7
493,1,0,0,Employees,technoweenie,2015-07-22T19:26:54Z,9,5,2
492,2,0,0,Employees,technoweenie,2015-07-22T19:24:11Z,158,108,5
491,3,1,0,Employees,technoweenie,2015-07-23T17:50:28Z,13,6,3
489,3,2,0,Employees,technoweenie,2015-07-22T19:19:50Z,66,6,3
488,1,0,0,Employees,technoweenie,2015-07-22T19:18:01Z,9,9,2
486,5,4,21,Volunteers,ryansimmen,2015-08-04T14:45:39Z,938,152,28
485,4,5,0,Employees,rubyist,2015-07-21T19:45:26Z,26,3,4
484,1,1,0,Volunteers,michael-k,2015-07-21T15:33:41Z,0,0,1
483,3,1,0,Employees,technoweenie,2015-07-21T19:43:31Z,68,60,3
480,8,1,0,Volunteers,andyneff,2015-07-16T15:50:19Z,981,64,15
476,25,5,1,Employees,rubyist,2015-07-29T15:08:27Z,3693,738,129
475,1,4,0,Employees,technoweenie,2015-07-10T14:09:03Z,11,11,4
472,1,1,0,Employees,rubyist,2015-07-09T13:50:21Z,4,1,1
471,2,7,0,Employees,bkeepers,2015-07-09T16:41:04Z,4,1,2
469,1,1,0,Volunteers,ssgelm,2015-07-09T16:56:16Z,33,2,4
468,3,0,3,Employees,rubyist,2015-07-09T13:48:02Z,17,15,3
467,1,1,0,Employees,MikeMcQuaid,2015-07-07T14:53:03Z,1,1,1
465,13,2,3,Employees,technoweenie,2015-07-20T17:06:05Z,303,53,19
464,1,1,0,Employees,technoweenie,2015-07-07T14:29:48Z,62,61,2
463,4,0,0,Employees,technoweenie,2015-07-06T21:06:37Z,142,101,11
461,10,3,0,Employees,technoweenie,2015-07-06T21:10:28Z,472,176,33
458,4,8,0,Employees,MikeMcQuaid,2015-07-07T14:30:10Z,14,2,5
452,2,0,0,Employees,rubyist,2015-06-29T19:37:09Z,18,2,2
451,2,0,0,Employees,rubyist,2015-06-29T19:39:52Z,22,3,3
450,1,0,0,Employees,rubyist,2015-06-29T15:54:18Z,4,4,1
449,13,6,18,Volunteers,larsxschneider,2015-07-06T16:54:23Z,155,73,21
447,8,1,1,Employees,technoweenie,2015-07-06T17:00:01Z,700,105,29
446,1,1,0,Employees,technoweenie,2015-06-29T16:03:32Z,46,6,3
444,3,3,5,Volunteers,sanoursa,2015-07-20T16:40:44Z,373,192,4
442,2,3,1,Volunteers,sinbad,2015-06-29T16:07:04Z,90,2,4
441,1,1,0,Volunteers,devcurmudgeon,2015-06-27T23:30:50Z,1,1,1
437,7,22,0,Employees,technoweenie,2015-07-28T15:38:44Z,3031,311,82
429,2,1,0,Employees,rubyist,2015-06-23T20:42:55Z,95,8,3
428,4,2,8,Volunteers,andyneff,2015-06-24T18:53:09Z,142,92,10
424,2,2,0,Employees,technoweenie,2015-06-19T20:49:18Z,37,8,3
423,6,0,2,Employees,rubyist,2015-06-19T19:40:18Z,635,322,17
422,1,1,0,Employees,rubyist,2015-06-19T18:47:19Z,7,0,1
421,3,1,0,Employees,technoweenie,2015-06-29T16:12:15Z,9,5,3
420,2,0,0,Employees,technoweenie,2015-06-19T21:27:38Z,23,20,2
415,14,2,2,Employees,rubyist,2015-06-29T16:13:11Z,900,370,37
413,6,1,0,Employees,technoweenie,2015-06-19T16:08:55Z,687,491,10
412,3,0,0,Employees,technoweenie,2015-06-19T15:45:05Z,40,55,5
408,2,0,0,Employees,technoweenie,2015-06-19T15:38:05Z,121,79,5
406,2,2,0,Employees,technoweenie,2015-06-18T13:27:52Z,49,26,2
405,1,1,0,Employees,technoweenie,2015-06-17T16:27:57Z,0,173,78
404,2,13,11,Volunteers,sinbad,2015-07-06T21:26:48Z,271,17,6
403,1,9,1,Volunteers,sinbad,2015-06-17T20:34:51Z,27,18,1
402,1,2,0,Volunteers,sinbad,2015-06-17T16:22:58Z,1,1,1
401,1,0,0,Volunteers,michael-k,2015-06-17T16:24:55Z,20,4,3
400,1,0,0,Employees,rubyist,2015-06-16T22:38:53Z,3,3,1
399,6,1,1,Employees,technoweenie,2015-06-16T22:27:13Z,107,95,12
398,6,1,2,Volunteers,michael-k,2015-06-16T14:51:26Z,87,25,6
396,1,3,0,Volunteers,michael-k,2015-06-15T22:13:24Z,11,2,1
393,1,2,0,Volunteers,sinbad,2015-06-17T21:28:32Z,3,0,1
392,2,5,0,Volunteers,michael-k,2015-06-15T16:52:09Z,19,25,3
391,1,4,0,Volunteers,bozaro,2015-06-15T20:10:25Z,4,0,1
387,5,0,0,Volunteers,michael-k,2015-06-16T22:27:15Z,57,51,8
386,1,4,0,Volunteers,ryansimmen,2015-07-01T20:09:57Z,167,3,4
384,1,1,0,Volunteers,michael-k,2015-06-15T20:04:44Z,2,2,1
383,1,2,0,Volunteers,ssgelm,2015-06-17T21:30:09Z,7,3,2
382,1,1,0,Volunteers,bozaro,2015-06-17T17:01:08Z,1,8,1
381,1,8,1,Volunteers,bozaro,2015-06-17T16:59:18Z,30,1,3
377,1,1,0,Volunteers,bozaro,2015-06-10T15:26:29Z,1,1,1
374,1,0,0,Volunteers,michael-k,2015-06-08T15:49:49Z,37,31,1
373,12,9,0,Volunteers,michael-k,2015-06-18T13:19:52Z,484,237,18
372,1,1,0,Volunteers,michael-k,2015-06-08T15:48:26Z,33,22,3
370,3,4,0,Volunteers,michael-k,2015-06-17T16:56:42Z,133,2,3
366,11,3,4,Employees,rubyist,2015-06-16T14:43:08Z,626,300,33
365,3,3,1,Volunteers,thpang67,2015-06-17T21:35:36Z,46,24,3
364,1,1,0,Volunteers,michael-k,2015-06-02T21:15:21Z,5,5,1
361,4,1,0,Volunteers,michael-k,2015-06-03T15:52:35Z,58,14,5
358,5,1,7,Employees,rubyist,2015-06-15T20:15:16Z,152,24,9
356,13,1,0,Volunteers,michael-k,2015-06-01T14:54:12Z,168,41,13
354,6,1,0,Volunteers,michael-k,2015-06-01T14:53:11Z,75,25,8
352,2,1,0,Volunteers,michael-k,2015-05-29T23:44:12Z,22,13,3
351,3,0,3,Volunteers,michael-k,2015-05-29T23:49:10Z,27,16,3
349,1,1,0,Employees,rubyist,2015-05-29T16:15:41Z,39,39,3
348,1,0,0,Employees,rubyist,2015-05-29T15:24:34Z,15,13,1
346,2,1,0,Employees,technoweenie,2015-05-29T16:41:24Z,20,3,3
342,3,0,0,Employees,technoweenie,2015-05-27T20:04:45Z,4,16,3
340,1,2,0,Employees,rubyist,2015-05-28T15:55:48Z,2,0,1
339,3,1,0,Employees,rubyist,2015-05-28T15:56:07Z,943,1552,30
336,14,4,0,Employees,technoweenie,2015-05-27T19:57:22Z,970,1577,38
335,2,0,0,Employees,technoweenie,2015-05-26T15:56:36Z,15,19,4
332,4,5,0,Volunteers,andyneff,2015-06-17T21:26:56Z,531,16,16
331,15,7,0,Employees,technoweenie,2015-05-28T20:42:22Z,5244,2004,272
329,1,3,0,Volunteers,joerg,2015-05-25T14:05:40Z,1,1,1
327,2,0,0,Employees,technoweenie,2015-05-22T22:19:06Z,31,10,4
323,6,0,2,Employees,technoweenie,2015-05-22T21:54:39Z,115,114,11
321,3,0,0,Employees,technoweenie,2015-05-21T21:26:03Z,15,4,6
319,4,0,0,Employees,technoweenie,2015-05-21T17:55:14Z,67,7,5
315,1,2,0,Volunteers,sinbad,2015-05-19T14:16:27Z,1,1,1
313,10,9,0,Volunteers,andyneff,2015-06-17T21:26:37Z,154,75,13
312,1,3,0,Volunteers,michael-k,2015-05-21T17:55:16Z,10,1,1
311,1,1,0,Volunteers,michael-k,2015-05-16T13:28:00Z,8,4,1
309,2,9,0,Volunteers,ssgelm,2015-05-21T20:14:09Z,73,0,9
306,30,12,5,Employees,technoweenie,2015-05-21T17:15:34Z,1156,318,64
305,7,1,0,Volunteers,michael-k,2015-05-15T14:47:31Z,71,68,7
303,3,1,0,Employees,technoweenie,2015-05-14T14:41:20Z,82,47,33
300,14,8,1,Volunteers,michael-k,2015-05-13T19:25:02Z,110,104,19
299,5,1,1,Volunteers,jsh,2015-05-13T16:48:49Z,144,98,7
285,38,12,7,Employees,rubyist,2015-05-28T16:50:32Z,4145,2752,156
283,1,2,0,Volunteers,catphish,2015-05-05T15:31:38Z,1,1,1
277,2,1,0,Volunteers,ddanier,2015-05-22T22:22:11Z,4,4,2
274,3,2,0,Employees,technoweenie,2015-04-30T16:03:11Z,46,0,3
271,2,2,0,Employees,technoweenie,2015-04-29T15:32:48Z,290,31,5
267,1,0,0,Employees,technoweenie,2015-04-28T23:37:00Z,12,1,1
265,1,1,0,Employees,technoweenie,2015-04-28T19:04:38Z,5,7,2
264,1,1,0,Employees,technoweenie,2015-04-24T21:32:27Z,14,1,6
263,10,1,0,Employees,technoweenie,2015-04-28T22:02:09Z,1179,292,42
258,21,11,6,Employees,rubyist,2015-04-30T15:53:19Z,2199,713,98
257,1,1,0,Employees,technoweenie,2015-04-22T21:57:05Z,8,0,1
252,1,3,0,Employees,bkeepers,2015-04-22T19:46:37Z,2,0,1
247,3,1,0,Employees,technoweenie,2015-04-24T17:58:35Z,130,100,18
246,16,3,9,Employees,technoweenie,2015-04-24T17:58:00Z,665,222,38
245,2,0,0,Employees,technoweenie,2015-04-20T16:45:45Z,9,1,2
244,1,0,0,Employees,technoweenie,2015-04-20T16:33:51Z,5,5,1
241,1,0,0,Employees,rubyist,2015-04-17T13:30:13Z,1,0,1
240,1,1,0,Employees,rubyist,2015-04-17T13:13:45Z,2,2,1
237,1,1,0,Employees,technoweenie,2015-04-16T16:08:42Z,11,11,3
235,1,1,0,Employees,mhagger,2015-04-15T12:35:50Z,1,1,1
232,2,2,0,Employees,technoweenie,2015-04-16T15:34:54Z,43,4,2
228,13,4,0,Employees,mhagger,2015-04-20T17:42:22Z,97,85,34
225,5,1,0,Volunteers,thekafkaf,2015-04-15T12:47:30Z,9,4,5
223,1,2,0,Volunteers,PeterDaveHello,2015-04-10T23:47:00Z,1,1,1
221,1,0,0,Employees,rubyist,2015-04-10T23:35:51Z,7,8,2
218,2,1,0,Volunteers,thekafkaf,2015-04-10T19:33:47Z,2,2,2
215,1,3,0,Volunteers,Mistobaan,2015-04-28T23:34:08Z,10,1,1
213,2,3,0,Employees,rubyist,2015-04-14T23:54:35Z,25,1,2
212,2,7,0,Volunteers,rtyley,2015-04-15T12:40:32Z,10,5,2
205,1,3,0,Volunteers,PeterDaveHello,2015-04-10T15:48:51Z,1,1,1
194,3,2,0,Volunteers,mattn,2015-04-09T15:52:26Z,2,2,3
192,1,3,1,Volunteers,pborreli,2015-04-08T23:59:39Z,2,2,2
191,1,1,0,Employees,bkeepers,2015-04-08T20:59:13Z,0,1,1
189,1,2,0,Volunteers,lucaswerkmeister,2015-04-08T19:35:52Z,1,1,1
188,1,2,0,Volunteers,fj,2015-04-08T21:02:08Z,1,1,1
187,1,1,0,Employees,leereilly,2015-04-08T18:16:30Z,2,2,1
186,4,6,0,Volunteers,chrissiebrodigan,2015-04-08T16:49:52Z,13,10,4
185,2,1,0,Employees,technoweenie,2015-04-15T12:49:19Z,9,7,3
184,4,1,0,Employees,leereilly,2015-04-07T16:47:53Z,7,7,4
183,7,0,0,Employees,technoweenie,2015-04-08T03:37:19Z,199,59,12
181,5,3,0,Employees,bkeepers,2015-04-08T20:34:11Z,16,6,7
180,3,2,0,Employees,technoweenie,2015-03-22T16:11:13Z,19,15,5
176,2,0,0,Employees,technoweenie,2015-03-19T17:43:47Z,280,143,5
175,13,3,0,Employees,technoweenie,2015-03-05T21:46:48Z,176,81,19
174,13,17,8,Employees,technoweenie,2015-03-19T17:39:52Z,126,126,13
173,5,1,0,Employees,technoweenie,2015-03-05T18:30:40Z,205,75,8
168,2,1,0,Employees,technoweenie,2015-02-18T15:44:06Z,74,3,3
166,3,2,0,Employees,technoweenie,2015-02-17T19:55:26Z,153,46,6
165,5,0,0,Employees,technoweenie,2015-02-17T19:56:18Z,373,123,12
163,4,4,0,Employees,technoweenie,2015-02-17T16:39:32Z,267,95,12
162,3,1,0,Employees,technoweenie,2015-02-13T23:22:32Z,260,273,10
161,5,2,4,Employees,technoweenie,2015-02-13T16:40:17Z,415,410,16
160,9,1,0,Employees,technoweenie,2015-02-12T16:16:50Z,643,111,13
158,12,20,24,Employees,joshvera,2015-02-11T21:36:05Z,68,21,12
155,1,0,0,Employees,bkeepers,2015-02-03T18:12:43Z,2,4,2
154,1,4,0,Employees,technoweenie,2015-02-17T16:38:08Z,46,6,3
153,1,2,0,Employees,technoweenie,2015-02-02T16:09:29Z,18,6,3
152,1,6,0,Employees,technoweenie,2015-02-02T16:09:29Z,177,110,7
151,25,0,2,Employees,rubyist,2015-02-01T00:18:47Z,542,522,163
150,5,1,2,Employees,rubyist,2015-01-30T15:18:57Z,209,58,6
149,2,1,0,Volunteers,eanakashima,2015-01-16T16:33:25Z,3,6,2
147,1,0,0,Employees,leereilly,2015-01-12T19:51:35Z,1,1,1
146,1,0,0,Employees,mhagger,2015-01-12T14:29:44Z,2,2,2
145,2,0,0,Employees,technoweenie,2015-01-12T00:53:46Z,59,40,4
140,11,16,15,Employees,technoweenie,2015-01-30T15:20:53Z,404,259,11
139,1,0,0,Employees,rubyist,2015-01-30T15:19:51Z,4,4,2
137,14,12,1,Employees,rubyist,2014-10-29T14:17:07Z,457,138,30
136,2,1,5,Employees,rubyist,2014-10-20T22:03:09Z,20,289,10
134,1,8,0,Employees,rubyist,2014-10-06T22:52:54Z,10,21,2
132,2,0,0,Employees,rubyist,2014-10-02T20:29:37Z,3,1,2
130,26,11,9,Employees,rubyist,2014-10-13T15:33:15Z,892,423,54
129,3,1,0,Employees,rubyist,2014-10-01T20:11:50Z,7,2,3
122,37,20,0,Employees,rubyist,2014-10-01T14:52:28Z,1119,1620,101
120,3,5,0,Employees,rubyist,2014-09-15T22:55:16Z,15,22,5
119,1,1,0,Employees,rubyist,2014-09-15T15:30:02Z,2,0,1
118,2,1,0,Employees,rubyist,2014-09-15T14:56:02Z,27,24,2
115,1,1,0,Employees,technoweenie,2014-09-09T17:24:34Z,11,3,1
114,3,6,0,Employees,technoweenie,2014-09-09T17:24:38Z,32,14,8
113,4,0,0,Employees,technoweenie,2014-09-08T16:04:31Z,194,34,9
112,2,0,1,Employees,rubyist,2014-09-05T17:28:56Z,22,3,3
111,1,2,3,Employees,shiftkey,2014-09-03T22:39:08Z,2,1,1
106,1,0,0,Employees,rubyist,2014-08-19T21:49:01Z,1,1,1
105,3,0,0,Employees,technoweenie,2014-08-18T20:30:59Z,428,175,10
101,3,0,0,Employees,technoweenie,2014-08-18T16:20:24Z,117,540,15
100,3,9,0,Employees,technoweenie,2014-08-18T16:21:20Z,28,21,6
98,19,2,0,Employees,technoweenie,2014-08-08T22:19:26Z,291,145,31
97,18,13,2,Employees,technoweenie,2014-08-07T19:50:23Z,420,150,44
96,1,0,0,Employees,technoweenie,2014-08-06T20:43:56Z,9,0,2
94,17,21,0,Employees,technoweenie,2014-08-05T16:44:55Z,329,128,22
93,5,2,0,Employees,technoweenie,2014-07-25T22:44:11Z,78,11,7
91,4,0,0,Employees,technoweenie,2014-07-24T20:14:41Z,24,2,13
87,12,3,3,Employees,technoweenie,2014-07-25T17:33:44Z,5934,957,90
84,20,2,3,Employees,technoweenie,2014-07-24T18:05:46Z,3918,312,43
81,2,2,0,Employees,skalnik,2014-07-24T18:06:03Z,6,6,2
80,4,1,0,Employees,technoweenie,2014-06-25T17:20:29Z,11,53,8
79,2,1,0,Employees,rubyist,2014-06-24T15:04:47Z,14,4,2
78,3,5,3,Employees,rubiojr,2014-06-16T15:02:09Z,46,3,3
77,2,2,0,Employees,rubiojr,2014-06-14T15:43:12Z,2,2,2
76,7,3,3,Employees,rubyist,2014-06-16T16:52:26Z,83,54,13
72,1,1,0,Employees,technoweenie,2014-06-12T17:37:17Z,5,4,2
71,2,0,0,Employees,technoweenie,2014-06-05T23:18:32Z,120,13,40
70,1,0,0,Employees,technoweenie,2014-06-05T21:46:21Z,323,0,13
69,18,0,0,Employees,technoweenie,2014-06-09T13:38:57Z,1184,793,109
68,4,0,4,Employees,technoweenie,2014-06-05T21:26:57Z,249,225,28
67,1,0,0,Employees,technoweenie,2014-06-05T17:26:58Z,26,0,2
66,1,0,0,Employees,technoweenie,2014-06-05T17:20:11Z,8,22,3
65,2,0,3,Employees,technoweenie,2014-06-05T14:51:51Z,65,8,10
64,2,0,0,Employees,technoweenie,2014-06-04T18:27:04Z,129,106,46
63,11,0,1,Employees,rubyist,2014-06-09T13:39:15Z,1125,691,110
62,1,0,0,Employees,rubyist,2014-06-04T16:04:27Z,44,2,3
61,7,3,3,Employees,rubyist,2014-06-04T13:27:09Z,173,106,14
59,7,1,2,Employees,rubyist,2014-06-03T18:37:06Z,271,151,50
58,9,2,0,Employees,technoweenie,2014-06-03T18:32:12Z,174,2,22
